IJ	0	02:30:10.830	Core 01	2026.07.01 00:00:00   [AdaptiveSurvivalEA][BRAIN_UPDATE] schema=B05T1 h=1782856800 d=[2,3624,1,1370,998,10000,13088,1139,3624] m=[3,3315,0,0,-520,1,0,1824,5476,6667,-143,143,897,-897,3315,174947,197586,-22639] v=[0,5356,3,4009,1,1,13,12,10712,12,10,0,2027,13,9,0,4511,7,4,0,7209,1139,1006,1320,13088,10828,2087,4524,1139,0,3431,4009,411] p=[2,0,2,0,3,0,3315,1,0,0,0,0,3,4009,1,3,0] sig=B05D2:4BBEFDF05B260CAF end=1
LK	0	02:30:10.830	Core 01	2026.07.01 00:00:00   [AdaptiveSurvivalEA][BRAIN_UPDATE] schema=B05T1 h=1782860400 d=[2,1710,1,527,669,0,11687,995,1710] m=[0,6169,2855,2855,-2263,1,0,5603,8974,9231,-1105,1100,3426,-3426,6169,188777,174947,13830] v=[0,5319,3,924,1,1,12,12,10638,12,10,0,2360,13,8,0,4923,7,4,0,8442,995,488,10000,11687,5127,10000,1026,995,0,7145,924,557] p=[2,0,2,0,0,0,6169,1,0,2,0,0,3,924,1,2,1] sig=B05D2:54D6C45D76B9056D end=1
HD	0	02:30:10.830	Core 01	2026.07.01 01:00:00   [AdaptiveSurvivalEA][BRAIN_UPDATE] schema=B05T1 h=1782864000 d=[2,1596,1,-332,321,0,16731,1447,1596] m=[0,5588,-581,-581,-5738,1,0,2871,6140,8070,-2690,2627,8848,-8848,5588,220783,188777,32005] v=[0,5201,2,5855,1,1,12,12,10401,12,9,0,2798,12,8,0,5058,7,4,0,7100,1447,832,7383,16731,9877,6939,3860,1447,0,5855,3301,783] p=[2,0,2,0,0,1,5588,1,0,2,0,0,2,5855,1,2,0] sig=B05D2:71F70944E38233EB end=1
HI	0	02:30:10.830	Core 01	2026.07.01 02:00:00   [AdaptiveSurvivalEA][BRAIN_UPDATE] schema=B05T1 h=1782867600 d=[2,-204,1,-1054,24,-10000,16849,1366,-204] m=[0,6408,819,819,-5879,1,0,4690,7714,7714,-2970,2886,8872,-8872,6408,265571,220783,44789] v=[0,4922,2,3136,1,1,12,12,9843,12,9,0,3200,12,8,0,4747,7,4,0,7735,1366,2294,0,16849,25812,0,2286,1366,0,3136,1973,1024] p=[2,0,2,0,0,0,6408,1,0,2,0,0,2,3136,1,2,0] sig=B05D2:1728BB593BEC43CD end=1
KH	0	02:30:10.830	Core 01	2026.07.01 03:00:00   [AdaptiveSurvivalEA][BRAIN_UPDATE] schema=B05T1 h=1782871200 d=[2,-1559,1,-1376,-127,-10000,2388,208,-1559] m=[0,3609,-2798,-2798,-5901,1,0,1102,2182,5091,-3123,3026,8776,-8776,3609,304388,265571,38817] v=[0,4661,2,2205,1,1,11,12,9323,12,9,0,3439,12,9,0,2800,6,5,0,2956,208,186,1168,2388,2240,663,7818,208,0,2205,7656,1183] p=[2,0,2,0,0,1,3609,1,0,2,0,0,2,2205,1,3,1] sig=B05D2:AFA348E2E3457A88 end=1
LI	0	02:30:10.830	Core 01	2026.07.01 04:00:00   [AdaptiveSurvivalEA][BRAIN_UPDATE] schema=B05T1 h=1782874800 d=[2,-1116,1,-1295,-127,-10000,5348,458,-1116] m=[3,3767,158,158,-5826,1,0,1241,1940,6119,-3056,2964,8689,-8689,3767,340993,304388,36605] v=[0,4492,3,7690,1,1,10,12,8984,12,9,0,3638,11,9,0,2536,6,5,0,2598,458,1042,0,5348,12003,0,8060,458,0,1755,7690,1324] p=[2,0,2,0,3,0,3767,1,0,2,0,0,3,7690,1,3,0] sig=B05D2:5D0DA848145ED891 end=1
DO	0	02:30:10.830	Core 01	2026.07.01 05:00:00   [AdaptiveSurvivalEA][BRAIN_UPDATE] schema=B05T1 h=1782878400 d=[2,1255,1,-1184,-13,0,18633,1219,1255] m=[2,4618,851,851,-2130,1,0,5162,5000,7195,-1234,1228,3032,-3032,4618,351268,340993,10275] v=[0,3421,3,4390,1,1,8,12,6842,12,9,0,3609,11,9,0,1632,6,5,0,2710,1219,930,3109,18633,9644,9321,5000,1219,0,4076,4390,1302] p=[2,0,2,0,2,0,4618,1,0,2,0,0,3,4390,1,3,0] sig=B05D2:A59621CE928E6735 end=1
PH	0	02:30:10.830	Core 01	2026.07.01 06:00:00   [AdaptiveSurvivalEA][BRAIN_UPDATE] schema=B05T1 h=1782882000 d=[2,-388,1,-990,82,-10000,12636,731,-388] m=[4,3553,-1066,-1066,-1848,1,0,3733,3377,6104,-1149,1144,2552,-2552,3553,360173,351268,8905] v=[0,3014,3,6139,1,1,7,12,6029,12,9,0,3518,11,9,0,1678,6,5,0,3126,731,1382,0,12636,13279,0,6623,731,0,1664,6139,1237] p=[2,0,2,0,4,0,3553,1,0,2,0,0,3,6139,1,3,0] sig=B05D2:EECB78C77A3BB5A end=1
DQ	0	02:30:10.830	Core 01	2026.07.01 07:00:00   [AdaptiveSurvivalEA][BRAIN_UPDATE] schema=B05T1 h=1782885600 d=[2,-1761,1,-1577,-218,-10000,1663,101,-1761] m=[3,3391,-162,-162,-708,1,0,4020,3053,7053,-416,416,1000,-1000,3391,376921,360173,16749] v=[0,3135,3,6877,1,1,7,12,6270,12,9,0,3468,11,9,0,2254,6,4,0,3983,101,2335,0,1663,20058,0,6947,101,0,1941,6877,1203] p=[2,0,2,0,3,0,3391,1,0,2,0,0,3,6877,1,3,0] sig=B05D2:DC9DD51E3E676A47 end=1
IF	0	02:30:10.830	Core 01	2026.07.01 08:00:00   [AdaptiveSurvivalEA][BRAIN_UPDATE] schema=B05T1 h=1782889200 d=[2,-766,1,-1864,-399,-10000,12274,822,-766] m=[4,1339,-2052,-2052,-1850,1,0,1079,734,1651,-944,941,2759,-2759,1339,407573,376921,30651] v=[0,3232,3,8504,1,1,7,11,6463,12,9,0,3328,10,9,0,1415,6,5,0,1991,822,3319,0,12274,28279,0,9266,822,0,1347,8504,1107] p=[2,0,2,0,4,0,1339,1,0,2,0,0,3,8504,1,3,0] sig=B05D2:9182F75E1C780A31 end=1
NM	0	02:30:10.830	Core 01	2026.07.01 09:00:00   [AdaptiveSurvivalEA][BRAIN_UPDATE] schema=B05T1 h=1782892800 d=[2,-2274,1,-2463,-709,-10000,795,53,-2274] m=[2,5617,4278,4278,-3368,1,0,7152,5455,7273,-2013,1986,4750,-4750,5617,434137,407573,26564] v=[0,3298,3,4521,1,1,8,11,6595,12,9,0,3087,10,10,0,777,6,5,0,2134,53,3232,0,795,25849,0,4545,53,0,1199,4521,953] p=[2,0,2,0,2,0,5617,1,0,2,0,0,3,4521,1,3,0] sig=B05D2:51F6598B8C0D0477 end=1
HK	0	02:30:10.830	Core 01	2026.07.01 10:00:00   [AdaptiveSurvivalEA][BRAIN_UPDATE] schema=B05T1 h=1782896400 d=[2,-4281,1,-3898,-1376,-10000,-11303,-726,-4281] m=[0,7796,2179,2179,-7384,1,0,10917,5944,7972,-5189,4768,10000,-10000,7796,469134,434137,34997] v=[0,3404,3,3761,1,1,8,11,6808,12,9,0,2803,10,10,0,561,6,5,0,2977,726,3246,0,11303,24961,0,4056,726,0,1268,3761,785] p=[2,0,2,0,0,0,7796,1,0,2,0,0,3,3761,1,3,0] sig=B05D2:8E1876A7620909C end=1
EQ	0	02:30:10.830	Core 01	2026.07.01 11:00:00   [AdaptiveSurvivalEA][BRAIN_UPDATE] schema=B05T1 h=1782900000 d=[1,-4757,1,-3145,-1173,-10000,-42132,-3684,-4757] m=[1,6643,-1153,-1153,-2321,1,0,12038,7092,8369,-1830,1810,2832,-2832,6643,493445,469134,24311] v=[0,3632,3,1837,1,1,8,11,7265,11,9,0,2239,9,12,2455,0,5,6,2651,0,3684,598,10000,42132,5236,10000,2908,3684,1702,4448,1837,502] p=[1,0,2,0,1,0,6643,1,0,2,0,0,3,1837,1,2,1] sig=B05D2:307CBD682E1CC515 end=1
FN	0	02:30:10.830	Core 01	2026.07.01 12:00:00   [AdaptiveSurvivalEA][BRAIN_UPDATE] schema=B05T1 h=1782903600 d=[1,-4642,1,-2887,-1147,-10000,-35084,-3443,-4642] m=[0,7779,1136,1136,-4134,1,0,13699,8662,9366,-3787,3616,4652,-4652,7779,516762,493445,23317] v=[0,3925,2,4329,1,1,9,11,7850,11,9,0,1644,9,13,3241,0,5,7,3666,0,3443,588,10000,35084,5613,10000,1338,3443,2302,4329,877,270] p=[1,1,2,0,0,0,7779,1,0,2,0,0,2,4329,1,2,0] sig=B05D2:8A0C3E0B053869B3 end=1
PG	0	02:30:10.830	Core 01	2026.07.01 13:00:00   [AdaptiveSurvivalEA][BRAIN_UPDATE] schema=B05T1 h=1782907200 d=[1,-5492,1,-4899,-2041,-10000,-42847,-4175,-5492] m=[1,7971,192,192,-5788,1,0,14648,7737,9000,-6158,5482,6094,-6094,7971,550347,516762,33585] v=[0,4382,2,4211,1,1,10,11,8764,11,10,0,1053,9,13,2737,0,5,7,2916,0,4175,673,10000,42847,6448,10000,2263,4175,1884,4211,1318,111] p=[1,2,2,0,1,0,7971,1,0,2,0,0,2,4211,1,2,0] sig=B05D2:C0D921B663F8D4CD end=1
MD	0	02:30:10.830	Core 01	2026.07.01 14:00:00   [AdaptiveSurvivalEA][BRAIN_UPDATE] schema=B05T1 h=1782910800 d=[2,-4351,1,-2675,-1206,-10000,-19814,-2157,-4351] m=[1,5110,-2861,-2861,-148,1,0,18743,4871,6740,-153,153,142,-142,5110,539827,550347,-10520] v=[0,5688,2,4123,1,1,13,11,11377,11,10,0,613,11,13,1201,0,6,8,2115,0,2157,179,10000,19814,1796,10000,5129,2157,1105,4123,4023,38] p=[2,0,2,0,1,1,5110,1,0,2,0,0,2,4123,1,2,0] sig=B05D2:84B8C8A89DE06E3F end=1
GL	0	02:30:10.830	Core 01	2026.07.01 15:00:00   [AdaptiveSurvivalEA][BRAIN_UPDATE] schema=B05T1 h=1782914400 d=[2,-3513,1,-600,-397,-10000,-17809,-2111,-3513] m=[4,1364,-3746,-3746,1118,1,0,0,0,5144,1060,1056,1179,1179,1364,530710,539827,-9117] v=[0,6135,2,4045,1,1,14,12,12270,11,10,0,227,12,13,866,0,6,8,2222,0,2111,284,10000,17809,2890,10000,10000,2111,1029,4045,7889,5] p=[2,0,2,0,4,0,1364,1,0,2,0,0,2,4045,1,3,1] sig=B05D2:2DFE3E94FE5FCC25 end=1
NL	0	02:30:10.830	Core 01	2026.07.01 16:00:00   [AdaptiveSurvivalEA][BRAIN_UPDATE] schema=B05T1 h=1782918000 d=[2,-4047,1,-1265,-671,-10000,-28618,-3413,-4047] m=[2,5617,4252,4252,-2043,1,0,7726,6647,7052,-1881,1859,2227,-2227,5617,532416,530710,1706] v=[0,6430,2,4000,1,1,15,12,12859,11,11,114,0,12,13,794,0,6,8,1877,0,3413,487,10000,28618,4962,10000,3353,3413,928,4000,2208,0] p=[2,0,2,0,2,0,5617,1,0,2,0,0,2,4000,1,2,0] sig=B05D2:A399D51246559EC end=1
II	0	02:30:10.830	Core 01	2026.07.01 17:00:00   [AdaptiveSurvivalEA][BRAIN_UPDATE] schema=B05T1 h=1782921600 d=[2,-4264,1,-1897,-947,-10000,-25279,-3229,-4264] m=[4,2381,-3235,-3235,-533,1,0,1096,1197,8239,-439,438,629,-629,2381,533895,532416,1479] v=[0,6679,2,4000,1,1,16,12,13358,11,11,315,0,13,13,469,0,6,8,2171,0,3229,338,10000,25279,3726,10000,8803,3229,985,4000,5960,0] p=[2,0,2,0,4,0,2381,1,0,2,0,0,2,4000,1,3,1] sig=B05D2:473BE4DEE01A45C6 end=1
CE	0	02:30:10.830	Core 01	2026.07.01 18:00:00   [AdaptiveSurvivalEA][BRAIN_UPDATE] schema=B05T1 h=1782925200 d=[2,-4302,1,-1886,-980,-10000,-26737,-3416,-4302] m=[3,2702,321,321,1926,1,0,902,2029,6957,1276,1269,2583,2583,2702,538772,533895,4877] v=[0,6673,3,5248,1,1,16,12,13346,11,11,451,0,13,13,0,0,6,7,1543,0,3416,1279,10000,26737,13628,9620,7971,3416,665,3924,5248,0] p=[2,0,2,0,3,0,2702,1,0,2,0,0,3,5248,1,3,0] sig=B05D2:8C661DDAED63CA13 end=1
NG	0	02:30:10.830	Core 01	2026.07.01 19:00:00   [AdaptiveSurvivalEA][BRAIN_UPDATE] schema=B05T1 h=1782928800 d=[2,-4287,1,-1860,-1005,-10000,-25983,-3344,-4287] m=[3,3196,494,494,-6007,1,0,776,1600,4000,-2042,2015,10000,-10000,3196,555601,538772,16829] v=[0,6645,3,5591,1,1,15,12,13290,11,12,524,0,13,13,0,158,6,7,1718,0,3344,1139,10000,25983,13088,9853,8400,3344,748,4002,5591,0] p=[2,0,2,0,3,0,3196,1,0,2,0,0,3,5591,1,3,0] sig=B05D2:A4CD83D05A0C2A41 end=1
CG	0	02:30:10.830	Core 01	2026.07.01 20:00:00   [AdaptiveSurvivalEA][BRAIN_UPDATE] schema=B05T1 h=1782932400 d=[2,-4223,1,-1847,-1038,-10000,-22458,-2995,-4223] m=[3,3827,631,631,-6086,1,0,657,2326,6279,-2206,2171,10000,-10000,3827,570186,555601,14585] v=[0,6536,3,5376,1,1,15,12,13072,11,12,605,0,13,13,0,36,6,7,2234,0,2995,995,10000,22458,11687,9217,7674,2995,946,3850,5376,0] p=[2,0,2,0,3,0,3827,1,0,2,0,0,3,5376,1,3,0] sig=B05D2:BC3675A7FF15FC8A end=1
MM	0	02:30:10.830	Core 01	2026.07.01 21:00:30   [AdaptiveSurvivalEA][BRAIN_UPDATE] schema=B05T1 h=1782936000 d=[2,-4220,1,-1874,-1086,-10000,-21662,-2883,-4220] m=[4,3324,-503,-503,-5447,1,0,936,2456,4211,-896,894,10000,-10000,3324,594748,570186,24562] v=[0,6418,3,5369,1,1,15,12,12836,11,12,693,0,13,12,0,217,6,7,2058,0,2883,1447,9924,21662,16731,2947,7544,2883,917,2618,5369,0] p=[2,0,2,0,4,0,3324,1,0,2,0,0,3,5369,1,3,0] sig=B05D2:B8015BA4E4A6C487 end=1
MG	0	02:30:10.830	Core 01	2026.07.01 22:00:00   [AdaptiveSurvivalEA][BRAIN_UPDATE] schema=B05T1 h=1782939600 d=[2,-4075,1,-1784,-1093,-10000,-17812,-2373,-4075] m=[3,3920,596,596,-3232,1,0,832,3429,9429,-527,526,5937,-5937,3920,616036,594748,21287] v=[0,6192,3,5012,1,1,14,12,12383,11,12,741,0,13,12,0,220,5,7,2399,0,2373,1366,7370,17812,16849,572,6571,2373,1047,1632,5012,0] p=[2,0,2,0,3,0,3920,1,0,2,0,0,3,5012,1,3,0] sig=B05D2:661183CDF43E1995 end=1
OL	0	02:30:10.830	Core 01	2026.07.01 23:00:00   [AdaptiveSurvivalEA][BRAIN_UPDATE] schema=B05T1 h=1782943200 d=[2,-4022,1,-1551,-1038,-10000,-18983,-2454,-4022] m=[4,2626,-1295,-1295,-1979,1,0,360,1923,7308,-273,273,3684,-3684,2626,590879,616036,-25156] v=[0,5973,3,6095,1,1,14,12,11946,11,12,725,0,12,12,0,747,5,6,1433,0,2454,208,10000,18983,2388,10000,8077,2454,719,4149,6095,0] p=[2,0,2,0,4,0,2626,1,0,2,0,0,3,6095,1,3,0] sig=B05D2:487BD7C9E2B309FC end=1
IE	0	02:30:10.830	Core 01	2026.07.02 00:00:00   [AdaptiveSurvivalEA][BRAIN_UPDATE] schema=B05T1 h=1782946800 d=[2,-4062,1,-1571,-1095,-10000,-20493,-2475,-4062] m=[2,4313,1688,1688,-2169,1,0,1151,7500,7500,-338,338,4000,-4000,4313,571154,590879,-19725] v=[0,5606,3,1881,1,1,13,12,11212,12,12,699,0,12,11,0,800,5,6,1191,0,2475,458,10000,20493,5348,10000,2500,2475,630,4160,1881,0] p=[2,0,2,0,2,0,4313,1,0,2,0,0,3,1881,1,2,1] sig=B05D2:50D6D305C5527736 end=1
QF	0	02:30:10.830	Core 01	2026.07.02 01:00:00   [AdaptiveSurvivalEA][BRAIN_UPDATE] schema=B05T1 h=1782950400 d=[2,-4225,1,-1664,-1168,-10000,-25368,-3053,-4225] m=[4,2857,-1456,-1456,-2231,1,0,872,1325,8193,-365,365,4098,-4098,2857,507679,571154,-63475] v=[0,5437,3,6026,1,1,13,12,10874,12,12,463,0,12,11,0,1178,5,6,1388,0,3053,1219,10000,25368,18633,3615,8675,3053,617,2958,6026,0] p=[2,0,2,0,4,0,2857,1,0,2,0,0,3,6026,1,3,0] sig=B05D2:5C11F23ACE006387 end=1
PM	0	02:30:10.830	Core 01	2026.07.02 02:00:00   [AdaptiveSurvivalEA][BRAIN_UPDATE] schema=B05T1 h=1782954000 d=[2,-3916,1,-1245,-1028,-10000,-19953,-2283,-3916] m=[2,4199,1341,1341,2567,1,0,4072,5263,5474,668,667,4468,4468,4199,445762,507679,-61917] v=[0,5301,3,3655,1,1,12,12,10601,12,12,146,0,12,11,0,1349,5,6,1124,0,2283,731,10000,19953,12636,5791,4737,2283,423,3428,3655,0] p=[2,0,2,0,2,0,4199,1,0,2,0,0,3,3655,1,3,0] sig=B05D2:A30D01800B9FC6F3 end=1
DQ	0	02:30:10.830	Core 01	2026.07.02 03:00:00   [AdaptiveSurvivalEA][BRAIN_UPDATE] schema=B05T1 h=1782957600 d=[2,-3651,1,-725,-860,-10000,-18166,-1977,-3651] m=[4,1490,-2709,-2709,2401,1,0,699,1081,1622,646,645,4157,4157,1490,413552,445762,-32210] v=[0,4952,3,7155,1,1,11,12,9904,12,12,0,135,12,11,0,1273,5,6,1167,0,1977,101,10000,18166,1663,10000,8919,1977,389,4282,7155,2] p=[2,0,2,0,4,0,1490,1,0,2,0,0,3,7155,1,3,0] sig=B05D2:AEFAB96892210B84 end=1
KI	0	02:30:10.830	Core 01	2026.07.02 04:00:00   [AdaptiveSurvivalEA][BRAIN_UPDATE] schema=B05T1 h=1782961200 d=[2,-3778,1,-807,-1105,-10000,-24121,-1904,-3778] m=[3,2421,931,931,2352,1,0,242,364,7818,824,822,3882,3882,2421,367290,413552,-46263] v=[0,3584,3,7801,1,1,8,12,7168,12,12,0,311,12,10,0,1316,5,6,572,0,1904,822,10000,24121,12274,9653,9636,1904,191,4256,7801,10] p=[2,0,2,0,3,0,2421,1,0,2,0,0,3,7801,1,3,0] sig=B05D2:332D193F54AF9183 end=1
QR	0	02:30:10.830	Core 01	2026.07.02 05:00:00   [AdaptiveSurvivalEA][BRAIN_UPDATE] schema=B05T1 h=1782964800 d=[2,-1778,1,-241,-971,0,-13750,-958,-1778] m=[0,6363,3942,3942,5299,1,0,6111,7213,7213,2583,2527,8070,8070,6363,348755,367290,-18534] v=[0,3142,3,2520,1,1,7,11,6285,12,12,0,470,12,10,0,1374,5,6,861,0,958,53,10000,13750,795,10000,2787,958,287,4369,2520,22] p=[2,0,2,0,0,0,6363,1,0,2,0,0,3,2520,1,2,1] sig=B05D2:F2C856C51D055ED4 end=1
EE	0	02:30:10.830	Core 01	2026.07.02 06:00:00   [AdaptiveSurvivalEA][BRAIN_UPDATE] schema=B05T1 h=1782968400 d=[2,-733,1,228,-844,0,-3863,-261,-733] m=[0,3390,-2973,-2973,5341,1,0,1854,1690,4507,2843,2769,7913,7913,3390,326522,348755,-22233] v=[0,2839,3,8093,1,1,6,11,5679,12,12,0,603,11,10,0,927,5,6,2053,0,261,726,0,3863,11303,0,8310,261,684,306,8093,36] p=[2,0,2,0,0,1,3390,1,0,2,0,0,3,8093,1,3,0] sig=B05D2:3B1C5015189414D end=1
LQ	0	02:30:10.830	Core 01	2026.07.02 07:00:00   [AdaptiveSurvivalEA][BRAIN_UPDATE] schema=B05T1 h=1782972000 d=[2,1039,1,1288,-321,10000,-5142,-369,1039] m=[0,6441,3051,3051,6048,1,0,12928,4656,4815,3820,3644,8452,8452,6441,336356,326522,9834] v=[0,2998,3,5147,1,1,7,11,5996,12,11,0,828,12,9,0,3012,5,5,0,43,369,3684,0,5142,42132,0,5344,369,0,777,5147,69] p=[2,0,2,0,0,0,6441,1,0,2,0,0,3,5147,1,3,0] sig=B05D2:55D63F7EB95A5F19 end=1
QF	0	02:30:10.830	Core 01	2026.07.02 08:00:00   [AdaptiveSurvivalEA][BRAIN_UPDATE] schema=B05T1 h=1782975600 d=[3,4642,1,3804,864,10000,28916,2309,4642] m=[0,8351,1909,1909,7469,1,0,17140,7043,9247,6621,5797,9140,9140,8351,351900,336356,15544] v=[0,3375,3,2274,1,1,8,11,6749,12,11,0,1062,12,9,0,3820,5,5,0,496,2309,3443,0,28916,35084,0,2957,2309,0,1076,2274,113] p=[3,0,2,0,0,0,8351,1,0,2,0,0,3,2274,1,3,0] sig=B05D2:2CBC32DF78AF92 end=1
NM	0	02:30:10.830	Core 01	2026.07.02 09:00:00   [AdaptiveSurvivalEA][BRAIN_UPDATE] schema=B05T1 h=1782979200 d=[3,5944,1,6230,2014,10000,60351,5251,5944] m=[0,9047,697,697,8341,1,0,15364,8681,9375,9243,7279,9403,9403,9047,383240,351900,31340] v=[0,3597,3,627,1,1,8,11,7194,12,11,0,1232,12,9,0,2590,5,5,909,0,5251,4175,2579,60351,42847,4085,1319,5251,303,2097,627,152] p=[3,1,2,0,0,0,9047,1,0,2,0,0,3,627,1,0,1] sig=B05D2:9E6822B2F00456 end=1
JJ	0	02:30:10.830	Core 01	2026.07.02 10:00:00   [AdaptiveSurvivalEA][BRAIN_UPDATE] schema=B05T1 h=1782982800 d=[3,5131,1,5501,1904,10000,16322,1793,5131] m=[1,7887,-1161,-1161,4936,1,0,11609,8279,9180,5310,4862,5011,5011,7887,410401,383240,27161] v=[0,3848,3,1413,1,1,9,11,7697,12,11,0,1130,10,11,1454,0,4,6,3412,0,1793,2157,0,16322,19814,0,1721,1793,1622,226,1413,128] p=[3,2,2,0,1,0,7887,1,0,2,0,0,3,1413,1,3,0] sig=B05D2:78B4A524B1AB47F end=1
JR	0	02:30:10.830	Core 01	2026.07.02 11:00:00   [AdaptiveSurvivalEA][BRAIN_UPDATE] schema=B05T1 h=1782986400 d=[3,4638,1,3855,1372,10000,17219,1920,4638] m=[1,3925,-3961,-3961,5313,1,0,1013,1084,9036,5672,5133,5492,5492,3925,388822,410401,-21580] v=[0,3931,3,7204,1,1,9,11,7862,12,11,0,920,9,12,2437,0,4,6,3280,0,1920,2111,0,17219,17809,0,8916,1920,1906,184,7204,85] p=[3,2,2,0,1,1,3925,1,0,2,0,0,3,7204,1,3,0] sig=B05D2:E7193CC6848977A4 end=1
PL	0	02:30:10.830	Core 01	2026.07.02 12:00:00   [AdaptiveSurvivalEA][BRAIN_UPDATE] schema=B05T1 h=1782990000 d=[2,4375,1,2641,979,10000,20844,2684,4375] m=[2,5055,1130,1130,2090,1,0,6948,4752,7518,2012,1985,2194,2194,5055,377653,388822,-11168] v=[0,4266,3,3840,1,1,10,11,8532,11,11,0,674,9,12,2763,0,4,6,3966,0,2684,3413,0,20844,28618,0,5248,2684,2243,135,3840,45] p=[2,0,2,0,2,0,5055,1,0,2,0,0,3,3840,1,3,0] sig=B05D2:26CF7E5DD56234D end=1
QI	0	02:30:10.830	Core 01	2026.07.02 13:00:00   [AdaptiveSurvivalEA][BRAIN_UPDATE] schema=B05T1 h=1782993600 d=[3,5445,1,4130,1672,10000,46110,5721,5445] m=[0,7127,2071,2071,5464,1,0,31742,6161,7237,5894,5295,5633,5633,7127,388670,377653,11017] v=[0,6595,3,1643,1,1,15,11,13191,11,11,0,571,12,13,480,0,6,6,25,0,5721,3229,7719,46110,25279,8241,3839,5721,168,3306,1643,33] p=[3,0,2,0,0,0,7127,1,0,2,0,0,3,1643,1,0,1] sig=B05D2:D7BA695F73924BA2 end=1
GH	0	02:30:10.830	Core 01	2026.07.02 14:00:00   [AdaptiveSurvivalEA][BRAIN_UPDATE] schema=B05T1 h=1782997200 d=[3,6176,1,6257,2640,10000,43336,5774,6176] m=[0,2017,-5110,-5110,4155,1,0,375,359,2934,3872,3689,4620,4620,2017,398219,388670,9548] v=[1,7027,0,5774,1,1,16,11,14055,11,11,0,491,12,13,173,0,6,6,116,0,5774,3416,6904,43336,26737,6208,9641,5774,96,2721,4074,24] p=[3,1,2,0,0,1,2017,1,1,0,1,0,0,5774,1,0,0] sig=B05D2:59A3B7D63D32BE54 end=1
DJ	0	02:30:10.830	Core 01	2026.07.02 15:00:00   [AdaptiveSurvivalEA][BRAIN_UPDATE] schema=B05T1 h=1783000800 d=[3,5658,1,4867,2196,10000,37256,5096,5658] m=[2,4244,2227,2227,4642,1,0,3958,2764,5854,3993,3794,5491,5491,4244,392013,398219,-6205] v=[1,7499,0,5096,1,1,17,11,14998,11,11,0,432,13,13,0,365,6,6,0,442,5096,3344,5236,37256,25983,4338,7236,5096,0,2163,3549,19] p=[3,2,2,0,2,0,4244,1,1,1,1,0,0,5096,1,0,0] sig=B05D2:82E85105470EEFB end=1
KF	0	02:30:10.830	Core 01	2026.07.02 16:00:00   [AdaptiveSurvivalEA][BRAIN_UPDATE] schema=B05T1 h=1783004400 d=[3,5498,1,4219,2033,10000,39751,5344,5498] m=[2,4261,17,17,4844,1,0,1860,3232,7677,4254,4015,5672,5672,4261,386636,392013,-5378] v=[1,7475,0,5344,1,1,17,12,14949,11,11,0,392,14,13,0,728,6,6,0,1184,5344,2995,7844,39751,22458,7700,6768,5344,0,3570,3151,15] p=[3,2,2,0,2,0,4261,1,1,2,1,0,0,5344,1,0,0] sig=B05D2:E51389405542E9D end=1
DM	0	02:30:10.830	Core 01	2026.07.02 17:00:00   [AdaptiveSurvivalEA][BRAIN_UPDATE] schema=B05T1 h=1783008000 d=[3,5088,1,3401,1773,10000,34418,4462,5088] m=[0,6139,1877,1877,4321,1,0,5509,7462,8000,3817,3642,5000,5000,6139,355969,386636,-30666] v=[1,7622,0,4462,1,1,18,12,15245,12,11,0,382,14,13,0,1016,7,6,0,2136,4462,2883,5481,34418,21662,5889,2538,4462,0,2981,1406,15] p=[3,2,2,0,0,0,6139,1,1,2,1,0,0,4462,1,0,0] sig=B05D2:396C0D9E30782BB7 end=1
CI	0	02:30:10.830	Core 01	2026.07.02 18:00:00   [AdaptiveSurvivalEA][BRAIN_UPDATE] schema=B05T1 h=1783011600 d=[3,4505,1,2147,1314,10000,29209,3686,4505] m=[0,5886,-253,-253,-4902,1,0,3861,7667,7667,-2328,2287,7518,-7518,5886,327184,355969,-28785] v=[1,7712,0,3686,1,1,18,12,15425,12,11,0,401,14,13,0,1389,7,5,0,3138,3686,2373,5535,29209,17812,6398,2333,3686,0,3372,1473,16] p=[3,2,2,0,0,1,5886,1,1,2,1,0,0,3686,1,0,0] sig=B05D2:5CDF6CBAAD06E5B4 end=1
KE	0	02:30:10.830	Core 01	2026.07.02 19:00:00   [AdaptiveSurvivalEA][BRAIN_UPDATE] schema=B05T1 h=1783015200 d=[2,4336,1,1665,1146,10000,29913,3757,4336] m=[4,3177,-2709,-2709,-4071,1,0,1223,2857,4675,-2002,1975,6167,-6167,3177,302237,327184,-24947] v=[1,7750,0,3757,1,1,18,12,15500,12,11,0,441,15,12,0,1729,7,5,0,3383,3757,2454,5313,29913,18983,5758,7143,3757,0,3325,4459,19] p=[2,0,2,0,4,0,3177,1,1,2,1,0,0,3757,1,0,0] sig=B05D2:64395844A4F8C8DA end=1
QR	0	02:30:10.830	Core 01	2026.07.02 20:00:00   [AdaptiveSurvivalEA][BRAIN_UPDATE] schema=B05T1 h=1783018800 d=[2,4272,1,1510,1101,10000,29588,3709,4272] m=[3,2778,-399,-399,-3445,1,0,1110,2667,4000,-1466,1455,5436,-5436,2778,298442,302237,-3795] v=[1,7752,0,3709,1,1,18,12,15505,12,12,0,541,15,12,0,2182,7,5,0,3405,3709,2475,4989,29588,20493,4438,7333,3709,0,3111,4613,29] p=[2,0,2,0,3,0,2778,1,1,2,1,0,0,3709,1,0,0] sig=B05D2:22DA4DE5FAEE6A6D end=1
PF	0	02:30:10.830	Core 01	2026.07.02 21:00:00   [AdaptiveSurvivalEA][BRAIN_UPDATE] schema=B05T1 h=1783022400 d=[2,4304,1,1472,1128,10000,33319,3926,4304] m=[3,3960,1182,1182,-3771,1,0,1637,4516,6452,-1590,1577,5966,-5966,3960,274992,298442,-23449] v=[1,7364,0,3926,1,1,17,12,14727,12,12,0,523,15,12,0,2091,7,5,0,3954,3926,3053,2856,33319,25368,3134,5484,3926,0,2512,3331,27] p=[2,0,2,0,3,0,3960,1,1,2,1,0,0,3926,1,0,0] sig=B05D2:792CAF9F05235B08 end=1
KG	0	02:30:10.830	Core 01	2026.07.02 22:00:00   [AdaptiveSurvivalEA][BRAIN_UPDATE] schema=B05T1 h=1783026000 d=[2,4334,1,1594,1228,10000,32644,3722,4334] m=[4,2684,-1276,-1276,-1685,1,0,125,588,10000,-462,462,2908,-2908,2684,254670,274992,-20323] v=[0,6902,0,3722,1,1,16,12,13804,13,12,0,447,14,12,0,1752,7,5,0,3189,3722,2283,6303,32644,19953,6360,9412,3722,0,3610,5908,20] p=[2,0,2,0,4,0,2684,1,0,0,0,0,0,3722,1,3,1] sig=B05D2:7FFDB3A6877954AD end=1
EN	0	02:30:10.830	Core 01	2026.07.02 23:00:00   [AdaptiveSurvivalEA][BRAIN_UPDATE] schema=B05T1 h=1783029600 d=[2,4113,1,1210,1102,10000,30032,3232,4113] m=[2,4338,1654,1654,-872,1,0,3151,6282,8590,-219,219,1525,-1525,4338,254436,254670,-234] v=[0,6706,0,3232,1,1,16,12,13412,13,12,0,433,14,12,0,1871,7,5,0,3847,3232,1977,6346,30032,18166,6532,3718,3232,0,3806,2516,19] p=[2,0,2,0,2,0,4338,1,0,1,0,0,0,3232,1,0,0] sig=B05D2:5C4771C122ECD772 end=1
DJ	0	02:30:10.830	Core 01	2026.07.03 00:00:00   [AdaptiveSurvivalEA][BRAIN_UPDATE] schema=B05T1 h=1783033200 d=[2,2206,1,416,790,0,26287,2666,2206] m=[2,5951,1613,1613,-3868,1,0,4185,7442,9419,-1347,1339,6398,-6398,5951,280637,254436,26201] v=[0,6604,0,2666,1,1,15,12,13208,13,12,0,683,15,12,0,2271,8,5,0,4524,2666,1904,3999,26287,24121,898,2558,2666,0,2475,1876,47] p=[2,0,2,0,2,0,5951,1,0,2,0,0,0,2666,1,0,0] sig=B05D2:997DDCC996ACF52E end=1
RK	0	02:30:10.830	Core 01	2026.07.03 01:00:00   [AdaptiveSurvivalEA][BRAIN_UPDATE] schema=B05T1 h=1783036800 d=[2,3748,1,460,788,10000,28272,2827,3748] m=[2,5238,-713,-713,-134,1,0,5188,7921,9604,-39,39,228,-228,5238,307674,280637,27037] v=[0,6668,0,2827,1,1,15,12,13336,14,12,0,1031,15,12,0,2642,8,5,0,5015,2827,958,10000,28272,13750,10000,2079,2827,0,5738,1491,106] p=[2,0,2,0,2,0,5238,1,0,2,0,0,0,2827,1,2,1] sig=B05D2:474D3050FD72BF18 end=1
QG	0	02:30:10.830	Core 01	2026.07.03 02:00:00   [AdaptiveSurvivalEA][BRAIN_UPDATE] schema=B05T1 h=1783040400 d=[2,4153,1,1315,1126,10000,33383,3229,4153] m=[4,3500,-1738,-1738,942,1,0,4335,4589,4932,466,465,1418,1418,3500,268295,307674,-39379] v=[0,6688,2,6314,1,1,15,12,13376,14,12,0,1455,15,11,0,3376,8,5,0,6736,3229,261,10000,33383,3863,10000,5411,3229,0,6314,3664,212] p=[2,0,2,0,4,0,3500,1,0,2,0,0,2,6314,1,2,0] sig=B05D2:6F280990E5A00601 end=1
DL	0	02:30:10.830	Core 01	2026.07.03 03:00:00   [AdaptiveSurvivalEA][BRAIN_UPDATE] schema=B05T1 h=1783044000 d=[3,4675,1,2581,1926,10000,42670,2947,4675] m=[4,2711,-789,-789,1620,1,0,2454,2889,4444,1133,1128,2113,2113,2711,233014,268295,-35281] v=[0,4600,2,6129,1,1,11,12,9201,14,12,0,1681,15,12,0,2670,8,5,0,6292,2947,369,10000,42670,5142,10000,7111,2947,0,6129,5016,282] p=[3,0,2,0,4,0,2711,1,0,2,0,0,2,6129,1,2,0] sig=B05D2:C4761D573036745C end=1
ED	0	02:30:10.830	Core 01	2026.07.03 04:00:00   [AdaptiveSurvivalEA][BRAIN_UPDATE] schema=B05T1 h=1783047600 d=[3,4738,1,2924,2172,10000,34229,2353,4738] m=[2,4130,1419,1419,3677,1,0,1542,3261,9130,2549,2495,4859,4859,4130,202438,233014,-30577] v=[0,4241,2,2127,1,1,10,11,8482,14,12,0,1831,14,12,0,1839,7,5,0,4937,2353,2309,191,34229,28916,1837,6739,2353,0,2127,5153,335] p=[3,1,2,0,2,0,4130,1,0,2,0,0,2,2127,1,3,1] sig=B05D2:87CEFBA2C25583D6 end=1
RS	0	02:30:10.830	Core 01	2026.07.03 05:00:00   [AdaptiveSurvivalEA][BRAIN_UPDATE] schema=B05T1 h=1783051200 d=[3,5007,1,3732,2682,10000,30430,1925,5007] m=[0,7307,3177,3177,7528,1,0,5661,6761,9718,5567,5055,10000,10000,7307,208816,202438,6378] v=[0,3714,2,1632,1,1,8,11,7428,14,12,0,1938,14,12,0,1758,7,5,0,4462,1925,5251,0,30430,60351,0,3239,1925,0,1632,2616,376] p=[3,2,2,0,0,0,7307,1,0,2,0,0,2,1632,1,2,0] sig=B05D2:F1D4078BD4906B1F end=1
ME	0	02:30:10.830	Core 01	2026.07.03 06:00:00   [AdaptiveSurvivalEA][BRAIN_UPDATE] schema=B05T1 h=1783054800 d=[3,5382,1,4259,2945,10000,46074,3075,5382] m=[0,4391,-2916,-2916,7051,1,0,3316,2979,3511,4359,4102,10000,10000,4391,243320,208816,34504] v=[0,3715,2,5884,1,1,8,11,7429,14,12,0,2148,13,10,0,3937,6,4,0,6183,3075,1793,7151,46074,16322,10000,7021,3075,0,5884,4862,461] p=[3,2,2,0,0,1,4391,1,0,2,0,0,2,5884,1,2,0] sig=B05D2:B6CCFBB9439D7A9C end=1
LG	0	02:30:10.830	Core 01	2026.07.03 07:00:00   [AdaptiveSurvivalEA][BRAIN_UPDATE] schema=B05T1 h=1783058400 d=[3,5586,1,4724,3176,10000,50930,3313,5586] m=[2,5400,1009,1009,6895,1,0,6220,3759,4184,3990,3791,10000,10000,5400,284541,243320,41221] v=[0,3759,2,6289,1,1,9,11,7518,14,12,0,2409,14,9,0,5225,7,4,0,6553,3313,1920,7258,50930,17219,10000,6241,3313,0,6289,4173,580] p=[3,2,2,0,2,0,5400,1,0,2,0,0,2,6289,1,2,0] sig=B05D2:398DFC3D5DA040DB end=1
GN	0	02:30:10.830	Core 01	2026.07.03 08:00:00   [AdaptiveSurvivalEA][BRAIN_UPDATE] schema=B05T1 h=1783062000 d=[3,5748,1,4854,3275,10000,58459,4038,5748] m=[4,3546,-1855,-1855,6652,1,0,464,377,6698,3433,3304,10000,10000,3546,314931,284541,30390] v=[0,3810,2,5955,1,1,9,11,7620,14,11,0,2651,14,9,0,5302,6,4,0,6774,4038,2684,5049,58459,20844,10000,9623,4038,0,5955,5737,703] p=[3,2,2,0,4,0,3546,1,0,2,0,0,2,5955,1,2,0] sig=B05D2:682E7763BCEA64A5 end=1
RD	0	02:30:10.830	Core 01	2026.07.03 09:00:00   [AdaptiveSurvivalEA][BRAIN_UPDATE] schema=B05T1 h=1783065600 d=[2,3724,1,4258,3096,10000,1628,177,3724] m=[2,4156,610,610,5159,1,0,2326,2703,6757,2628,2569,7748,7748,4156,341269,314931,26338] v=[0,3800,2,480,1,1,9,11,7601,14,11,0,2399,10,12,1613,0,4,6,3378,0,177,5721,0,1628,46110,0,7297,177,1663,480,7168,576] p=[2,0,2,0,2,0,4156,1,0,2,0,0,2,480,1,3,1] sig=B05D2:532A39F02A300B7C end=1
OR	0	02:30:10.830	Core 01	2026.07.03 10:00:00   [AdaptiveSurvivalEA][BRAIN_UPDATE] schema=B05T1 h=1783069200 d=[2,1381,1,2268,2268,10000,-10735,-1064,1381] m=[0,7335,3179,3179,-1726,1,0,13195,9593,9593,-1185,1180,2273,-2273,7335,310072,341269,-31196] v=[0,3950,2,412,1,1,9,11,7899,14,11,0,2060,10,12,2118,0,5,6,2398,0,1064,5774,0,10735,43336,0,407,1064,1505,412,363,424] p=[2,0,2,0,0,0,7335,1,0,2,0,0,2,412,1,1,1] sig=B05D2:E561312A740B2BEC end=1
RF	0	02:30:10.830	Core 01	2026.07.03 11:00:00   [AdaptiveSurvivalEA][BRAIN_UPDATE] schema=B05T1 h=1783072800 d=[2,2822,1,1357,1860,10000,2835,291,2822] m=[0,4558,-2777,-2777,-705,1,0,6215,6064,6383,-523,523,887,-887,4558,283035,310072,-27037] v=[0,4048,2,324,1,1,9,11,8096,13,11,0,1618,9,13,3192,0,4,6,2825,0,291,5096,0,2835,37256,0,3936,291,2006,324,3821,262] p=[2,0,2,0,0,1,4558,1,0,2,0,0,2,324,1,3,1] sig=B05D2:C4FC8B414060B998 end=1
HK	0	02:30:10.830	Core 01	2026.07.03 12:00:00   [AdaptiveSurvivalEA][BRAIN_UPDATE] schema=B05T1 h=1783076400 d=[2,3162,1,2098,2073,10000,3292,356,3162] m=[4,3123,-1435,-1435,-1114,1,0,4217,3694,4054,-741,739,1489,-1489,3123,286177,283035,3142] v=[0,4287,3,6082,1,1,10,11,8575,13,11,0,1192,9,14,3288,0,5,6,2878,0,356,5344,0,3292,39751,0,6306,356,2056,238,6082,142] p=[2,0,2,0,4,0,3123,1,0,2,0,0,3,6082,1,3,0] sig=B05D2:4A76B75F7F957E61 end=1
EO	0	02:30:10.830	Core 01	2026.07.03 13:00:00   [AdaptiveSurvivalEA][BRAIN_UPDATE] schema=B05T1 h=1783080000 d=[2,3872,1,1973,2032,10000,9644,1111,3872] m=[2,4626,1503,1503,-2159,1,0,3733,5373,8507,-1576,1563,2755,-2755,4626,288900,286177,2723] v=[0,4252,3,4113,1,1,10,11,8504,12,12,0,722,9,14,3688,0,4,7,3763,0,1111,4462,0,9644,34418,0,4627,1111,2484,144,4113,52] p=[2,0,2,0,2,0,4626,1,0,2,0,0,3,4113,1,3,0] sig=B05D2:C77E356B40AEA6DF end=1
RL	0	02:30:10.830	Core 01	2026.07.03 14:00:00   [AdaptiveSurvivalEA][BRAIN_UPDATE] schema=B05T1 h=1783083600 d=[2,3462,1,809,1537,10000,10256,1205,3462] m=[2,5576,950,950,-3120,1,0,6462,6238,7327,-2441,2394,3846,-3846,5576,256318,288900,-32582] v=[0,4298,3,3309,1,1,10,11,8597,12,12,0,221,9,14,3771,0,4,7,4057,0,1205,3686,0,10256,29209,0,3762,1205,2609,44,3309,5] p=[2,0,2,0,2,0,5576,1,0,2,0,0,3,3309,1,3,0] sig=B05D2:FDDD20D3739D4BBD end=1
NI	0	02:30:10.830	Core 01	2026.07.03 15:00:00   [AdaptiveSurvivalEA][BRAIN_UPDATE] schema=B05T1 h=1783087200 d=[2,3088,1,176,1255,10000,8873,1054,3088] m=[4,1250,-4326,-4326,228,1,0,1135,1183,3011,206,206,249,249,1250,228080,256318,-28238] v=[0,4271,3,7888,1,1,10,11,8543,12,12,299,0,9,15,3826,0,4,7,4204,0,1054,3757,0,8873,29913,0,8817,1054,2776,0,7888,0] p=[2,0,2,0,4,0,1250,1,0,2,0,0,3,7888,1,3,0] sig=B05D2:36A72E9EFA447B68 end=1
KP	0	02:30:10.830	Core 01	2026.07.03 16:00:00   [AdaptiveSurvivalEA][BRAIN_UPDATE] schema=B05T1 h=1783090800 d=[2,1224,1,-192,1104,0,6850,764,1224] m=[2,4740,3490,3490,-3428,1,0,4495,4330,7526,-1905,1882,4973,-4973,4740,222560,228080,-5520] v=[0,4118,3,5237,1,1,9,11,8236,11,12,850,0,9,15,3866,0,4,7,4071,0,764,3709,0,6850,29588,0,5670,764,2929,0,5237,0] p=[2,0,2,0,2,0,4740,1,0,2,0,0,3,5237,1,3,0] sig=B05D2:5AE85EF5F8B879CE end=1
DH	0	02:30:10.830	Core 01	2026.07.03 17:00:00   [AdaptiveSurvivalEA][BRAIN_UPDATE] schema=B05T1 h=1783094400 d=[2,790,1,-583,936,0,4670,515,790] m=[4,3205,-1535,-1535,-5627,1,0,556,1220,5366,-2780,2711,8543,-8543,3205,217776,222560,-4784] v=[0,3967,3,8329,1,1,9,11,7933,11,12,1340,0,9,15,3894,0,4,7,4298,0,515,3926,0,4670,33319,0,8780,515,3178,0,8329,0] p=[2,0,2,0,4,0,3205,1,0,2,0,0,3,8329,1,3,0] sig=B05D2:8936C350E026B83C end=1
CR	0	02:30:10.830	Core 01	2026.07.03 18:00:00   [AdaptiveSurvivalEA][BRAIN_UPDATE] schema=B05T1 h=1783098000 d=[2,2770,1,-188,1039,10000,7450,797,2770] m=[2,4255,1050,1050,-3006,1,0,2891,5652,6087,-1401,1392,4621,-4621,4255,200058,217776,-17718] v=[0,3971,3,4001,1,1,9,11,7942,10,13,1746,0,9,14,3723,0,4,7,3933,0,797,3722,0,7450,32644,0,4348,797,3134,0,4001,0] p=[2,0,2,0,2,0,4255,1,0,2,0,0,3,4001,1,3,0] sig=B05D2:55E5C33B109F2165 end=1
GE	0	02:30:10.830	Core 01	2026.07.03 19:00:00   [AdaptiveSurvivalEA][BRAIN_UPDATE] schema=B05T1 h=1783101600 d=[2,1671,1,-34,1088,0,11466,1238,1671] m=[4,3401,-854,-854,-1121,1,0,1835,4848,6970,-367,367,1875,-1875,3401,184702,200058,-15356] v=[0,3860,3,4514,1,1,9,11,7719,10,13,2143,0,9,14,3888,0,4,7,4333,0,1238,3232,0,11466,30032,0,5152,1238,3455,0,4514,0] p=[2,0,2,0,4,0,3401,1,0,2,0,0,3,4514,1,3,0] sig=B05D2:5397DFB5515A8D4A end=1
HP	0	02:30:10.830	Core 01	2026.07.03 20:00:00   [AdaptiveSurvivalEA][BRAIN_UPDATE] schema=B05T1 h=1783105200 d=[2,1744,1,-485,898,0,16548,1808,1744] m=[2,4326,925,925,-2785,1,0,2738,4694,8163,-1190,1185,4386,-4386,4326,178078,184702,-6624] v=[0,3727,3,4347,1,1,8,11,7454,10,13,2613,0,9,15,4080,0,4,8,4838,0,1808,2666,0,16548,26287,0,5306,1808,3843,0,4347,0] p=[2,0,2,0,2,0,4326,1,0,2,0,0,3,4347,1,3,0] sig=B05D2:DFDE48D67B0C7C8D end=1
OR	0	02:30:10.830	Core 01	2026.07.05 21:05:00   [AdaptiveSurvivalEA][BRAIN_UPDATE] schema=B05T1 h=1783108800 d=[2,996,1,-851,790,0,7279,805,996] m=[4,1621,-2705,-2705,-1013,1,0,650,1190,4286,-338,338,1688,-1688,1621,193705,178078,15626] v=[0,3424,3,8101,1,1,8,11,6848,9,14,3120,0,8,15,4360,0,4,8,5443,0,805,2827,0,7279,28272,0,8810,805,4308,0,8101,0] p=[2,0,2,0,4,0,1621,1,0,2,0,0,3,8101,1,3,0] sig=B05D2:44C1C68CA04845C2 end=1
CI	0	02:30:10.830	Core 01	2026.07.05 22:00:00   [AdaptiveSurvivalEA][BRAIN_UPDATE] schema=B05T1 h=1783285200 d=[2,135,1,-661,872,0,692,78,135] m=[2,4518,2897,2897,111,1,0,3597,6341,10000,221,221,0,0,4518,207248,193705,13543] v=[0,3229,3,3630,1,1,7,11,6458,9,14,3631,0,8,15,4846,0,3,8,5856,0,78,3229,0,692,33383,0,3659,78,4778,0,3630,0] p=[2,0,2,0,2,0,4518,1,0,2,0,0,3,3630,1,1,1] sig=B05D2:49D5B21D27FB4DEF end=1
ME	0	02:30:10.830	Core 01	2026.07.05 23:00:00   [AdaptiveSurvivalEA][BRAIN_UPDATE] schema=B05T1 h=1783288800 d=[2,-607,1,-512,917,0,-4317,-478,-607] m=[4,3394,-1123,-1123,-3065,1,0,2014,4000,4857,-921,918,5211,-5211,3394,200702,207248,-6546] v=[0,3117,3,5713,1,1,7,11,6233,9,14,3844,0,8,15,4860,0,3,8,5767,0,478,2947,0,4317,42670,0,6000,478,4824,0,5713,0] p=[2,0,2,0,4,0,3394,1,0,2,0,0,3,5713,1,3,0] sig=B05D2:1EF74B687C12424D end=1
EQ	0	02:30:10.830	Core 01	2026.07.06 00:00:00   [AdaptiveSurvivalEA][BRAIN_UPDATE] schema=B05T1 h=1783292400 d=[2,-921,1,-618,901,0,-6512,-682,-921] m=[4,2180,-1214,-1214,-2074,1,0,155,189,7358,-465,465,3684,-3684,2180,213866,200702,13164] v=[0,2903,3,9142,1,1,6,11,5807,9,14,4002,0,8,14,4577,0,3,7,5520,0,682,2353,0,6512,34229,0,9811,682,4700,0,9142,0] p=[2,0,2,0,4,0,2180,1,0,2,0,0,3,9142,1,3,0] sig=B05D2:62ED1B033B3E1708 end=1
PH	0	02:30:10.830	Core 01	2026.07.06 01:00:00   [AdaptiveSurvivalEA][BRAIN_UPDATE] schema=B05T1 h=1783296000 d=[2,-1297,1,-326,972,0,-11902,-1306,-1297] m=[3,3181,1001,1001,2396,1,0,2506,1882,6824,752,750,4043,4043,3181,200224,213866,-13643] v=[0,2882,3,7058,1,1,6,11,5765,9,14,4082,0,8,14,4379,0,3,7,5502,0,1306,1925,0,11902,30430,0,8118,1306,4655,0,7058,0] p=[2,0,2,0,3,0,3181,1,0,2,0,0,3,7058,1,3,0] sig=B05D2:CF032905CAB0A286 end=1
RI	0	02:30:10.830	Core 01	2026.07.06 02:00:00   [AdaptiveSurvivalEA][BRAIN_UPDATE] schema=B05T1 h=1783299600 d=[2,-3790,1,-1501,447,-10000,-31445,-3066,-3790] m=[0,7872,4691,4691,-3649,1,0,15327,9417,9612,-2149,2117,5182,-5182,7872,208275,200224,8051] v=[0,2863,3,404,1,1,6,11,5726,8,14,4151,0,8,13,4287,0,3,6,4701,0,3066,3075,0,31445,46074,0,583,3066,4380,0,404,0] p=[2,0,2,0,0,0,7872,1,0,2,0,0,3,404,1,1,1] sig=B05D2:5932858BA694CC42 end=1
NP	0	02:30:10.830	Core 01	2026.07.06 03:00:00   [AdaptiveSurvivalEA][BRAIN_UPDATE] schema=B05T1 h=1783303200 d=[2,-2540,1,-2043,137,0,-31875,-3168,-2540] m=[0,5723,-2149,-2149,-1874,1,0,7812,6494,7922,-1375,1366,2381,-2381,5723,220556,208275,12281] v=[0,2900,1,4586,1,1,6,11,5799,8,14,4217,0,7,14,4641,0,3,7,4901,0,3168,3313,0,31875,50930,0,3506,3168,4586,0,2396,0] p=[2,0,2,0,0,1,5723,1,0,2,0,0,1,4586,1,1,0] sig=B05D2:ADC42D4CA3E514E8 end=1
DK	0	02:30:10.830	Core 01	2026.07.06 04:00:00   [AdaptiveSurvivalEA][BRAIN_UPDATE] schema=B05T1 h=1783306800 d=[2,-2361,1,-1439,323,0,-36243,-3435,-2361] m=[4,2943,-2780,-2780,-2148,1,0,2887,2308,5000,-1540,1527,2768,-2768,2943,225492,220556,4936] v=[0,2829,1,4496,1,1,6,11,5659,8,14,4280,0,7,14,4675,0,3,6,4533,0,3435,4038,0,36243,58459,0,7692,3435,4496,0,5050,0] p=[2,0,2,0,4,0,2943,1,0,2,0,0,1,4496,1,1,0] sig=B05D2:B161D8B0E71C586E end=1
KP	0	02:30:10.830	Core 01	2026.07.06 05:00:00   [AdaptiveSurvivalEA][BRAIN_UPDATE] schema=B05T1 h=1783310400 d=[2,-2354,1,-1559,275,0,-34739,-3077,-2354] m=[3,2988,45,45,-1764,1,0,1911,4231,4615,-1320,1312,2216,-2216,2988,229769,225492,4278] v=[0,2617,1,2950,1,1,6,11,5235,8,14,4251,0,7,10,3070,0,3,4,1529,0,3077,177,10000,34739,1628,10000,5769,3077,2950,4000,3994,0] p=[2,0,2,0,3,0,2988,1,0,2,0,0,1,2950,1,2,1] sig=B05D2:504CCBD706D1A337 end=1
QG	0	02:30:10.830	Core 01	2026.07.06 06:00:00   [AdaptiveSurvivalEA][BRAIN_UPDATE] schema=B05T1 h=1783314000 d=[2,-4260,1,-2694,-271,-10000,-29274,-2742,-4260] m=[0,7921,4934,4934,-5058,1,0,15154,8462,8942,-4891,4535,5581,-5581,7921,269492,229769,39723] v=[0,2645,1,3377,1,1,6,11,5291,8,14,4217,0,7,10,3012,0,3,5,2901,0,2742,1064,10000,29274,10735,10000,1538,2742,3377,4000,1117,0] p=[2,0,2,0,0,0,7921,1,0,2,0,0,1,3377,1,1,0] sig=B05D2:9C16D11044AD9F75 end=1
KE	0	02:30:10.830	Core 01	2026.07.06 07:00:00   [AdaptiveSurvivalEA][BRAIN_UPDATE] schema=B05T1 h=1783317600 d=[1,-4920,1,-3801,-867,-10000,-38197,-4111,-4920] m=[0,2689,-5232,-5232,-2570,1,0,1457,968,6559,-1748,1730,3410,-3410,2689,312943,269492,43451] v=[0,2819,1,3312,1,1,6,11,5638,8,13,4155,0,7,9,2433,0,3,4,3348,0,4111,291,10000,38197,2835,10000,9032,4111,3312,4000,5319,0] p=[1,0,2,0,0,1,2689,1,0,2,0,0,1,3312,1,3,1] sig=B05D2:C8B09626D4C6B00B end=1
RP	0	02:30:10.830	Core 01	2026.07.06 08:00:00   [AdaptiveSurvivalEA][BRAIN_UPDATE] schema=B05T1 h=1783321200 d=[1,-4606,1,-2814,-619,-10000,-35974,-4211,-4606] m=[2,4727,2038,2038,-3225,1,0,5246,3043,8435,-2069,2040,4410,-4410,4727,356599,312943,43656] v=[0,3046,1,3348,1,1,7,11,6093,8,13,4104,0,7,9,2460,0,3,5,3480,0,4211,356,10000,35974,3292,10000,6957,4211,3348,4000,4027,0] p=[1,1,2,0,2,0,4727,1,0,2,0,0,1,3348,1,1,0] sig=B05D2:89938B01F336D27A end=1
FG	0	02:30:10.830	Core 01	2026.07.06 09:00:00   [AdaptiveSurvivalEA][BRAIN_UPDATE] schema=B05T1 h=1783324800 d=[1,-4610,1,-2642,-673,-10000,-36474,-4463,-4610] m=[2,5701,975,975,-4260,1,0,8227,5000,5583,-3044,2953,5567,-5567,5701,397480,356599,40881] v=[0,3329,1,2876,1,1,7,11,6659,7,12,4010,0,7,9,1891,0,3,4,2727,0,4463,1111,10000,36474,9644,10000,5000,4463,2876,4000,2768,0] p=[1,2,2,0,2,0,5701,1,0,2,0,0,1,2876,1,0,1] sig=B05D2:6FFD723C2B6B91E end=1
GE	0	02:30:10.830	Core 01	2026.07.06 10:00:00   [AdaptiveSurvivalEA][BRAIN_UPDATE] schema=B05T1 h=1783328400 d=[1,-5113,1,-3904,-1287,-10000,-35651,-4536,-5113] m=[0,7323,1622,1622,-5956,1,0,9108,6731,7885,-4996,4618,7293,-7293,7323,440909,397480,43429] v=[0,3507,0,4536,1,1,8,11,7014,7,12,3893,0,7,9,1925,0,3,4,2592,0,4536,1205,10000,35651,10256,10000,3269,4536,2803,4000,1786,0] p=[1,2,2,0,0,0,7323,1,0,2,0,0,0,4536,1,0,0] sig=B05D2:49F335930583CAF3 end=1
PO	0	02:30:10.830	Core 01	2026.07.06 11:00:00   [AdaptiveSurvivalEA][BRAIN_UPDATE] schema=B05T1 h=1783332000 d=[1,-4765,1,-3412,-1201,-10000,-26562,-3303,-4765] m=[0,5427,-1896,-1896,-1390,1,0,7676,5478,8609,-999,996,1784,-1784,5427,480750,440909,39841] v=[0,3744,0,3303,1,1,8,11,7488,7,12,3740,0,7,9,1874,0,3,4,1867,0,3303,1054,10000,26562,8873,10000,4522,3303,2494,4000,3028,0] p=[1,2,2,0,0,1,5427,1,0,2,0,0,0,3303,1,0,0] sig=B05D2:F01C9BE7B7CD8C23 end=1
DE	0	02:30:10.830	Core 01	2026.07.06 12:00:00   [AdaptiveSurvivalEA][BRAIN_UPDATE] schema=B05T1 h=1783335600 d=[1,-4552,1,-2775,-1029,-10000,-25956,-3333,-4552] m=[2,4615,-813,-813,-2308,1,0,5285,5357,6310,-1809,1789,2826,-2826,4615,515278,480750,34529] v=[0,3884,0,3333,1,1,9,11,7768,7,11,3534,0,7,9,2044,0,3,4,2042,0,3333,764,10000,25956,6850,10000,4643,3333,2540,4000,3095,0] p=[1,2,2,0,2,0,4615,1,0,2,0,0,0,3333,1,0,0] sig=B05D2:C4868047D47332C0 end=1
FN	0	02:30:10.830	Core 01	2026.07.06 13:00:00   [AdaptiveSurvivalEA][BRAIN_UPDATE] schema=B05T1 h=1783339200 d=[1,-4722,1,-3068,-1221,-10000,-27238,-3589,-4722] m=[4,3716,-899,-899,-3996,1,0,2242,2174,7065,-2959,2876,5116,-5116,3716,548339,515278,33060] v=[0,4071,0,3589,1,1,9,11,8142,7,11,3295,0,7,9,1667,0,3,4,1641,0,3589,515,10000,27238,4670,10000,7826,3589,2201,4000,5017,0] p=[1,2,2,0,4,0,3716,1,0,2,0,0,0,3589,1,3,1] sig=B05D2:89ADCBF1793BBCC2 end=1
PL	0	02:30:10.830	Core 01	2026.07.06 14:00:00   [AdaptiveSurvivalEA][BRAIN_UPDATE] schema=B05T1 h=1783342800 d=[1,-4745,1,-2823,-1190,-10000,-28901,-4220,-4745] m=[4,2404,-1312,-1312,-2696,1,0,524,355,6879,-1613,1599,3793,-3793,2404,549728,548339,1390] v=[0,4358,3,5575,1,1,10,11,8715,7,10,3043,0,8,9,1196,0,3,4,2122,0,4220,797,10000,28901,7450,10000,9645,4220,2120,4000,5575,0] p=[1,2,2,0,4,0,2404,1,0,2,0,0,3,5575,1,3,0] sig=B05D2:5B1084D9B32EEB49 end=1
PS	0	02:30:10.830	Core 01	2026.07.06 15:00:00   [AdaptiveSurvivalEA][BRAIN_UPDATE] schema=B05T1 h=1783346400 d=[2,-4330,1,-2161,-981,-10000,-22675,-3196,-4330] m=[2,4230,1826,1826,1497,1,0,4785,4894,6809,811,810,2184,2184,4230,550933,549728,1205] v=[0,4388,3,3474,1,1,10,11,8776,7,10,2763,0,8,9,625,0,4,4,1439,0,3196,1238,10000,22675,11466,9775,5106,3196,1609,3955,3474,0] p=[2,0,2,0,2,0,4230,1,0,2,0,0,3,3474,1,3,0] sig=B05D2:D8EB4F7B479C6CCD end=1
IF	0	02:30:10.830	Core 01	2026.07.06 16:00:00   [AdaptiveSurvivalEA][BRAIN_UPDATE] schema=B05T1 h=1783350000 d=[2,-1763,1,-705,-427,0,-11407,-1486,-1763] m=[0,6505,2275,2275,2083,1,0,8400,7570,9439,1182,1177,2990,2990,6505,488016,550933,-62917] v=[0,4406,3,2069,1,1,10,11,8811,7,10,2444,0,9,9,87,0,4,4,244,0,1486,1808,0,11407,16548,0,2430,1486,925,0,2069,0] p=[2,0,2,0,0,0,6505,1,0,2,0,0,3,2069,1,3,0] sig=B05D2:7C775FF383B52701 end=1
QO	0	02:30:10.830	Core 01	2026.07.06 17:00:00   [AdaptiveSurvivalEA][BRAIN_UPDATE] schema=B05T1 h=1783353600 d=[2,872,1,689,135,10000,-5625,-687,872] m=[1,6227,-279,-279,5382,1,0,5208,7042,7746,3167,3065,7700,7700,6227,463655,488016,-24361] v=[0,4394,3,2755,1,1,10,11,8787,7,9,2031,0,9,8,0,438,4,4,0,1435,687,805,0,5625,7279,0,2958,687,677,375,2755,0] p=[2,0,2,0,1,0,6227,1,0,2,0,0,3,2755,1,3,0] sig=B05D2:67FEE242D39952DD end=1
EP	0	02:30:10.830	Core 01	2026.07.06 18:00:00   [AdaptiveSurvivalEA][BRAIN_UPDATE] schema=B05T1 h=1783357200 d=[2,1836,1,1646,552,10000,-1750,-207,1836] m=[1,6136,-91,-91,6952,1,0,5456,5638,6383,4632,4327,9576,9576,6136,467380,463655,3725] v=[0,4455,3,4272,1,1,10,11,8910,8,9,1527,0,9,8,0,1481,4,3,0,2549,207,78,10000,1750,692,10000,4362,207,509,4806,4272,0] p=[2,0,2,0,1,0,6136,1,0,2,0,0,3,4272,1,3,0] sig=B05D2:2CE3096E275E3104 end=1
RD	0	02:30:10.830	Core 01	2026.07.06 19:00:00   [AdaptiveSurvivalEA][BRAIN_UPDATE] schema=B05T1 h=1783360800 d=[2,3383,1,2548,971,10000,5862,680,3383] m=[0,7188,1053,1053,7614,1,0,6546,6768,7879,5803,5229,10000,10000,7188,483033,467380,15653] v=[0,4713,3,3012,1,1,10,11,9426,8,9,1164,0,9,8,0,2326,4,3,0,3594,680,478,4240,5862,4317,3580,3232,680,388,2748,3012,0] p=[2,0,2,0,0,0,7188,1,0,2,0,0,3,3012,1,3,0] sig=B05D2:AF828AC816CAAC0D end=1
ON	0	02:30:10.830	Core 01	2026.07.06 20:00:00   [AdaptiveSurvivalEA][BRAIN_UPDATE] schema=B05T1 h=1783364400 d=[2,3293,1,2883,1170,10000,4168,456,3293] m=[0,4076,-3112,-3112,6558,1,0,1728,3542,3958,4758,4429,8686,8686,4076,496599,483033,13566] v=[0,4550,3,6164,1,1,10,11,9100,8,9,799,0,9,8,0,2235,5,3,0,4144,456,682,0,4168,6512,0,6458,456,266,1276,6164,0] p=[2,0,2,0,0,1,4076,1,0,2,0,0,3,6164,1,3,0] sig=B05D2:A02788FF792B370A end=1
RD	0	02:30:10.830	Core 01	2026.07.06 21:01:00   [AdaptiveSurvivalEA][BRAIN_UPDATE] schema=B05T1 h=1783368000 d=[2,2617,1,2380,1033,10000,960,100,2617] m=[2,5048,972,972,4748,1,0,1599,5172,9655,2943,2861,6635,6635,5048,508357,496599,11757] v=[0,4362,3,4779,1,1,9,11,8723,8,9,511,0,9,8,0,1756,4,3,0,4876,100,1306,0,960,11902,0,4828,100,170,1326,4779,0] p=[2,0,2,0,2,0,5048,1,0,2,0,0,3,4779,1,3,0] sig=B05D2:B63B2BA4DCCF476F end=1
KM	0	02:30:10.830	Core 01	2026.07.06 22:00:00   [AdaptiveSurvivalEA][BRAIN_UPDATE] schema=B05T1 h=1783371600 d=[2,4248,1,2619,1188,10000,17403,1828,4248] m=[0,6131,1082,1082,4726,1,0,4545,6308,10000,2860,2784,6667,6667,6131,527578,508357,19221] v=[0,4219,3,3017,1,1,9,11,8438,8,8,231,0,9,8,0,1440,4,3,0,2522,1828,3066,0,17403,31445,0,3692,1828,77,792,3017,0] p=[2,0,2,0,0,0,6131,1,0,2,0,0,3,3017,1,3,0] sig=B05D2:7803AA9B1E9654DF end=1
PG	0	02:30:10.830	Core 01	2026.07.06 23:00:00   [AdaptiveSurvivalEA][BRAIN_UPDATE] schema=B05T1 h=1783375200 d=[2,4328,1,3211,1500,10000,13606,1397,4328] m=[0,3384,-2747,-2747,3769,1,0,477,1333,9000,1910,1887,5652,5652,3384,549584,527578,22007] v=[0,3942,3,7456,1,1,8,11,7885,8,8,0,13,9,7,0,1618,4,3,0,1893,1397,3168,0,13606,31875,0,8667,1397,0,705,7456,0] p=[2,0,2,0,0,1,3384,1,0,2,0,0,3,7456,1,3,0] sig=B05D2:15CACA1D60FE8DCB end=1
NI	0	02:30:10.830	Core 01	2026.07.07 00:00:00   [AdaptiveSurvivalEA][BRAIN_UPDATE] schema=B05T1 h=1783378800 d=[2,4019,1,2633,1338,10000,11821,1151,4019] m=[2,4580,1196,1196,-787,1,0,4433,5294,9559,-566,566,1008,-1008,4580,575229,549584,25644] v=[0,3846,3,4164,1,1,8,11,7692,8,8,0,274,8,7,0,1774,4,3,0,1912,1151,3435,0,11821,36243,0,4706,1151,0,792,4164,8] p=[2,0,2,0,2,0,4580,1,0,2,0,0,3,4164,1,3,0] sig=B05D2:5E1C125543678BC6 end=1
DH	0	02:30:10.830	Core 01	2026.07.07 01:00:00   [AdaptiveSurvivalEA][BRAIN_UPDATE] schema=B05T1 h=1783382400 d=[2,3317,1,1714,1030,10000,7479,667,3317] m=[2,4743,164,164,-1344,1,0,3805,6444,8889,-918,916,1773,-1773,4743,537992,575229,-37237] v=[0,3631,3,3319,1,1,8,10,7262,8,8,0,572,9,7,0,2315,4,3,0,2337,667,3077,0,7479,34739,0,3556,667,0,1045,3319,33] p=[2,0,2,0,2,0,4743,1,0,2,0,0,3,3319,1,3,0] sig=B05D2:8C9A062DEA232493 end=1
IE	0	02:30:10.830	Core 01	2026.07.07 02:00:00   [AdaptiveSurvivalEA][BRAIN_UPDATE] schema=B05T1 h=1783386000 d=[2,4169,1,1840,1102,10000,25864,2442,4169] m=[2,4966,222,222,1782,1,0,7077,5238,6762,901,898,2667,2667,4966,521223,537992,-16769] v=[0,3723,3,3599,1,1,8,10,7445,9,8,0,907,9,7,0,2493,4,3,0,2399,2442,2742,0,25864,29274,0,4762,2442,0,1160,3599,82] p=[2,0,2,0,2,0,4966,1,0,2,0,0,3,3599,1,3,0] sig=B05D2:568D67C059C962B7 end=1
JD	0	02:30:10.830	Core 01	2026.07.07 03:00:00   [AdaptiveSurvivalEA][BRAIN_UPDATE] schema=B05T1 h=1783389600 d=[2,4094,1,1859,1148,10000,22057,1949,4094] m=[2,5767,801,801,-2089,1,0,5811,6875,9844,-1321,1313,2865,-2865,5767,506690,521223,-14533] v=[0,3644,3,2516,1,1,8,10,7289,9,8,0,1208,8,7,0,2291,4,3,0,3980,1949,4111,0,22057,38197,0,3125,1949,0,1496,2516,146] p=[2,0,2,0,2,0,5767,1,0,2,0,0,3,2516,1,3,0] sig=B05D2:25CB04C0F8C110F end=1
DH	0	02:30:10.830	Core 01	2026.07.07 04:00:00   [AdaptiveSurvivalEA][BRAIN_UPDATE] schema=B05T1 h=1783393200 d=[2,3463,1,821,779,10000,14468,1200,3463] m=[2,4874,-893,-893,-3284,1,0,4113,4265,8971,-2355,2312,4256,-4256,4874,457938,506690,-48752] v=[0,3411,3,5047,1,1,7,10,6822,9,8,0,1458,8,7,0,1914,4,3,0,4020,1200,4211,0,14468,35974,0,5735,1200,0,1479,5047,213] p=[2,0,2,0,2,0,4874,1,0,2,0,0,3,5047,1,3,0] sig=B05D2:38E1421012C40419 end=1
GM	0	02:30:10.830	Core 01	2026.07.07 05:00:00   [AdaptiveSurvivalEA][BRAIN_UPDATE] schema=B05T1 h=1783396800 d=[2,3455,1,214,558,10000,22707,1885,3455] m=[4,3966,-908,-908,-2598,1,0,1955,3421,9211,-1805,1785,3412,-3412,3966,404508,457938,-53430] v=[0,3235,3,5339,1,1,7,10,6470,9,7,0,1595,8,7,0,901,4,3,0,2711,1885,4463,0,22707,36474,0,6579,1885,0,1041,5339,255] p=[2,0,2,0,4,0,3966,1,0,2,0,0,3,5339,1,3,0] sig=B05D2:4268CACAA161FD72 end=1
OD	0	02:30:10.830	Core 01	2026.07.07 06:00:00   [AdaptiveSurvivalEA][BRAIN_UPDATE] schema=B05T1 h=1783400400 d=[2,1768,1,-502,257,0,28428,2428,1768] m=[2,4403,438,438,-2846,1,0,5502,3913,5978,-2048,2020,3672,-3672,4403,379888,404508,-24620] v=[0,3198,3,4609,1,1,7,10,6397,9,7,0,1680,8,7,0,794,4,3,0,2022,2428,4536,0,28428,35651,0,6087,2428,0,899,4609,282] p=[2,0,2,0,2,0,4403,1,0,2,0,0,3,4609,1,3,0] sig=B05D2:DCD35A286758338C end=1
FN	0	02:30:10.830	Core 01	2026.07.07 07:00:00   [AdaptiveSurvivalEA][BRAIN_UPDATE] schema=B05T1 h=1783404000 d=[2,-328,1,-1300,-101,-10000,15607,1409,-328] m=[2,4414,10,10,-7058,1,0,3213,3000,3714,-4376,4116,10000,-10000,4414,372644,379888,-7243] v=[0,3209,3,6014,1,1,7,10,6417,9,7,0,1685,8,7,0,323,4,3,0,474,1409,3303,0,15607,26562,0,7000,1409,0,496,6014,284] p=[2,0,2,0,2,0,4414,1,0,2,0,0,3,6014,1,3,0] sig=B05D2:27E6C4B5D455AFF end=1
FJ	0	02:30:10.830	Core 01	2026.07.07 08:00:00   [AdaptiveSurvivalEA][BRAIN_UPDATE] schema=B05T1 h=1783407600 d=[2,-702,1,-2215,-516,-10000,15642,1377,-702] m=[0,7612,3199,3199,-7163,1,0,7665,6622,9459,-4630,4325,10000,-10000,7612,369573,372644,-3071] v=[0,3151,3,2913,1,1,6,10,6302,8,7,0,1605,7,7,0,346,4,3,0,487,1377,3333,0,15642,25956,0,3378,1377,0,488,2913,258] p=[2,0,2,0,0,0,7612,1,0,2,0,0,3,2913,1,3,0] sig=B05D2:E156D06DACA0CBD2 end=1
FP	0	02:30:10.830	Core 01	2026.07.07 09:00:00   [AdaptiveSurvivalEA][BRAIN_UPDATE] schema=B05T1 h=1783411200 d=[2,-546,1,-2250,-601,-10000,22765,1995,-546] m=[0,3618,-3994,-3994,-4373,1,0,4336,2593,2870,-2819,2746,6000,-6000,3618,344127,369573,-25446] v=[0,3187,3,5930,1,1,6,10,6375,8,7,0,1441,8,7,0,100,4,3,0,375,1995,3589,0,22765,27238,0,7407,1995,0,383,5930,208] p=[2,0,2,0,0,1,3618,1,0,2,0,0,3,5930,1,3,0] sig=B05D2:E9310B481CD80A09 end=1
JG	0	02:30:10.830	Core 01	2026.07.07 10:00:00   [AdaptiveSurvivalEA][BRAIN_UPDATE] schema=B05T1 h=1783414800 d=[2,-564,1,-2015,-571,-10000,18861,1616,-564] m=[2,5787,2169,2169,-4833,1,0,4754,5439,8947,-3343,3224,6442,-6442,5787,325341,344127,-18786] v=[0,3221,3,3824,1,1,7,10,6441,8,7,0,1189,7,8,1031,0,4,3,0,1086,1616,4220,0,18861,28901,0,4561,1616,344,455,3824,141] p=[2,0,2,0,2,0,5787,1,0,2,0,0,3,3824,1,3,0] sig=B05D2:7C5A20B0D51760FE end=1
QL	0	02:30:10.830	Core 01	2026.07.07 11:00:00   [AdaptiveSurvivalEA][BRAIN_UPDATE] schema=B05T1 h=1783418400 d=[2,2954,1,-926,-195,10000,23310,2055,2954] m=[0,6583,796,796,572,1,0,12008,7944,9626,339,339,806,806,6583,285255,325341,-40086] v=[0,3496,3,1634,1,1,7,10,6992,8,7,0,947,7,8,1284,0,4,4,0,1168,2055,3196,0,23310,22675,280,2056,2055,428,479,1634,90] p=[2,0,2,0,0,0,6583,1,0,2,0,0,3,1634,1,3,0] sig=B05D2:97FC1391F6994B45 end=1
RF	0	02:30:10.830	Core 01	2026.07.07 12:00:00   [AdaptiveSurvivalEA][BRAIN_UPDATE] schema=B05T1 h=1783422000 d=[2,1340,1,146,207,0,9333,971,1340] m=[0,1891,-4692,-4692,934,1,0,1709,935,4748,526,525,1343,1343,1891,264463,285255,-20792] v=[0,3756,3,8184,1,1,8,10,7513,8,7,0,717,7,9,1393,0,4,4,579,0,971,1486,0,9333,11407,0,9065,971,657,143,8184,51] p=[2,0,2,0,0,1,1891,1,0,2,0,0,3,8184,1,3,0] sig=B05D2:E0846DE7CACD5C73 end=1
CK	0	02:30:10.830	Core 01	2026.07.07 13:00:00   [AdaptiveSurvivalEA][BRAIN_UPDATE] schema=B05T1 h=1783425600 d=[2,2780,1,460,323,10000,7317,833,2780] m=[2,4423,2532,2532,4248,1,0,5000,3628,4956,2683,2620,5876,5876,4423,259769,264463,-4694] v=[0,4047,3,5841,1,1,8,10,8093,8,7,0,486,8,9,1295,0,4,4,1217,0,833,687,2130,7317,5625,3008,6372,833,837,1125,5841,24] p=[2,0,2,0,2,0,4423,1,0,2,0,0,3,5841,1,3,0] sig=B05D2:34AAF852549F6572 end=1
RL	0	02:30:10.830	Core 01	2026.07.07 14:00:00   [AdaptiveSurvivalEA][BRAIN_UPDATE] schema=B05T1 h=1783429200 d=[2,1945,1,825,473,10000,469,60,1945] m=[4,2131,-2292,-2292,3402,1,0,352,265,4779,1854,1833,4970,4970,2131,252273,259769,-7496] v=[0,4202,3,9676,1,1,9,10,8404,8,8,0,236,8,9,1446,0,3,4,2103,0,60,207,0,469,1750,0,9735,60,1183,47,9676,6] p=[2,0,2,0,4,0,2131,1,0,2,0,0,3,9676,1,3,0] sig=B05D2:866E46A59654D878 end=1
NH	0	02:30:10.830	Core 01	2026.07.07 15:00:00   [AdaptiveSurvivalEA][BRAIN_UPDATE] schema=B05T1 h=1783432800 d=[2,-1250,1,318,267,0,-10636,-1546,-1250] m=[3,3192,1062,1062,3074,1,0,3798,2465,3521,1628,1614,4535,4535,3192,224341,252273,-27932] v=[0,4540,3,6370,1,1,9,10,9080,8,8,46,0,8,9,1509,0,3,4,2938,0,1546,680,10000,10636,5862,8144,7535,1546,1498,3629,6370,0] p=[2,0,2,0,3,0,3192,1,0,2,0,0,3,6370,1,3,0] sig=B05D2:EB6D731CC39543FC end=1
CP	0	02:30:10.830	Core 01	2026.07.07 16:00:00   [AdaptiveSurvivalEA][BRAIN_UPDATE] schema=B05T1 h=1783436400 d=[2,-3726,1,-1097,-316,-10000,-19376,-2535,-3726] m=[0,7548,4355,4355,-4044,1,0,10753,7769,9462,-2363,2320,5767,-5767,7548,207973,224341,-16368] v=[0,4626,3,1665,1,1,9,10,9252,8,8,287,0,8,9,1043,0,4,5,2131,0,2535,456,10000,19376,4168,10000,2231,2535,1154,4000,1665,0] p=[2,0,2,0,0,0,7548,1,0,2,0,0,3,1665,1,2,1] sig=B05D2:D61D5B75CE8260AC end=1
JD	0	02:30:10.830	Core 01	2026.07.07 17:00:00   [AdaptiveSurvivalEA][BRAIN_UPDATE] schema=B05T1 h=1783440000 d=[2,-3984,1,-1942,-696,-10000,-16724,-2249,-3984] m=[0,2623,-4925,-4925,-3476,1,0,421,500,6750,-1977,1952,5000,-5000,2623,219830,207973,11857] v=[0,4685,3,7364,1,1,10,10,9369,8,8,459,0,9,9,479,0,3,4,2244,0,2249,100,10000,16724,960,10000,9500,2249,1061,4000,7364,0] p=[2,0,2,0,0,1,2623,1,0,2,0,0,3,7364,1,3,0] sig=B05D2:F47754A8403D3A99 end=1
GR	0	02:30:10.830	Core 01	2026.07.07 18:00:00   [AdaptiveSurvivalEA][BRAIN_UPDATE] schema=B05T1 h=1783443600 d=[2,-3738,1,-1221,-448,-10000,-17290,-2354,-3738] m=[2,5426,2803,2803,-3137,1,0,4925,6438,8219,-1844,1824,4450,-4450,5426,198004,219830,-21826] v=[0,4719,3,2723,1,1,10,10,9437,8,8,584,0,9,9,228,0,4,4,1659,0,2354,1828,2878,17290,17403,0,3562,2354,823,576,2723,0] p=[2,0,2,0,2,0,5426,1,0,2,0,0,3,2723,1,3,0] sig=B05D2:4F7598412258C end=1
OI	0	02:30:10.830	Core 01	2026.07.07 19:00:00   [AdaptiveSurvivalEA][BRAIN_UPDATE] schema=B05T1 h=1783447200 d=[2,-4076,1,-1487,-589,-10000,-26072,-3350,-4076] m=[0,7495,2069,2069,-4834,1,0,9346,7600,9040,-3542,3401,6268,-6268,7495,197642,198004,-362] v=[0,5046,3,1596,1,1,10,10,10092,8,8,588,0,9,9,0,597,4,4,38,0,3350,1397,10000,26072,13606,9162,2400,3350,209,3952,1596,0] p=[2,0,2,0,0,0,7495,1,0,2,0,0,3,1596,1,2,1] sig=B05D2:933A6B2516225753 end=1
FL	0	02:30:10.830	Core 01	2026.07.07 20:00:00   [AdaptiveSurvivalEA][BRAIN_UPDATE] schema=B05T1 h=1783450800 d=[2,-4404,1,-2379,-991,-10000,-24044,-3204,-4404] m=[0,2747,-4748,-4748,-4568,1,0,1842,1681,2478,-3180,3077,6059,-6059,2747,226212,197642,28570] v=[0,5144,3,5653,1,1,10,10,10287,8,8,563,0,9,8,0,924,4,4,466,0,3204,1151,10000,24044,11821,10000,8319,3204,343,4185,5653,0] p=[2,0,2,0,0,1,2747,1,0,2,0,0,3,5653,1,3,0] sig=B05D2:AA6F98756841B1B7 end=1
QR	0	02:30:10.830	Core 01	2026.07.07 21:01:00   [AdaptiveSurvivalEA][BRAIN_UPDATE] schema=B05T1 h=1783454400 d=[1,-4689,1,-2938,-1276,-10000,-27555,-3514,-4689] m=[0,6864,4117,4117,-3939,1,0,6188,8649,9865,-2456,2408,5470,-5470,6864,250972,226212,24760] v=[0,5185,3,876,1,1,10,10,10369,8,8,507,0,9,9,0,972,4,4,252,0,3514,667,10000,27555,7479,10000,1351,3514,253,4194,876,0] p=[1,0,2,0,0,0,6864,1,0,2,0,0,3,876,1,2,1] sig=B05D2:8E1AE5CAF8DB487E end=1
GJ	0	02:30:10.830	Core 01	2026.07.07 22:00:00   [AdaptiveSurvivalEA][BRAIN_UPDATE] schema=B05T1 h=1783458000 d=[1,-5080,1,-3430,-1539,-10000,-34652,-4740,-5080] m=[0,2884,-3979,-3979,-4568,1,0,1951,1579,3158,-2824,2751,6385,-6385,2884,294985,250972,44014] v=[0,5422,3,4430,1,1,11,10,10843,8,9,441,0,10,9,0,1129,4,4,275,0,4740,2442,9406,34652,25864,3398,8421,4740,239,2786,4430,0] p=[1,1,2,0,0,1,2884,1,0,2,0,0,3,4430,1,3,0] sig=B05D2:DFED6FFE385B4B20 end=1
JL	0	02:30:10.830	Core 01	2026.07.07 23:00:00   [AdaptiveSurvivalEA][BRAIN_UPDATE] schema=B05T1 h=1783461600 d=[1,-5053,1,-3469,-1636,-10000,-31250,-4351,-5053] m=[3,3818,934,934,-6582,1,0,673,1228,6842,-3692,3533,9631,-9631,3818,333130,294985,38145] v=[0,5265,3,4955,1,1,10,10,10530,8,9,355,0,10,8,0,1278,4,4,1124,0,4351,1949,10000,31250,22057,4168,8772,4351,493,3089,4955,0] p=[1,2,2,0,3,0,3818,1,0,2,0,0,3,4955,1,3,0] sig=B05D2:AB59403EBFC071CA end=1
LF	0	02:30:10.830	Core 01	2026.07.08 00:00:00   [AdaptiveSurvivalEA][BRAIN_UPDATE] schema=B05T1 h=1783465200 d=[1,-5138,1,-3564,-1742,-10000,-33396,-4562,-5138] m=[0,6572,2754,2754,-6191,1,0,5377,6706,8471,-2906,2827,9556,-9556,6572,373776,333130,40646] v=[0,5392,3,1791,1,1,11,10,10783,9,9,171,0,10,8,0,1704,4,4,723,0,4562,1200,10000,33396,14468,10000,3294,4562,298,4341,1791,0] p=[1,2,2,0,0,0,6572,1,0,2,0,0,3,1791,1,0,1] sig=B05D2:ED299A44AF742DD9 end=1
HK	0	02:30:10.830	Core 01	2026.07.08 01:00:00   [AdaptiveSurvivalEA][BRAIN_UPDATE] schema=B05T1 h=1783468800 d=[1,-4803,1,-3144,-1639,-10000,-26062,-3333,-4803] m=[0,5090,-1482,-1482,-2580,1,0,6022,5766,6847,-1336,1328,3833,-3833,5090,387580,373776,13803] v=[0,5430,3,2823,1,1,11,10,10860,9,9,0,95,10,8,0,2787,4,4,0,485,3333,1885,7682,26062,22707,1478,4234,3333,0,2505,2823,1] p=[1,2,2,0,0,1,5090,1,0,2,0,0,3,2823,1,3,0] sig=B05D2:C6250CAA6750E8AC end=1
LI	0	02:30:10.830	Core 01	2026.07.08 02:00:00   [AdaptiveSurvivalEA][BRAIN_UPDATE] schema=B05T1 h=1783472400 d=[1,-4570,1,-2527,-1452,-10000,-25428,-3236,-4570] m=[4,2352,-2738,-2738,-1523,1,0,2399,2273,3636,-614,613,2432,-2432,2352,404395,387580,16815] v=[0,5346,3,5227,1,1,10,10,10692,9,9,0,388,10,8,0,3002,4,4,0,814,3236,2428,3325,25428,28428,0,7727,3236,0,1506,5227,15] p=[1,2,2,0,4,0,2352,1,0,2,0,0,3,5227,1,3,0] sig=B05D2:75D0E550C8E33685 end=1
NM	0	02:30:10.830	Core 01	2026.07.08 03:00:00   [AdaptiveSurvivalEA][BRAIN_UPDATE] schema=B05T1 h=1783476000 d=[2,-4188,1,-2048,-1307,-10000,-18444,-2201,-4188] m=[2,5172,2820,2820,1469,1,0,5494,6914,8148,883,881,2057,2057,5172,388473,404395,-15922] v=[0,5249,3,2407,1,1,10,10,10498,9,9,0,704,10,8,0,3464,4,4,0,1952,2201,1409,5626,18444,15607,1818,3086,2201,0,2713,2407,50] p=[2,0,2,0,2,0,5172,1,0,2,0,0,3,2407,1,3,0] sig=B05D2:13BED0C80BFEC19F end=1
MF	0	02:30:10.830	Core 01	2026.07.08 04:00:00   [AdaptiveSurvivalEA][BRAIN_UPDATE] schema=B05T1 h=1783479600 d=[2,-3453,1,-1066,-954,-10000,-11061,-1286,-3453] m=[2,4317,-855,-855,2235,1,0,3380,6226,6226,1454,1444,3025,3025,4317,340860,388473,-47613] v=[0,5045,3,3288,1,1,10,10,10090,9,8,0,1040,10,7,0,3414,4,4,0,1660,1286,1377,0,11061,15642,0,3774,1286,0,1223,3288,108] p=[2,0,2,0,2,0,4317,1,0,2,0,0,3,3288,1,3,0] sig=B05D2:2085A272B8FF1D56 end=1
DM	0	02:30:10.830	Core 01	2026.07.08 05:00:00   [AdaptiveSurvivalEA][BRAIN_UPDATE] schema=B05T1 h=1783483200 d=[2,-3528,1,-689,-840,-10000,-15043,-1689,-3528] m=[4,2895,-1422,-1422,4991,1,0,110,200,6600,2833,2760,7222,7222,2895,299596,340860,-41264] v=[0,4723,3,8145,1,1,9,10,9445,9,8,0,1364,10,8,0,2887,4,4,0,1154,1689,1995,0,15043,22765,0,9800,1689,0,1081,8145,186] p=[2,0,2,0,4,0,2895,1,0,2,0,0,3,8145,1,3,0] sig=B05D2:6593D089A6F1DA69 end=1
GJ	0	02:30:10.830	Core 01	2026.07.08 06:00:00   [AdaptiveSurvivalEA][BRAIN_UPDATE] schema=B05T1 h=1783486800 d=[2,-1157,1,-104,-614,0,-6607,-697,-1157] m=[0,6128,3234,3234,4778,1,0,5924,6190,8333,2666,2604,6951,6951,6128,290140,299596,-9456] v=[0,4569,3,3544,1,1,9,10,9138,10,8,0,1714,10,7,0,3836,4,4,0,1047,697,1616,0,6607,18861,0,3810,697,0,1319,3544,294] p=[2,0,2,0,0,0,6128,1,0,2,0,0,3,3544,1,3,0] sig=B05D2:15BE4B6D15EA1E8E end=1
LS	0	02:30:10.830	Core 01	2026.07.08 07:00:00   [AdaptiveSurvivalEA][BRAIN_UPDATE] schema=B05T1 h=1783490400 d=[2,-1347,1,771,-240,0,-13125,-1469,-1347] m=[0,5333,-795,-795,6853,1,0,3109,4030,7463,3891,3706,10000,10000,5333,299130,290140,8990] v=[0,4534,3,5093,1,1,9,10,9067,10,8,0,2000,10,7,0,3433,4,4,242,0,1469,2055,0,13125,23310,0,5970,1469,81,1087,5093,400] p=[2,0,2,0,0,1,5333,1,0,2,0,0,3,5093,1,3,0] sig=B05D2:F17F8BB2F3DE5AAA end=1
HD	0	02:30:10.830	Core 01	2026.07.08 08:00:00   [AdaptiveSurvivalEA][BRAIN_UPDATE] schema=B05T1 h=1783494000 d=[2,854,1,1329,60,10000,-7271,-836,854] m=[2,4675,-658,-658,6543,1,0,3690,2313,6054,3191,3087,10000,10000,4675,321873,299130,22743] v=[0,4805,3,7044,1,1,9,10,9609,10,8,0,2256,10,7,0,3195,4,4,0,978,836,971,0,7271,9333,0,7687,836,0,1286,7044,509] p=[2,0,2,0,2,0,4675,1,0,2,0,0,3,7044,1,3,0] sig=B05D2:5AE4DBFE689E6055 end=1
RP	0	02:30:10.830	Core 01	2026.07.08 09:00:00   [AdaptiveSurvivalEA][BRAIN_UPDATE] schema=B05T1 h=1783497600 d=[2,-3514,1,-15,-400,-10000,-25446,-2852,-3514] m=[2,5520,845,845,-1104,1,0,14916,5646,6384,-760,759,1450,-1450,5520,304777,321873,-17096] v=[0,5331,3,3112,1,1,10,10,10663,10,8,0,2497,10,8,0,3873,4,4,0,2702,2852,833,10000,25446,7317,10000,4354,2852,0,5814,3112,624] p=[2,0,2,0,2,0,5520,1,0,2,0,0,3,3112,1,2,1] sig=B05D2:81C5298004E221E8 end=1
MK	0	02:30:10.830	Core 01	2026.07.08 10:00:00   [AdaptiveSurvivalEA][BRAIN_UPDATE] schema=B05T1 h=1783501200 d=[2,-4352,1,-1945,-1169,-10000,-30237,-3279,-4352] m=[2,4123,-1397,-1397,-2460,1,0,5877,4026,4545,-1934,1910,3009,-3009,4123,274496,304777,-30281] v=[0,5461,2,6252,1,1,11,10,10921,10,8,0,2724,11,8,0,3969,5,3,0,4566,3279,60,10000,30237,469,10000,5974,3279,0,6252,4015,742] p=[2,0,2,0,2,0,4123,1,0,2,0,0,2,6252,1,2,0] sig=B05D2:87FE700164F8160D end=1
NI	0	02:30:10.830	Core 01	2026.07.08 11:00:00   [AdaptiveSurvivalEA][BRAIN_UPDATE] schema=B05T1 h=1783504800 d=[2,-4168,1,-1846,-1143,-10000,-22120,-2477,-4168] m=[4,3554,-568,-568,-2690,1,0,3641,2963,5481,-2075,2046,3333,-3333,3554,258587,274496,-15909] v=[0,5662,2,5576,1,1,11,10,11323,10,8,0,2922,11,8,0,3543,5,3,0,5392,2477,1546,6025,22120,10636,10000,7037,2477,0,5576,5294,854] p=[2,0,2,0,4,0,3554,1,0,2,0,0,2,5576,1,2,0] sig=B05D2:3E231925EF21BF04 end=1
PM	0	02:30:10.830	Core 01	2026.07.08 12:00:00   [AdaptiveSurvivalEA][BRAIN_UPDATE] schema=B05T1 h=1783508400 d=[2,-4281,1,-2137,-1282,-10000,-21580,-2469,-4281] m=[0,6523,2969,2969,-5026,1,0,8739,5939,6727,-4262,4022,6031,-6031,6523,228524,258587,-30063] v=[0,5758,2,2165,1,1,11,10,11516,10,8,0,3078,11,8,0,3084,5,4,0,3526,2469,2535,0,21580,19376,1137,4061,2469,0,2165,3058,947] p=[2,0,2,0,0,0,6523,1,0,2,0,0,2,2165,1,2,0] sig=B05D2:DA73B01A453D4D55 end=1
FM	0	02:30:10.830	Core 01	2026.07.08 13:00:00   [AdaptiveSurvivalEA][BRAIN_UPDATE] schema=B05T1 h=1783512000 d=[1,-4620,1,-2884,-1608,-10000,-23333,-2718,-4620] m=[0,4760,-1762,-1762,-6237,1,0,1894,1947,9646,-5080,4684,7789,-7789,4760,202469,228524,-26055] v=[0,5942,2,3225,1,1,12,10,11885,10,8,0,3204,11,9,0,2886,5,3,0,3997,2718,2249,2086,23333,16724,3952,8053,2718,0,3225,5864,1026] p=[1,0,2,0,0,1,4760,1,0,2,0,0,2,3225,1,3,1] sig=B05D2:B9735A8D1CC142D end=1
DK	0	02:30:10.830	Core 01	2026.07.08 14:00:00   [AdaptiveSurvivalEA][BRAIN_UPDATE] schema=B05T1 h=1783515600 d=[2,-3837,1,-1575,-1093,-10000,-14651,-1654,-3837] m=[0,6063,1303,1303,-71,1,0,11395,7821,7933,-33,33,110,-110,6063,190364,202469,-12105] v=[0,6263,2,2396,1,1,12,10,12526,10,8,0,3336,12,9,0,3444,5,4,0,5199,1654,2354,0,14651,17290,0,2179,1654,0,2396,1818,1113] p=[2,0,2,0,0,0,6063,1,0,2,0,0,2,2396,1,2,0] sig=B05D2:FE91A14382E582BF end=1
RQ	0	02:30:10.830	Core 01	2026.07.08 15:00:00   [AdaptiveSurvivalEA][BRAIN_UPDATE] schema=B05T1 h=1783519200 d=[2,-3085,1,-560,-697,-10000,-9082,-1089,-3085] m=[0,2523,-3540,-3540,741,1,0,2046,2451,5882,573,572,909,909,2523,179872,190364,-10491] v=[0,6209,2,1701,1,1,12,10,12418,10,8,0,3316,11,9,0,2612,5,4,0,2579,1089,3350,0,9082,26072,0,7549,1089,0,1701,6727,1099] p=[2,0,2,0,0,1,2523,1,0,2,0,0,2,1701,1,3,1] sig=B05D2:B20CB7A37F78AC0C end=1
NO	0	02:30:10.830	Core 01	2026.07.08 16:00:00   [AdaptiveSurvivalEA][BRAIN_UPDATE] schema=B05T1 h=1783522800 d=[2,-3911,1,-1562,-1079,-10000,-16475,-1900,-3911] m=[0,6162,3639,3639,-2588,1,0,9359,5789,7990,-1949,1925,3252,-3252,6162,174585,179872,-5287] v=[0,6546,3,3410,1,1,13,10,13093,11,8,0,3296,12,9,0,2823,6,4,0,4165,1900,3204,0,16475,24044,0,4211,1900,0,2057,3410,1087] p=[2,0,2,0,0,0,6162,1,0,2,0,0,3,3410,1,3,0] sig=B05D2:3BFD603B0A9F205 end=1
FG	0	02:30:10.830	Core 01	2026.07.08 17:00:00   [AdaptiveSurvivalEA][BRAIN_UPDATE] schema=B05T1 h=1783526400 d=[2,27,1,-868,-783,0,2971,330,27] m=[0,7505,1343,1343,2684,1,0,13406,9113,9606,2275,2237,3131,3131,7505,161089,174585,-13497] v=[0,6996,3,857,1,1,14,10,13992,11,8,0,3286,13,9,0,3310,6,4,0,5043,330,3514,0,2971,27555,0,887,330,0,2328,857,1080] p=[2,0,2,0,0,0,7505,1,0,2,0,0,3,857,1,2,1] sig=B05D2:AFBF041488AF2775 end=1
PN	0	02:30:10.830	Core 01	2026.07.08 18:00:00   [AdaptiveSurvivalEA][BRAIN_UPDATE] schema=B05T1 h=1783530000 d=[2,2915,1,818,-76,10000,8576,977,2915] m=[0,3657,-3848,-3848,3716,1,0,3347,3721,3876,3165,3064,4368,4368,3657,174927,161089,13838] v=[1,7283,3,5666,1,1,14,10,14567,11,8,0,3262,13,10,0,3095,6,4,0,6046,977,4740,0,8576,34652,0,6279,977,0,2481,5666,1064] p=[2,0,2,0,0,1,3657,1,1,0,1,0,3,5666,1,3,0] sig=B05D2:60652A41DA8E48DC end=1
NH	0	02:30:10.830	Core 01	2026.07.08 19:00:00   [AdaptiveSurvivalEA][BRAIN_UPDATE] schema=B05T1 h=1783533600 d=[2,3440,1,1424,222,10000,12104,1368,3440] m=[2,4501,844,844,2685,1,0,4169,5000,7016,2004,1977,3393,3393,4501,192415,174927,17488] v=[1,7570,3,4316,1,1,15,10,15139,11,8,0,3305,13,10,0,3494,7,4,0,7588,1368,4351,0,12104,31250,0,5000,1368,0,2877,4316,1092] p=[2,0,2,0,2,0,4501,1,1,1,1,0,3,4316,1,3,0] sig=B05D2:A3B2B0A2713A79FC end=1
RP	0	02:30:10.830	Core 01	2026.07.08 20:00:00   [AdaptiveSurvivalEA][BRAIN_UPDATE] schema=B05T1 h=1783537200 d=[2,3873,1,1835,437,10000,17627,2037,3873] m=[4,3373,-1128,-1128,3550,1,0,1418,2800,6267,2634,2575,4525,4525,3373,214331,192415,21916] v=[1,7555,3,5733,1,1,15,10,15111,11,9,0,3275,13,10,0,3323,6,4,0,6481,2037,4562,0,17627,33396,0,7200,2037,0,2616,5733,1073] p=[2,0,2,0,4,0,3373,1,1,2,1,0,3,5733,1,3,0] sig=B05D2:FE0E82B1446E0422 end=1
CO	0	02:30:10.830	Core 01	2026.07.08 21:01:30   [AdaptiveSurvivalEA][BRAIN_UPDATE] schema=B05T1 h=1783540800 d=[2,1186,1,1048,176,0,5370,617,1186] m=[0,6871,3498,3498,3695,1,0,7399,8561,8864,2659,2598,4793,4793,6871,194073,214331,-20258] v=[1,7811,3,1351,1,1,15,10,15622,12,9,0,3238,13,10,0,2941,7,4,0,6054,617,3333,0,5370,26062,0,1439,617,0,2447,1351,1049] p=[2,0,2,0,0,0,6871,1,1,2,1,0,3,1351,1,2,1] sig=B05D2:15B3CC19801DE7C0 end=1
OS	0	02:30:10.830	Core 01	2026.07.08 22:00:00   [AdaptiveSurvivalEA][BRAIN_UPDATE] schema=B05T1 h=1783544400 d=[2,1203,1,320,-100,0,8022,891,1203] m=[0,3037,-3835,-3835,809,1,0,823,2353,10000,411,411,1206,1206,3037,184267,194073,-9806] v=[1,7485,3,6966,1,1,15,10,14970,12,9,0,3184,13,10,0,2532,7,4,0,6111,891,3236,0,8022,25428,0,7647,891,0,2366,6966,1014] p=[2,0,2,0,0,1,3037,1,1,2,1,0,3,6966,1,3,0] sig=B05D2:2C0A621D685F6F13 end=1
PG	0	02:30:10.830	Core 01	2026.07.08 23:00:00   [AdaptiveSurvivalEA][BRAIN_UPDATE] schema=B05T1 h=1783548000 d=[2,2581,1,544,-21,10000,6222,627,2581] m=[3,2937,-99,-99,-62,1,0,778,3448,9310,-124,124,0,0,2937,176509,184267,-7757] v=[0,6633,3,6141,1,1,13,10,13266,12,9,0,3066,12,10,0,2207,6,4,0,4899,627,2201,0,6222,18444,0,6552,627,0,2035,6141,940] p=[2,0,2,0,3,0,2937,1,0,0,0,0,3,6141,1,3,0] sig=B05D2:62136DBA5D19E532 end=1
LS	0	02:30:10.830	Core 01	2026.07.09 00:00:00   [AdaptiveSurvivalEA][BRAIN_UPDATE] schema=B05T1 h=1783551600 d=[2,2634,1,843,112,10000,5689,545,2634] m=[3,3586,648,648,-1430,1,0,1896,4423,7885,-775,773,2086,-2086,3586,189935,176509,13425] v=[0,6295,3,5273,1,1,12,10,12591,12,9,0,2956,12,10,0,2330,6,4,0,5066,545,1286,0,5689,11061,0,5577,545,0,2071,5273,874] p=[2,0,2,0,3,0,3586,1,0,1,0,0,3,5273,1,3,0] sig=B05D2:DF9B29137DF340BB end=1
OG	0	02:30:10.830	Core 01	2026.07.09 01:00:00   [AdaptiveSurvivalEA][BRAIN_UPDATE] schema=B05T1 h=1783555200 d=[2,3210,1,1310,327,10000,9497,856,3210] m=[3,3240,-345,-345,-688,1,0,3477,4659,5000,-458,458,918,-918,3240,223179,189935,33245] v=[0,6155,3,4884,1,1,12,10,12310,12,9,0,2916,13,10,0,2893,6,4,0,6072,856,1689,0,9497,15043,0,5341,856,0,2376,4884,850] p=[2,0,2,0,3,0,3240,1,0,2,0,0,3,4884,1,3,0] sig=B05D2:2D80734758269230 end=1
HG	0	02:30:10.830	Core 01	2026.07.09 02:00:00   [AdaptiveSurvivalEA][BRAIN_UPDATE] schema=B05T1 h=1783558800 d=[2,2950,1,1631,487,10000,5657,500,2950] m=[4,2250,-991,-991,5757,1,0,90,137,2329,1527,1515,10000,10000,2250,243703,223179,20523] v=[0,5842,3,9369,1,1,11,10,11684,12,10,0,2887,12,10,0,2661,6,4,0,5043,500,697,0,5657,6607,0,9863,500,0,2118,9369,833] p=[2,0,2,0,4,0,2250,1,0,2,0,0,3,9369,1,3,0] sig=B05D2:8FDC6F3C0E46D428 end=1
KE	0	02:30:10.830	Core 01	2026.07.09 03:00:00   [AdaptiveSurvivalEA][BRAIN_UPDATE] schema=B05T1 h=1783562400 d=[2,2335,1,1422,440,10000,1872,161,2335] m=[3,3868,1619,1619,4136,1,0,1310,2800,8000,1104,1100,7172,7172,3868,266156,243703,22453] v=[0,5635,3,7084,1,1,11,9,11269,12,10,0,2883,12,10,0,2835,6,4,0,6013,161,1469,0,1872,13125,0,7200,161,0,2346,7084,831] p=[2,0,2,0,3,0,3868,1,0,2,0,0,3,7084,1,3,0] sig=B05D2:E9CEA14A63E3B859 end=1
JM	0	02:30:10.830	Core 01	2026.07.09 04:00:00   [AdaptiveSurvivalEA][BRAIN_UPDATE] schema=B05T1 h=1783566000 d=[2,2254,1,1508,506,10000,1107,89,2254] m=[2,4008,140,140,4451,1,0,2717,3649,5405,1530,1518,7383,7383,4008,292885,266156,26729] v=[0,5269,3,6295,1,1,10,9,10538,12,10,0,2814,12,10,0,2406,6,4,0,5496,89,836,0,1107,7271,0,6351,89,0,2143,6295,792] p=[2,0,2,0,2,0,4008,1,0,2,0,0,3,6295,1,3,0] sig=B05D2:7D54D02E95980FA8 end=1
HK	0	02:30:10.830	Core 01	2026.07.09 05:00:00   [AdaptiveSurvivalEA][BRAIN_UPDATE] schema=B05T1 h=1783569600 d=[2,3805,1,1708,624,10000,17474,1534,3805] m=[4,3122,-885,-885,3938,1,0,105,244,9268,1137,1132,6744,6744,3122,316049,292885,23165] v=[0,5070,3,8259,1,1,10,9,10139,12,10,0,2640,11,10,0,376,5,4,0,1871,1534,2852,0,17474,25446,0,9756,1534,0,977,8259,697] p=[2,0,2,0,4,0,3122,1,0,2,0,0,3,8259,1,3,0] sig=B05D2:CB72FCD8301F93D5 end=1
NS	0	02:30:10.830	Core 01	2026.07.09 06:00:00   [AdaptiveSurvivalEA][BRAIN_UPDATE] schema=B05T1 h=1783573200 d=[2,4213,1,2150,844,10000,30851,2491,4213] m=[2,4777,1654,1654,3888,1,0,4674,5195,5714,1239,1232,6543,6543,4777,355865,316049,39816] v=[0,4600,3,3608,1,1,9,9,9201,12,10,0,2410,11,11,182,0,5,5,0,909,2491,3279,0,30851,30237,203,4805,2491,61,704,3608,581] p=[2,0,2,0,2,0,4777,1,0,2,0,0,3,3608,1,3,0] sig=B05D2:D3F6C4A044B1DB47 end=1
EO	0	02:30:10.830	Core 01	2026.07.09 07:00:00   [AdaptiveSurvivalEA][BRAIN_UPDATE] schema=B05T1 h=1783576800 d=[3,4873,1,3667,1520,10000,39594,2956,4873] m=[0,7040,2263,2263,6133,1,0,13158,6000,6000,3912,3724,8542,8542,7040,402177,355865,46312] v=[0,4546,3,2818,1,1,8,9,9091,12,10,0,2172,11,11,0,84,6,5,0,1590,2956,2477,1932,39594,22120,7900,4000,2956,0,2736,2818,472] p=[3,0,2,0,0,0,7040,1,0,2,0,0,3,2818,1,3,0] sig=B05D2:236A1285E625CA12 end=1
ND	0	02:30:10.830	Core 01	2026.07.09 08:00:00   [AdaptiveSurvivalEA][BRAIN_UPDATE] schema=B05T1 h=1783580400 d=[3,5077,1,3985,1738,10000,45405,3407,5077] m=[1,6111,-929,-929,3754,1,0,7812,6737,6737,2807,2736,4772,4772,6111,442314,402177,40137] v=[0,4422,3,2152,1,1,8,9,8844,12,10,0,1912,10,11,401,0,5,5,0,1272,3407,2469,3795,45405,21580,10000,3263,3407,134,3396,2152,366] p=[3,1,2,0,1,0,6111,1,0,2,0,0,3,2152,1,0,1] sig=B05D2:1794501A243EF09F end=1
PO	0	02:30:10.830	Core 01	2026.07.09 09:00:00   [AdaptiveSurvivalEA][BRAIN_UPDATE] schema=B05T1 h=1783584000 d=[2,4168,1,1826,937,10000,37195,2632,4168] m=[1,6094,-17,-17,-33,1,0,10732,7040,9120,0,0,66,-66,6094,437957,442314,-4357] v=[0,4427,3,2181,1,1,8,9,8855,12,10,0,1621,10,11,491,0,6,5,0,1740,2632,2718,0,37195,23333,5941,2960,2632,164,1860,2181,263] p=[2,0,2,0,1,0,6094,1,0,2,0,0,3,2181,1,3,0] sig=B05D2:8886E73B74E0E80F end=1
II	0	02:30:10.830	Core 01	2026.07.09 10:00:00   [AdaptiveSurvivalEA][BRAIN_UPDATE] schema=B05T1 h=1783587600 d=[2,3776,1,1104,674,10000,25565,1974,3776] m=[1,4927,-1167,-1167,1088,1,0,5235,5584,9481,1023,1019,1156,1156,4927,419038,437957,-18919] v=[0,4436,3,3544,1,1,8,9,8872,12,10,0,1269,10,12,1370,0,5,5,187,0,1974,1654,1930,25565,14651,7449,4416,1974,519,2130,3544,161] p=[2,0,2,0,1,1,4927,1,0,2,0,0,3,3544,1,3,0] sig=B05D2:3A8830B7CE9E4FA end=1
LL	0	02:30:10.830	Core 01	2026.07.09 11:00:00   [AdaptiveSurvivalEA][BRAIN_UPDATE] schema=B05T1 h=1783591200 d=[2,1991,1,655,512,0,20196,1457,1991] m=[0,6064,1136,1136,-1818,1,0,9101,6952,7524,-1770,1752,1885,-1885,6064,387378,419038,-31660] v=[0,4334,3,2604,1,1,8,9,8669,11,10,0,956,10,11,1270,0,5,5,0,980,1457,1089,3374,20196,9082,10000,3048,1457,423,3062,2604,91] p=[2,0,2,0,0,0,6064,1,0,2,0,0,3,2604,1,3,0] sig=B05D2:41E7C84D7F9CFB92 end=1
HK	0	02:30:10.830	Core 01	2026.07.09 12:00:00   [AdaptiveSurvivalEA][BRAIN_UPDATE] schema=B05T1 h=1783594800 d=[2,3700,1,381,399,10000,41319,3244,3700] m=[1,6388,324,324,-3416,1,0,6927,7125,9250,-3038,2948,3884,-3884,6388,359940,387378,-27438] v=[0,4448,3,1942,1,1,8,9,8896,11,11,0,598,9,12,2164,0,5,6,617,0,3244,1900,7074,41319,16475,10000,2875,3244,927,3534,1942,36] p=[2,0,2,0,1,0,6388,1,0,2,0,0,3,1942,1,2,1] sig=B05D2:A03B53232B86803D end=1
IP	0	02:30:10.830	Core 01	2026.07.09 13:00:00   [AdaptiveSurvivalEA][BRAIN_UPDATE] schema=B05T1 h=1783598400 d=[2,1676,1,454,408,0,12150,1204,1676] m=[1,4713,-1675,-1675,-2934,1,0,5239,3534,8195,-2408,2362,3506,-3506,4713,354563,359940,-5377] v=[0,4848,3,5687,1,1,9,9,9695,11,11,0,202,9,13,2846,0,4,6,2674,0,1204,330,10000,12150,2971,10000,6466,1204,1840,4040,5687,4] p=[2,0,2,0,1,1,4713,1,0,2,0,0,3,5687,1,3,0] sig=B05D2:8DC9015FCF1A5C73 end=1
RH	0	02:30:10.830	Core 01	2026.07.09 14:00:00   [AdaptiveSurvivalEA][BRAIN_UPDATE] schema=B05T1 h=1783602000 d=[2,3840,1,1333,755,10000,20634,2008,3840] m=[0,7691,2978,2978,2946,1,0,14650,9281,9935,2517,2465,3426,3426,7691,357745,354563,3181] v=[0,5233,3,575,1,1,10,9,10467,11,11,179,0,9,13,2739,0,5,6,2080,0,2008,977,10000,20634,8576,10000,719,2008,1666,4000,575,0] p=[2,0,2,0,0,0,7691,1,0,2,0,0,3,575,1,2,1] sig=B05D2:FB03F1CE1E7F5001 end=1
GN	0	02:30:10.830	Core 01	2026.07.09 15:00:00   [AdaptiveSurvivalEA][BRAIN_UPDATE] schema=B05T1 h=1783605600 d=[2,3407,1,1912,1007,10000,7723,783,3407] m=[0,4509,-3182,-3182,420,1,0,6139,4276,8897,337,337,504,504,4509,375092,357745,17347] v=[0,5448,3,5276,1,1,10,9,10895,10,11,591,0,9,13,2846,0,5,7,2414,0,783,1368,0,7723,12104,0,5724,783,1950,0,5276,0] p=[2,0,2,0,0,1,4509,1,0,2,0,0,3,5276,1,3,0] sig=B05D2:F8A72E22FB8301F3 end=1
JK	0	02:30:10.830	Core 01	2026.07.09 16:00:00   [AdaptiveSurvivalEA][BRAIN_UPDATE] schema=B05T1 h=1783609200 d=[2,3582,1,1655,930,10000,10880,1096,3582] m=[2,5324,815,815,3461,1,0,5392,4956,8496,2812,2740,4183,4183,5324,374486,375092,-606] v=[0,5598,3,4491,1,1,10,9,11196,10,11,961,0,9,13,2670,0,5,6,1923,0,1096,2037,0,10880,17627,0,5044,1096,1851,0,4491,0] p=[2,0,2,0,2,0,5324,1,0,2,0,0,3,4491,1,3,0] sig=B05D2:DBAE44DED4FD5BF3 end=1
MP	0	02:30:10.830	Core 01	2026.07.09 17:00:00   [AdaptiveSurvivalEA][BRAIN_UPDATE] schema=B05T1 h=1783612800 d=[2,4091,1,1858,1039,10000,19959,2235,4091] m=[4,2920,-2404,-2404,1901,1,0,1432,2419,6935,1413,1404,2399,2399,2920,379292,374486,4806] v=[0,5639,3,5886,1,1,10,9,11278,10,12,1350,0,9,13,3000,0,5,7,2967,0,2235,617,10000,19959,5370,10000,7581,2235,2439,4000,5886,0] p=[2,0,2,0,4,0,2920,1,0,2,0,0,3,5886,1,3,0] sig=B05D2:5A80C5D8532E091A end=1
QI	0	02:30:10.830	Core 01	2026.07.09 18:00:00   [AdaptiveSurvivalEA][BRAIN_UPDATE] schema=B05T1 h=1783616400 d=[2,3979,1,1579,958,10000,19575,2194,3979] m=[4,2411,-509,-509,3429,1,0,576,896,5075,2437,2390,4468,4468,2411,370278,379292,-9014] v=[0,5608,3,7107,1,1,10,9,11216,10,12,1680,0,9,13,2773,0,5,7,2943,0,2194,891,10000,19575,8022,10000,9104,2194,2465,4000,7107,0] p=[2,0,2,0,4,0,2411,1,0,2,0,0,3,7107,1,3,0] sig=B05D2:B7A67538E186AE52 end=1
EP	0	02:30:10.830	Core 01	2026.07.09 19:00:00   [AdaptiveSurvivalEA][BRAIN_UPDATE] schema=B05T1 h=1783620000 d=[2,3573,1,1098,778,10000,13755,1537,3573] m=[2,4244,1833,1833,-1998,1,0,3580,5588,6765,-999,995,3000,-3000,4244,331505,370278,-38773] v=[0,5706,3,3734,1,1,11,9,11412,10,12,1867,0,9,12,2464,0,5,6,2462,0,1537,627,10000,13755,6222,10000,4412,1537,2264,4000,3734,0] p=[2,0,2,0,2,0,4244,1,0,2,0,0,3,3734,1,3,0] sig=B05D2:FCF64500E8EAB704 end=1
DD	0	02:30:10.830	Core 01	2026.07.09 20:00:00   [AdaptiveSurvivalEA][BRAIN_UPDATE] schema=B05T1 h=1783623600 d=[2,1041,1,113,382,0,6071,659,1041] m=[2,5105,861,861,-1926,1,0,5510,6556,7556,-934,931,2921,-2921,5105,313005,331505,-18500] v=[0,5748,3,3218,1,1,11,9,11495,10,12,2006,0,10,12,2307,0,5,6,2114,0,659,545,2074,6071,5689,671,3444,659,2142,549,3218,0] p=[2,0,2,0,2,0,5105,1,0,2,0,0,3,3218,1,3,0] sig=B05D2:CE13D3D8A6019DAE end=1
EL	0	02:30:10.830	Core 01	2026.07.09 21:01:30   [AdaptiveSurvivalEA][BRAIN_UPDATE] schema=B05T1 h=1783627200 d=[2,646,1,-283,247,0,4277,426,646] m=[2,4971,-134,-134,-4171,1,0,1982,6552,7931,-1815,1796,6547,-6547,4971,296971,313005,-16034] v=[0,5142,3,3301,1,1,10,9,10285,10,12,2185,0,9,13,2658,0,5,6,2529,0,426,856,0,4277,9497,0,3448,426,2457,0,3301,0] p=[2,0,2,0,2,0,4971,1,0,2,0,0,3,3301,1,3,0] sig=B05D2:669857F83026FA23 end=1
PP	0	02:30:10.830	Core 01	2026.07.09 22:00:00   [AdaptiveSurvivalEA][BRAIN_UPDATE] schema=B05T1 h=1783630800 d=[2,2413,1,23,370,10000,5385,505,2413] m=[4,3798,-1173,-1173,-3190,1,0,769,2593,10000,-1429,1419,4962,-4962,3798,274512,296971,-22459] v=[0,4881,3,7034,1,1,9,9,9762,9,12,2343,0,9,12,2810,0,5,6,2173,0,505,500,85,5385,5657,0,7407,505,2442,17,7034,0] p=[2,0,2,0,4,0,3798,1,0,2,0,0,3,7034,1,3,0] sig=B05D2:9B4A3EB46A0D4D2B end=1
HG	0	02:30:10.830	Core 01	2026.07.09 23:00:00   [AdaptiveSurvivalEA][BRAIN_UPDATE] schema=B05T1 h=1783634400 d=[2,3089,1,435,550,10000,10670,924,3089] m=[2,4766,968,968,-1878,1,0,3166,6000,9556,-1032,1028,2727,-2727,4766,261633,274512,-12880] v=[0,4576,3,3630,1,1,9,9,9151,9,12,2492,0,9,12,2781,0,5,6,1984,0,924,161,10000,10670,1872,10000,4000,924,2419,4000,3630,0] p=[2,0,2,0,2,0,4766,1,0,2,0,0,3,3630,1,3,0] sig=B05D2:82F941A94B37C5DA end=1
OL	0	02:30:10.830	Core 01	2026.07.10 00:00:00   [AdaptiveSurvivalEA][BRAIN_UPDATE] schema=B05T1 h=1783638000 d=[2,2959,1,727,682,10000,7723,657,2959] m=[4,957,-3809,-3809,-283,1,0,368,1200,2400,-221,221,345,-345,957,256322,261633,-5311] v=[0,4377,3,8222,1,1,8,9,8755,9,12,2585,0,9,12,2766,0,5,6,2135,0,657,89,10000,7723,1107,10000,8800,657,2495,4000,8222,0] p=[2,0,2,0,4,0,957,1,0,2,0,0,3,8222,1,3,0] sig=B05D2:36BA402A177A06CE end=1
NS	0	02:30:10.830	Core 01	2026.07.10 01:00:00   [AdaptiveSurvivalEA][BRAIN_UPDATE] schema=B05T1 h=1783641600 d=[2,3733,1,1425,967,10000,15771,1267,3733] m=[0,7085,6128,6128,6314,1,0,8250,5812,8376,2863,2787,9840,9840,7085,278925,256322,22603] v=[0,4421,3,3657,1,1,8,9,8842,9,12,2613,0,9,11,1653,0,5,5,385,0,1267,1534,0,15771,17474,0,4188,1267,1550,0,3657,0] p=[2,0,2,0,0,0,7085,1,0,2,0,0,3,3657,1,3,0] sig=B05D2:D85E4DBD0537B27A end=1
KL	0	02:30:10.830	Core 01	2026.07.10 02:00:00   [AdaptiveSurvivalEA][BRAIN_UPDATE] schema=B05T1 h=1783645200 d=[2,4374,1,2812,1543,10000,19246,1547,4374] m=[1,7349,265,265,6869,1,0,8684,6218,7815,4060,3851,9888,9888,7349,315730,278925,36804] v=[0,4564,3,3196,1,1,9,9,9128,9,12,2555,0,9,11,1147,0,5,5,0,144,1547,2491,0,19246,30851,0,3782,1547,1234,29,3196,0] p=[2,0,2,0,1,0,7349,1,0,2,0,0,3,3196,1,3,0] sig=B05D2:15BB63EFB72EF7C9 end=1
GR	0	02:30:10.830	Core 01	2026.07.10 03:00:00   [AdaptiveSurvivalEA][BRAIN_UPDATE] schema=B05T1 h=1783648800 d=[3,4999,1,4541,2303,10000,18713,1515,4999] m=[0,8408,1059,1059,7784,1,0,12515,7810,8102,6386,5639,9928,9928,8408,361604,315730,45874] v=[0,4571,3,1858,1,1,9,9,9143,9,12,2472,0,9,11,1576,0,5,6,538,0,1515,2956,0,18713,39594,0,2190,1515,1529,0,1858,0] p=[3,0,2,0,0,0,8408,1,0,2,0,0,3,1858,1,3,0] sig=B05D2:5AC3E80C9A8171C1 end=1
LI	0	02:30:10.830	Core 01	2026.07.10 04:00:00   [AdaptiveSurvivalEA][BRAIN_UPDATE] schema=B05T1 h=1783652400 d=[3,4935,1,4488,2384,10000,16598,1280,4935] m=[1,7255,-1153,-1153,4239,1,0,10584,7333,8250,3801,3628,4850,4850,7255,401361,361604,39757] v=[0,4437,3,2325,1,1,8,9,8873,9,12,2372,0,9,10,1173,0,5,5,19,0,1280,3407,0,16598,45405,0,2667,1280,1188,0,2325,0] p=[3,1,2,0,1,0,7255,1,0,2,0,0,3,2325,1,3,0] sig=B05D2:1C011A341F24A319 end=1
OK	0	02:30:10.830	Core 01	2026.07.10 05:00:00   [AdaptiveSurvivalEA][BRAIN_UPDATE] schema=B05T1 h=1783656000 d=[2,4295,1,2417,1640,10000,20179,1526,4295] m=[1,5798,-1457,-1457,2381,1,0,8147,6771,6771,2406,2361,2400,2400,5798,383119,401361,-18242] v=[0,4250,3,2736,1,1,8,9,8500,9,12,2271,0,9,10,1362,0,5,6,793,0,1526,2632,0,20179,37195,0,3229,1526,1476,0,2736,0] p=[2,0,2,0,1,1,5798,1,0,2,0,0,3,2736,1,3,0] sig=B05D2:9D8DE4798A0A5BF6 end=1
RM	0	02:30:10.830	Core 01	2026.07.10 06:00:00   [AdaptiveSurvivalEA][BRAIN_UPDATE] schema=B05T1 h=1783659600 d=[2,3422,1,1039,1117,10000,11133,834,3422] m=[4,2966,-2832,-2832,-80,1,0,3967,3444,5444,-77,77,83,-83,2966,344141,383119,-38978] v=[0,4156,3,6009,1,1,8,9,8312,9,12,2153,0,9,10,854,0,5,5,57,0,834,1974,0,11133,25565,0,6556,834,1021,0,6009,0] p=[2,0,2,0,4,0,2966,1,0,2,0,0,3,6009,1,3,0] sig=B05D2:391F3D0C6025F766 end=1
PP	0	02:30:10.830	Core 01	2026.07.10 07:00:00   [AdaptiveSurvivalEA][BRAIN_UPDATE] schema=B05T1 h=1783663200 d=[2,3754,1,837,1017,10000,23187,1863,3754] m=[3,2618,-347,-347,-1482,1,0,2883,2706,3882,-1354,1345,1619,-1619,2618,322428,344141,-21713] v=[0,4236,3,5935,1,1,8,9,8473,9,11,2011,0,9,10,968,0,5,5,947,0,1863,1457,2788,23187,20196,1481,7294,1863,1309,854,5935,0] p=[2,0,2,0,3,0,2618,1,0,2,0,0,3,5935,1,3,0] sig=B05D2:A7D0901B523FEBCD end=1
PH	0	02:30:10.830	Core 01	2026.07.10 08:00:00   [AdaptiveSurvivalEA][BRAIN_UPDATE] schema=B05T1 h=1783666800 d=[2,1627,1,474,864,0,10090,813,1627] m=[0,7123,4504,4504,-6475,1,0,6054,8000,8333,-5272,4832,8118,-8118,7123,282986,322428,-39442] v=[0,4202,3,1837,1,1,8,9,8405,9,11,1856,0,9,9,450,0,5,5,474,0,813,3244,0,10090,41319,0,2000,813,927,0,1837,0] p=[2,0,2,0,0,0,7123,1,0,2,0,0,3,1837,1,3,0] sig=B05D2:46E1FF267793D6ED end=1
CQ	0	02:30:10.830	Core 01	2026.07.10 09:00:00   [AdaptiveSurvivalEA][BRAIN_UPDATE] schema=B05T1 h=1783670400 d=[2,-748,1,-924,246,-10000,6764,556,-748] m=[1,7273,151,151,-6118,1,0,8093,5726,9915,-4542,4253,7983,-7983,7273,262866,282986,-20119] v=[0,4376,3,4036,1,1,8,9,8752,9,11,1708,0,9,9,167,0,5,4,0,1217,556,1204,0,6764,12150,0,4274,556,625,243,4036,0] p=[2,0,2,0,1,0,7273,1,0,2,0,0,3,4036,1,3,0] sig=B05D2:FE52775BC8BEC1D3 end=1
JH	0	02:30:10.830	Core 01	2026.07.10 10:00:00   [AdaptiveSurvivalEA][BRAIN_UPDATE] schema=B05T1 h=1783674000 d=[2,-3697,1,-2021,-245,-10000,-14415,-1311,-3697] m=[1,5590,-1683,-1683,-5642,1,0,4031,4286,9091,-3812,3637,7647,-7647,5590,263012,262866,145] v=[0,4316,3,4965,1,1,8,9,8632,9,11,1598,0,8,9,715,0,4,5,949,0,1311,2008,0,14415,20634,0,5714,1311,1088,0,4965,0] p=[2,0,2,0,1,1,5590,1,0,2,0,0,3,4965,1,3,0] sig=B05D2:7F0E58A0673458AC end=1
KL	0	02:30:10.830	Core 01	2026.07.10 11:00:00   [AdaptiveSurvivalEA][BRAIN_UPDATE] schema=B05T1 h=1783677600 d=[2,-351,1,-1420,-92,0,582,55,-351] m=[2,5785,195,195,-2068,1,0,7215,7209,7791,-1466,1456,2681,-2681,5785,255993,263012,-7019] v=[0,4519,3,2775,1,1,9,10,9039,9,10,1479,0,8,9,1141,0,4,5,949,0,55,783,0,582,7723,0,2791,55,1190,0,2775,0] p=[2,0,2,0,2,0,5785,1,0,2,0,0,3,2775,1,3,0] sig=B05D2:25E45B702DCEEDF end=1
PG	0	02:30:10.830	Core 01	2026.07.10 12:00:00   [AdaptiveSurvivalEA][BRAIN_UPDATE] schema=B05T1 h=1783681200 d=[2,-2926,1,-843,72,-10000,-8750,-909,-2926] m=[4,3620,-2164,-2164,-3610,1,0,2991,3068,5114,-2503,2452,4768,-4768,3620,250817,255993,-5176] v=[0,4737,3,6302,1,1,9,10,9473,9,10,1361,0,8,9,1454,0,4,5,1541,0,909,1096,0,8750,10880,0,6932,909,1452,0,6302,0] p=[2,0,2,0,4,0,3620,1,0,2,0,0,3,6302,1,3,0] sig=B05D2:BDD9F719ABFC9586 end=1
FE	0	02:30:10.830	Core 01	2026.07.10 13:00:00   [AdaptiveSurvivalEA][BRAIN_UPDATE] schema=B05T1 h=1783684800 d=[2,-3002,1,-1113,-113,-10000,-8071,-930,-3002] m=[4,3053,-568,-568,-2868,1,0,2093,1129,6935,-1714,1697,4038,-4038,3053,224811,250817,-26007] v=[0,5250,3,8046,1,1,10,10,10500,9,10,1176,0,9,9,437,0,4,5,583,0,930,2235,0,8071,19959,0,8871,930,732,0,8046,0] p=[2,0,2,0,4,0,3053,1,0,2,0,0,3,8046,1,3,0] sig=B05D2:41ADCE42A2617933 end=1
OM	0	02:30:10.830	Core 01	2026.07.10 14:00:00   [AdaptiveSurvivalEA][BRAIN_UPDATE] schema=B05T1 h=1783688400 d=[2,-3811,1,-1856,-474,-10000,-15787,-1763,-3811] m=[0,6714,3661,3661,-3156,1,0,7941,8317,8515,-1947,1923,4389,-4389,6714,220479,224811,-4332] v=[0,5517,3,1386,1,1,11,10,11035,9,10,980,0,9,9,334,0,5,5,0,326,1763,2194,0,15787,19575,0,1683,1763,438,65,1386,0] p=[2,0,2,0,0,0,6714,1,0,2,0,0,3,1386,1,3,0] sig=B05D2:343147BEC6D08E end=1
OF	0	02:30:10.830	Core 01	2026.07.10 15:00:00   [AdaptiveSurvivalEA][BRAIN_UPDATE] schema=B05T1 h=1783692000 d=[2,-3676,1,-2209,-681,-10000,-10431,-1236,-3676] m=[0,2250,-4464,-4464,-1766,1,0,1098,723,6325,-1061,1057,2475,-2475,2250,234511,220479,14033] v=[0,5684,3,8130,1,1,11,10,11367,9,10,860,0,9,9,11,0,5,5,253,0,1236,1537,0,10431,13755,0,9277,1236,374,0,8130,0] p=[2,0,2,0,0,1,2250,1,0,2,0,0,3,8130,1,3,0] sig=B05D2:5B77EE4144946564 end=1
GO	0	02:30:10.830	Core 01	2026.07.10 16:00:00   [AdaptiveSurvivalEA][BRAIN_UPDATE] schema=B05T1 h=1783695600 d=[2,2511,1,-533,-57,10000,8568,956,2511] m=[0,6779,4529,4529,950,1,0,13249,8621,9195,530,529,1370,1370,6779,211185,234511,-23326] v=[0,5871,3,1247,1,1,11,10,11742,9,10,760,0,10,10,0,231,5,5,0,315,956,659,4511,8568,6071,4113,1379,956,253,1834,1247,0] p=[2,0,2,0,0,0,6779,1,0,2,0,0,3,1247,1,3,0] sig=B05D2:9F9E83093DD0649C end=1
HF	0	02:30:10.830	Core 01	2026.07.10 17:00:00   [AdaptiveSurvivalEA][BRAIN_UPDATE] schema=B05T1 h=1783699200 d=[2,-1406,1,142,204,-10000,0,0,-1406] m=[0,5595,-1184,-1184,-380,1,0,7157,6838,9915,-412,411,349,-349,5595,185398,211185,-25787] v=[0,5783,3,3162,1,1,11,10,11566,9,10,569,0,10,9,0,1037,5,5,0,1184,0,426,0,0,4277,0,3162,0,190,444,3162,0] p=[2,0,2,0,0,1,5595,1,0,2,0,0,3,3162,1,3,0] sig=B05D2:13B776710FCC8EF6 end=1
DD	0	02:30:10.830	Core 01	2026.07.10 18:00:00   [AdaptiveSurvivalEA][BRAIN_UPDATE] schema=B05T1 h=1783702800 d=[2,-3433,1,-1507,-479,-10000,-11080,-1066,-3433] m=[0,6943,1348,1348,-2259,1,0,10113,7823,9048,-2058,2029,2489,-2489,6943,194458,185398,9060] v=[0,5872,3,1945,1,1,11,10,11744,9,9,346,0,11,9,0,1988,6,5,0,2229,1066,505,10000,11080,5385,10000,2177,1066,115,4843,1945,0] p=[2,0,2,0,0,0,6943,1,0,2,0,0,3,1945,1,2,1] sig=B05D2:9826A5A09742EAC1 end=1
EK	0	02:30:10.830	Core 01	2026.07.10 19:00:00   [AdaptiveSurvivalEA][BRAIN_UPDATE] schema=B05T1 h=1783706400 d=[2,-4047,1,-2514,-932,-10000,-15096,-1438,-4047] m=[0,1531,-5412,-5412,-977,1,0,1078,1875,2500,-809,807,1147,-1147,1531,222895,194458,28437] v=[0,5738,3,6956,1,1,11,10,11475,9,9,94,0,11,9,0,2127,6,5,0,1914,1438,924,5569,15096,10670,4148,8125,1438,31,2752,6956,0] p=[2,0,2,0,0,1,1531,1,0,2,0,0,3,6956,1,3,0] sig=B05D2:8B6E6F4C4528660C end=1
NM	0	02:30:10.830	Core 01	2026.07.10 20:00:00   [AdaptiveSurvivalEA][BRAIN_UPDATE] schema=B05T1 h=1783710000 d=[2,-4110,1,-2549,-1007,-10000,-16240,-1482,-4110] m=[3,1837,306,306,-1464,1,0,653,2188,3437,-1195,1189,1739,-1739,1837,247540,222895,24645] v=[0,5518,3,6655,1,1,11,10,11036,9,9,0,140,11,9,0,2509,6,5,0,2255,1482,657,10000,16240,7723,10000,7812,1482,0,4981,6655,2] p=[2,0,2,0,3,0,1837,1,0,2,0,0,3,6655,1,3,0] sig=B05D2:B3A298FD8B4379F6 end=1
QR	0	02:30:10.830	Core 01	2026.07.12 21:05:00   [AdaptiveSurvivalEA][BRAIN_UPDATE] schema=B05T1 h=1783713600 d=[2,-4316,1,-2509,-1051,-10000,-24027,-2272,-4316] m=[3,3798,1961,1961,-7001,1,0,946,1538,5385,-4238,4001,10000,-10000,3798,277271,247540,29731] v=[0,5439,3,6539,1,1,11,10,10878,9,9,0,338,11,9,0,1700,6,5,0,888,2272,1267,7931,24027,15771,5235,8462,2272,0,3218,6539,11] p=[2,0,2,0,3,0,3798,1,0,2,0,0,3,6539,1,3,0] sig=B05D2:1474B8255ED6F39B end=1
JP	0	02:30:10.830	Core 01	2026.07.12 22:00:00   [AdaptiveSurvivalEA][BRAIN_UPDATE] schema=B05T1 h=1783890000 d=[1,-4870,1,-3261,-1414,-10000,-39747,-3836,-4870] m=[2,4547,749,749,-6049,1,0,2129,4000,6000,-2129,2098,10000,-10000,4547,319610,277271,42338] v=[0,5790,3,3699,1,1,11,10,11579,10,9,0,490,10,9,0,1118,5,5,0,66,3836,1547,10000,39747,19246,10000,6000,3836,0,4335,3699,24] p=[1,0,2,0,2,0,4547,1,0,2,0,0,3,3699,1,3,0] sig=B05D2:CB3D21957BA3B81 end=1
HH	0	02:30:10.830	Core 01	2026.07.12 23:00:00   [AdaptiveSurvivalEA][BRAIN_UPDATE] schema=B05T1 h=1783893600 d=[1,-5587,1,-4487,-1987,-10000,-54416,-5563,-5587] m=[0,6286,1739,1739,-5827,1,0,7921,5576,5818,-1670,1655,10000,-10000,6286,366077,319610,46467] v=[0,5957,3,1963,1,1,12,10,11915,10,9,0,651,10,9,0,1567,5,5,38,0,5563,1515,10000,54416,18713,10000,4424,5563,13,4444,1963,42] p=[1,1,2,0,0,0,6286,1,0,2,0,0,3,1963,1,0,1] sig=B05D2:F896A7E142CD9159 end=1
GQ	0	02:30:10.830	Core 01	2026.07.13 00:00:00   [AdaptiveSurvivalEA][BRAIN_UPDATE] schema=B05T1 h=1783897200 d=[1,-5146,1,-3850,-1818,-10000,-38397,-3981,-5146] m=[1,6656,370,370,-1964,1,0,7764,8364,10000,118,118,4045,-4045,6656,406348,366077,40271] v=[0,6066,3,985,1,1,12,10,12132,10,9,0,837,10,9,0,1355,5,5,222,0,3981,1280,10000,38397,16598,10000,1636,3981,74,4439,985,70] p=[1,2,2,0,1,0,6656,1,0,2,0,0,3,985,1,2,1] sig=B05D2:4F7BEEA5D884C58E end=1
KN	0	02:30:10.830	Core 01	2026.07.13 01:00:00   [AdaptiveSurvivalEA][BRAIN_UPDATE] schema=B05T1 h=1783900800 d=[1,-5012,1,-3391,-1705,-10000,-39487,-4074,-5012] m=[1,6760,104,104,-3229,1,0,7263,8365,9423,-1219,1213,5245,-5245,6760,431555,406348,25207] v=[0,6115,2,4484,1,1,12,10,12231,10,9,0,1069,10,9,0,1582,5,5,0,199,4074,1526,10000,39487,20179,9568,1635,4074,0,4484,969,114] p=[1,2,2,0,1,0,6760,1,0,2,0,0,2,4484,1,2,0] sig=B05D2:FB25E3B1007DC1C end=1
GN	0	02:30:10.830	Core 01	2026.07.13 02:00:00   [AdaptiveSurvivalEA][BRAIN_UPDATE] schema=B05T1 h=1783904400 d=[1,-5010,1,-3508,-1810,-10000,-34492,-3693,-5010] m=[1,3462,-3299,-3299,-2566,1,0,1464,1364,9924,-732,731,4402,-4402,3462,466669,431555,35113] v=[0,6255,2,4652,1,1,12,10,12510,10,9,0,1339,11,9,0,1730,5,5,0,192,3693,834,10000,34492,11133,10000,8636,3693,0,4652,5447,179] p=[1,2,2,0,1,1,3462,1,0,2,0,0,2,4652,1,2,0] sig=B05D2:6462B12E29D94FC4 end=1
KH	0	02:30:10.830	Core 01	2026.07.13 03:00:00   [AdaptiveSurvivalEA][BRAIN_UPDATE] schema=B05T1 h=1783908000 d=[1,-5113,1,-3531,-1918,-10000,-42000,-4152,-5113] m=[2,4453,991,991,-2261,1,0,2975,5231,8615,-1803,1783,2739,-2739,4453,472192,466669,5524] v=[0,5797,2,4442,1,1,11,10,11594,11,9,0,1531,11,9,0,1749,5,5,0,815,4152,1863,10000,42000,23187,8114,4769,4152,0,4442,2789,234] p=[1,2,2,0,2,0,4453,1,0,2,0,0,2,4442,1,2,0] sig=B05D2:85FAA9E5065D0017 end=1
NQ	0	02:30:10.830	Core 01	2026.07.13 04:00:00   [AdaptiveSurvivalEA][BRAIN_UPDATE] schema=B05T1 h=1783911600 d=[1,-4855,1,-3119,-1819,-10000,-34224,-3345,-4855] m=[2,4652,199,199,1007,1,0,3901,5500,10000,585,585,1429,1429,4652,483602,472192,11410] v=[0,5703,2,4920,1,1,11,10,11405,11,9,0,1734,11,9,0,1993,5,5,0,873,3345,813,10000,34224,10090,10000,4500,3345,0,4920,2995,301] p=[1,2,2,0,2,0,4652,1,0,2,0,0,2,4920,1,2,0] sig=B05D2:A60FFE7727CA1A0 end=1
PR	0	02:30:10.830	Core 01	2026.07.13 05:00:00   [AdaptiveSurvivalEA][BRAIN_UPDATE] schema=B05T1 h=1783915200 d=[2,-4340,1,-2136,-1499,-10000,-25224,-2370,-4340] m=[2,4461,-191,-191,-171,1,0,4689,6250,8375,-169,169,174,-174,4461,446931,483602,-36672] v=[0,5376,2,4858,1,1,11,10,10751,11,9,0,1910,10,9,0,1892,5,5,0,488,2370,556,10000,25224,6764,10000,3750,2370,0,4858,2861,365] p=[2,0,2,0,2,0,4461,1,0,2,0,0,2,4858,1,2,0] sig=B05D2:7F3A4A566C83A0EB end=1
RH	0	02:30:10.830	Core 01	2026.07.13 06:00:00   [AdaptiveSurvivalEA][BRAIN_UPDATE] schema=B05T1 h=1783918800 d=[2,-4323,1,-2004,-1493,-10000,-27708,-2476,-4323] m=[2,4238,-223,-223,1106,1,0,4764,4050,8512,564,563,1649,1649,4238,398777,446931,-48154] v=[0,5172,2,4973,1,1,10,10,10343,11,9,0,2127,11,8,0,2688,5,4,0,1942,2476,1311,8886,27708,14415,9221,5950,2476,0,4973,4477,452] p=[2,0,2,0,2,0,4238,1,0,2,0,0,2,4973,1,2,0] sig=B05D2:5CDF7923583EEBC2 end=1
LM	0	02:30:10.830	Core 01	2026.07.13 07:00:00   [AdaptiveSurvivalEA][BRAIN_UPDATE] schema=B05T1 h=1783922400 d=[2,-4420,1,-2055,-1535,-10000,-31522,-2914,-4420] m=[4,2476,-1762,-1762,1289,1,0,2530,2241,4483,720,719,1859,1859,2476,360915,398777,-37861] v=[0,5154,2,5439,1,1,10,10,10308,11,9,0,2324,11,8,0,3331,5,4,0,1540,2914,55,10000,31522,582,10000,7759,2914,0,5439,5498,540] p=[2,0,2,0,4,0,2476,1,0,2,0,0,2,5439,1,2,0] sig=B05D2:A3E1A7D2347CF838 end=1
NK	0	02:30:10.830	Core 01	2026.07.13 08:00:00   [AdaptiveSurvivalEA][BRAIN_UPDATE] schema=B05T1 h=1783926000 d=[2,674,1,486,-460,10000,-5796,-485,674] m=[0,8540,6064,6064,6276,1,0,21009,9134,9370,5488,4996,7556,7556,8540,330275,360915,-30640] v=[0,5515,2,2279,1,1,11,10,11030,11,9,0,2532,12,8,0,4573,6,4,0,4291,485,909,0,5796,8750,0,866,485,0,2279,824,641] p=[2,0,2,0,0,0,8540,1,0,2,0,0,2,2279,1,2,0] sig=B05D2:C9B0F0712D366F27 end=1
PQ	0	02:30:10.830	Core 01	2026.07.13 09:00:00   [AdaptiveSurvivalEA][BRAIN_UPDATE] schema=B05T1 h=1783929600 d=[2,3447,1,3137,725,10000,5765,494,3447] m=[1,6730,-1811,-1811,6688,1,0,9306,5183,5505,6127,5460,7915,7915,6730,331412,330275,1137] v=[0,6031,2,2328,1,1,12,10,12063,11,9,0,2682,12,9,0,3713,7,4,0,5246,494,930,0,5765,8071,0,4817,494,0,2328,4578,719] p=[2,0,2,0,1,0,6730,1,0,2,0,0,2,2328,1,3,1] sig=B05D2:AE28706C89393598 end=1
PD	0	02:30:10.830	Core 01	2026.07.13 10:00:00   [AdaptiveSurvivalEA][BRAIN_UPDATE] schema=B05T1 h=1783933200 d=[2,3819,1,3264,890,10000,8473,776,3819] m=[1,4586,-2143,-2143,5082,1,0,3326,4200,5900,4434,4165,6000,6000,4586,332397,331412,985] v=[0,6235,3,5350,1,1,13,10,12470,11,9,0,2787,12,9,0,3443,6,5,0,3554,776,1763,0,8473,15787,0,5800,776,0,1957,5350,777] p=[2,0,2,0,1,1,4586,1,0,2,0,0,3,5350,1,3,0] sig=B05D2:CD49D647F5A2D4D9 end=1
PM	0	02:30:10.830	Core 01	2026.07.13 11:00:00   [AdaptiveSurvivalEA][BRAIN_UPDATE] schema=B05T1 h=1783936800 d=[2,3860,1,2880,832,10000,10428,953,3860] m=[2,5762,1175,1175,6624,1,0,3035,4062,10000,5728,5174,8074,8074,5762,324532,332397,-7866] v=[0,6305,3,5372,1,1,13,10,12610,11,9,0,2873,11,9,0,2359,7,5,0,4227,953,1236,0,10428,10431,0,5938,953,0,1892,5372,825] p=[2,0,2,0,2,0,5762,1,0,2,0,0,3,5372,1,3,0] sig=B05D2:E97CFD724C8623B end=1
MI	0	02:30:10.830	Core 01	2026.07.13 12:00:00   [AdaptiveSurvivalEA][BRAIN_UPDATE] schema=B05T1 h=1783940400 d=[2,1260,1,2349,688,10000,-7941,-749,1260] m=[0,6323,562,562,4506,1,0,6591,6803,8115,4113,3896,5116,5116,6323,322666,324532,-1866] v=[0,6142,3,2957,1,1,13,10,12283,11,9,0,2900,11,10,0,1558,6,5,0,2293,749,956,0,7941,8568,0,3197,749,0,1350,2957,841] p=[2,0,2,0,0,0,6323,1,0,2,0,0,3,2957,1,3,0] sig=B05D2:630221459A71DCFF end=1
CL	0	02:30:10.830	Core 01	2026.07.13 13:00:00   [AdaptiveSurvivalEA][BRAIN_UPDATE] schema=B05T1 h=1783944000 d=[2,2335,1,1826,530,10000,987,93,2335] m=[0,3998,-2325,-2325,1521,1,0,2879,3365,9904,1020,1016,2025,2025,3998,293500,322666,-29166] v=[0,5896,3,6573,1,1,12,10,11793,12,9,0,2840,11,10,0,994,6,5,0,1179,93,0,0,987,0,0,6635,93,0,1003,6573,806] p=[2,0,2,0,0,1,3998,1,0,2,0,0,3,6573,1,3,0] sig=B05D2:1BABC2628CD4F5A6 end=1
DO	0	02:30:10.830	Core 01	2026.07.13 14:00:00   [AdaptiveSurvivalEA][BRAIN_UPDATE] schema=B05T1 h=1783947600 d=[2,-1724,1,613,89,-10000,-2674,-254,-1724] m=[0,8056,4058,4058,-4576,1,0,12978,8777,9947,-3398,3273,5879,-5879,8056,257840,293500,-35660] v=[0,6130,3,1192,1,1,13,10,12259,12,9,0,2753,11,11,0,571,6,6,0,582,254,1066,0,2674,11080,0,1223,254,0,781,1192,758] p=[2,0,2,0,0,0,8056,1,0,2,0,0,3,1192,1,3,0] sig=B05D2:31D0E0BD31A67B3A end=1
JD	0	02:30:10.830	Core 01	2026.07.13 15:00:00   [AdaptiveSurvivalEA][BRAIN_UPDATE] schema=B05T1 h=1783951200 d=[2,-3137,1,-1250,-652,-10000,-7920,-745,-3137] m=[0,5419,-2637,-2637,-5008,1,0,6412,4722,5667,-3907,3720,6296,-6296,5419,262476,257840,4636] v=[0,6354,3,4884,1,1,13,10,12707,12,9,0,2689,12,11,0,1013,7,6,0,1342,745,1438,0,7920,15096,0,5278,745,0,1009,4884,723] p=[2,0,2,0,0,1,5419,1,0,2,0,0,3,4884,1,3,0] sig=B05D2:7185ED448162819C end=1
FN	0	02:30:10.830	Core 01	2026.07.13 16:00:00   [AdaptiveSurvivalEA][BRAIN_UPDATE] schema=B05T1 h=1783954800 d=[2,-3723,1,-2098,-1028,-10000,-10964,-988,-3723] m=[2,4920,-499,-499,-6580,1,0,3450,4412,4902,-5260,4823,8337,-8337,4920,272280,262476,9804] v=[0,6218,3,5036,1,1,13,10,12437,12,9,0,2639,12,11,0,1299,7,6,0,1627,988,1482,0,10964,16240,0,5588,988,0,1113,5036,697] p=[2,0,2,0,2,0,4920,1,0,2,0,0,3,5036,1,3,0] sig=B05D2:8D9617505DDD40A4 end=1
GE	0	02:30:10.830	Core 01	2026.07.13 17:00:00   [AdaptiveSurvivalEA][BRAIN_UPDATE] schema=B05T1 h=1783958400 d=[2,-4388,1,-2952,-1407,-10000,-18571,-1662,-4388] m=[0,7397,2477,2477,-6784,1,0,9286,6533,7035,-5571,5059,8509,-8509,7397,299029,272280,26750] v=[0,6638,3,2891,1,1,14,11,13276,12,9,0,2665,13,11,0,2205,7,6,0,3306,1662,2272,0,18571,24027,0,3467,1662,0,1635,2891,710] p=[2,0,2,0,0,0,7397,1,0,2,0,0,3,2891,1,3,0] sig=B05D2:20B9A7B8770B88C5 end=1
DN	0	02:30:10.830	Core 01	2026.07.13 18:00:00   [AdaptiveSurvivalEA][BRAIN_UPDATE] schema=B05T1 h=1783962000 d=[2,-4419,1,-3751,-1800,-10000,-11643,-1099,-4419] m=[0,5441,-1956,-1956,-7851,1,0,1663,4107,8214,-6479,5703,10000,-10000,5441,322212,299029,23183] v=[0,6524,3,5245,1,1,14,11,13048,12,10,0,2617,13,10,0,2534,7,5,0,3921,1099,3836,0,11643,39747,0,5893,1099,0,1814,5245,685] p=[2,0,2,0,0,1,5441,1,0,2,0,0,3,5245,1,3,0] sig=B05D2:74360BD91C7D1D28 end=1
RO	0	02:30:10.830	Core 01	2026.07.13 19:00:00   [AdaptiveSurvivalEA][BRAIN_UPDATE] schema=B05T1 h=1783965600 d=[2,-3779,1,-3537,-1795,-10000,-5382,-521,-3779] m=[2,4215,-1226,-1226,-6490,1,0,885,2791,6744,-3996,3796,9184,-9184,4215,346617,322212,24405] v=[0,6373,3,6834,1,1,14,11,12746,12,10,0,2519,12,10,0,1784,7,5,0,3359,521,5563,0,5382,54416,0,7209,521,0,1532,6834,634] p=[2,0,2,0,2,0,4215,1,0,2,0,0,3,6834,1,3,0] sig=B05D2:D6A22252446F5E end=1
JJ	0	02:30:10.830	Core 01	2026.07.13 20:00:00   [AdaptiveSurvivalEA][BRAIN_UPDATE] schema=B05T1 h=1783969200 d=[1,-4579,1,-3515,-1867,-10000,-15682,-1526,-4579] m=[2,5915,1700,1700,-6196,1,0,3274,7049,7377,-3487,3352,9040,-9040,5915,378747,346617,32130] v=[0,6150,3,2501,1,1,13,11,12300,12,10,0,2360,12,10,0,1606,7,5,0,2844,1526,3981,0,15682,38397,0,2951,1526,0,1362,2501,557] p=[1,0,2,0,2,0,5915,1,0,2,0,0,3,2501,1,3,0] sig=B05D2:BB915A4EA93CCA97 end=1
IE	0	02:30:10.830	Core 01	2026.07.13 21:01:30   [AdaptiveSurvivalEA][BRAIN_UPDATE] schema=B05T1 h=1783972800 d=[1,-4605,1,-3890,-2098,-10000,-12869,-1261,-4605] m=[2,5837,-78,-78,-6232,1,0,3510,6250,7639,-3572,3428,9036,-9036,5837,417991,378747,39244] v=[0,5984,3,3277,1,1,13,11,11969,12,10,0,2158,12,10,0,1409,7,5,0,2191,1261,4074,0,12869,39487,0,3750,1261,0,1152,3277,465] p=[1,1,2,0,2,0,5837,1,0,2,0,0,3,3277,1,3,0] sig=B05D2:BBD90FC0868D42F4 end=1
ED	0	02:30:10.830	Core 01	2026.07.13 22:00:00   [AdaptiveSurvivalEA][BRAIN_UPDATE] schema=B05T1 h=1783976400 d=[1,-4572,1,-3917,-2246,-10000,-11943,-1025,-4572] m=[2,5419,-418,-418,-1958,1,0,4097,7231,10000,-907,904,3012,-3012,5419,452510,417991,34519] v=[0,5345,3,2485,1,1,11,11,10689,12,10,0,1855,12,11,0,871,7,5,0,2613,1025,3693,0,11943,34492,0,2769,1025,0,1068,2485,344] p=[1,2,2,0,2,0,5419,1,0,2,0,0,3,2485,1,3,0] sig=B05D2:9F4BF1C95E653A2C end=1
HM	0	02:30:10.830	Core 01	2026.07.13 23:00:00   [AdaptiveSurvivalEA][BRAIN_UPDATE] schema=B05T1 h=1783980000 d=[1,-4589,1,-3780,-2339,-10000,-12780,-984,-4589] m=[2,4525,-895,-895,-2093,1,0,2439,5319,9787,-1054,1050,3136,-3136,4525,447409,452510,-5102] v=[0,4775,3,4220,1,1,10,11,9550,12,11,0,1604,12,11,0,888,7,5,0,2400,984,4152,0,12780,42000,0,4681,984,0,978,4220,257] p=[1,2,2,0,2,0,4525,1,0,2,0,0,3,4220,1,3,0] sig=B05D2:F2BA82669B2E6673 end=1
JD	0	02:30:10.830	Core 01	2026.07.14 00:00:00   [AdaptiveSurvivalEA][BRAIN_UPDATE] schema=B05T1 h=1783983600 d=[1,-4660,1,-3591,-2355,-10000,-15590,-1169,-4660] m=[2,4361,-164,-164,-1560,1,0,2445,6154,8718,-856,854,2265,-2265,4361,449958,447409,2550] v=[0,4574,3,3397,1,1,10,11,9149,12,11,0,1353,11,11,0,595,7,5,0,2260,1169,3345,0,15590,34224,0,3846,1169,0,842,3397,183] p=[1,2,2,0,2,0,4361,1,0,2,0,0,3,3397,1,3,0] sig=B05D2:C02AC3EFE2B9B92C end=1
EH	0	02:30:10.830	Core 01	2026.07.14 01:00:00   [AdaptiveSurvivalEA][BRAIN_UPDATE] schema=B05T1 h=1783987200 d=[2,-4495,1,-2838,-2082,-10000,-18835,-1467,-4495] m=[4,2019,-2342,-2342,625,1,0,1309,1161,6071,282,282,968,968,2019,417544,449958,-32414] v=[0,4629,3,7543,1,1,10,11,9259,12,11,0,1194,11,10,0,934,6,5,0,2106,1467,2370,0,18835,25224,0,8839,1467,0,847,7543,143] p=[2,0,2,0,4,0,2019,1,0,2,0,0,3,7543,1,3,0] sig=B05D2:80EA6B1540337DEC end=1
DS	0	02:30:10.830	Core 01	2026.07.14 02:00:00   [AdaptiveSurvivalEA][BRAIN_UPDATE] schema=B05T1 h=1783990800 d=[2,-3895,1,-2157,-1876,-10000,-10550,-791,-3895] m=[2,5459,3440,3440,4285,1,0,4220,6780,7119,2089,2059,6510,6510,5459,377669,417544,-39875] v=[0,4425,3,2966,1,1,9,11,8850,12,11,0,1049,11,11,0,420,6,5,0,1841,791,2476,0,10550,27708,0,3220,791,0,662,2966,110] p=[2,0,2,0,2,0,5459,1,0,2,0,0,3,2966,1,3,0] sig=B05D2:C89AF2C06EB5130E end=1
JO	0	02:30:10.830	Core 01	2026.07.14 03:00:00   [AdaptiveSurvivalEA][BRAIN_UPDATE] schema=B05T1 h=1783994400 d=[2,-3664,1,-1421,-1623,-10000,-11283,-817,-3664] m=[4,3209,-2250,-2250,3658,1,0,2081,3455,3636,1556,1543,5772,5772,3209,347074,377669,-30595] v=[0,4267,3,6011,1,1,9,11,8533,12,11,0,912,11,11,5,0,6,5,0,2186,817,2914,0,11283,31522,0,6545,817,2,620,6011,83] p=[2,0,2,0,4,0,3209,1,0,2,0,0,3,6011,1,3,0] sig=B05D2:248FE7BEF73DF42F end=1
CH	0	02:30:10.830	Core 01	2026.07.14 04:00:00   [AdaptiveSurvivalEA][BRAIN_UPDATE] schema=B05T1 h=1783998000 d=[2,-4066,1,-867,-1479,-10000,-36999,-2941,-4066] m=[2,4737,1528,1528,6416,1,0,3103,3133,6265,2912,2833,10000,10000,4737,331844,347074,-15229] v=[0,3924,3,4848,1,1,8,11,7848,12,11,0,693,10,12,1445,0,5,6,1493,0,2941,485,10000,36999,5796,10000,6867,2941,979,4139,4848,48] p=[2,0,2,0,2,0,4737,1,0,2,0,0,3,4848,1,3,0] sig=B05D2:A30898E6076A2351 end=1
FP	0	02:30:10.830	Core 01	2026.07.14 05:00:00   [AdaptiveSurvivalEA][BRAIN_UPDATE] schema=B05T1 h=1784001600 d=[2,-4365,1,-900,-1579,-10000,-59756,-4696,-4365] m=[2,4263,-474,-474,3576,1,0,3940,4110,5890,1786,1767,5385,5385,4263,311514,331844,-20330] v=[0,3576,3,3125,1,1,8,11,7153,12,11,0,390,9,12,2172,0,5,7,2705,0,4696,494,10000,59756,5765,10000,5890,4696,1626,4078,3125,15] p=[2,0,2,0,2,0,4263,1,0,2,0,0,3,3125,1,0,1] sig=B05D2:80954F95CAAC6E39 end=1
QI	0	02:30:10.830	Core 01	2026.07.14 06:00:00   [AdaptiveSurvivalEA][BRAIN_UPDATE] schema=B05T1 h=1784005200 d=[2,-4357,1,-1047,-1664,-10000,-54300,-4213,-4357] m=[4,2826,-1438,-1438,3641,1,0,2057,2632,2807,1920,1896,5385,5385,2826,304218,311514,-7296] v=[0,3435,3,4264,1,1,7,11,6871,11,11,0,60,9,12,2350,0,5,6,2676,0,4213,776,10000,54300,8473,10000,7368,4213,1676,4012,4264,0] p=[2,0,2,0,4,0,2826,1,0,2,0,0,3,4264,1,3,0] sig=B05D2:4690AD554A7B3690 end=1
DI	0	02:30:10.830	Core 01	2026.07.14 07:00:00   [AdaptiveSurvivalEA][BRAIN_UPDATE] schema=B05T1 h=1784008800 d=[1,-4794,1,-1714,-2056,-10000,-76127,-5182,-4794] m=[2,5967,3142,3142,-1364,1,0,9037,6413,8478,-888,886,1842,-1842,5967,268177,304218,-36041] v=[0,3086,3,1728,1,1,7,11,6172,11,11,302,0,9,11,2135,0,5,7,2675,0,5182,953,10000,76127,10428,10000,3587,5182,1704,4000,1728,0] p=[1,0,2,0,2,0,5967,1,0,2,0,0,3,1728,1,0,1] sig=B05D2:2A8FD73D5CDAFA1C end=1
HJ	0	02:30:10.830	Core 01	2026.07.14 08:00:00   [AdaptiveSurvivalEA][BRAIN_UPDATE] schema=B05T1 h=1784012400 d=[2,-2675,1,-944,-1620,0,-44975,-3279,-2675] m=[1,6454,486,486,1698,1,0,13253,6963,8519,1297,1290,2105,2105,6454,242577,268177,-25600] v=[0,3361,3,2041,1,1,7,11,6723,11,11,596,0,9,11,1895,0,5,6,2194,0,3279,749,10000,44975,7941,10000,3037,3279,1562,4000,2041,0] p=[2,0,2,0,1,0,6454,1,0,2,0,0,3,2041,1,2,1] sig=B05D2:200C05378C10798E end=1
EN	0	02:30:10.830	Core 01	2026.07.14 09:00:00   [AdaptiveSurvivalEA][BRAIN_UPDATE] schema=B05T1 h=1784016000 d=[2,-1896,1,895,-741,0,-40649,-3197,-1896] m=[1,3540,-2914,-2914,2000,1,0,4805,2891,5078,1481,1470,2531,2531,3540,247561,242577,4984] v=[0,3654,3,4836,1,1,8,11,7308,11,12,830,0,9,11,1740,0,5,6,1885,0,3197,93,10000,40649,987,10000,7109,3197,1485,4000,4836,0] p=[2,0,2,0,1,1,3540,1,0,2,0,0,3,4836,1,3,0] sig=B05D2:EDDEBFDBD2D79D1B end=1
PF	0	02:30:10.830	Core 01	2026.07.14 10:00:00   [AdaptiveSurvivalEA][BRAIN_UPDATE] schema=B05T1 h=1784019600 d=[2,-1339,1,1432,-432,0,-17389,-1653,-1339] m=[3,3167,-372,-372,3552,1,0,1523,1395,6860,2513,2462,4643,4643,3167,251881,247561,4320] v=[0,3742,3,7183,1,1,8,11,7484,10,12,1092,0,9,11,2337,0,4,6,3429,0,1653,254,10000,17389,2674,10000,8605,1653,2286,4000,7183,0] p=[2,0,2,0,3,0,3167,1,0,2,0,0,3,7183,1,3,0] sig=B05D2:F9D723BD7506D92D end=1
GR	0	02:30:10.830	Core 01	2026.07.14 11:00:00   [AdaptiveSurvivalEA][BRAIN_UPDATE] schema=B05T1 h=1784023200 d=[2,-3229,1,389,-760,-10000,-17115,-1673,-3229] m=[0,6401,3234,3234,-28,1,0,10959,8396,8868,-123,123,68,68,6401,230715,251881,-21166] v=[0,3859,3,1336,1,1,8,11,7718,10,12,1393,0,8,12,3018,0,4,7,3760,0,1673,745,10000,17115,7920,10000,1604,1673,2724,4000,1336,0] p=[2,0,2,0,0,0,6401,1,0,2,0,0,3,1336,1,2,1] sig=B05D2:D50343DCFC533A44 end=1
EG	0	02:30:10.830	Core 01	2026.07.14 12:00:00   [AdaptiveSurvivalEA][BRAIN_UPDATE] schema=B05T1 h=1784026800 d=[2,2489,1,907,-413,10000,5423,527,2489] m=[0,7520,1119,1119,4775,1,0,16047,7513,8549,4405,4140,5409,5409,7520,230647,230715,-68] v=[0,4294,3,2356,1,1,9,11,8589,10,12,1648,0,9,12,2847,0,5,7,3201,0,527,988,0,5423,10964,0,2487,527,2566,0,2356,0] p=[2,0,2,0,0,0,7520,1,0,2,0,0,3,2356,1,3,0] sig=B05D2:50D8CA0DFE141876 end=1
QO	0	02:30:10.830	Core 01	2026.07.14 13:00:00   [AdaptiveSurvivalEA][BRAIN_UPDATE] schema=B05T1 h=1784030400 d=[3,5337,1,4557,1361,10000,44521,4799,5337] m=[1,7717,196,196,6974,1,0,30715,6746,7189,7772,6511,7437,7437,7717,259752,230647,29105] v=[0,6112,3,1692,1,1,13,11,12225,10,12,1814,0,11,13,1722,0,6,7,1960,0,4799,1662,10000,44521,18571,10000,3254,4799,1832,4000,1692,0] p=[3,0,2,0,1,0,7717,1,0,2,0,0,3,1692,1,0,1] sig=B05D2:5778DC7DF97D6644 end=1
IO	0	02:30:10.830	Core 01	2026.07.14 14:00:00   [AdaptiveSurvivalEA][BRAIN_UPDATE] schema=B05T1 h=1784034000 d=[3,6242,1,7064,2539,10000,47870,5302,6242] m=[1,5418,-2298,-2298,6944,1,0,3756,3778,7259,7585,6402,7486,7486,5418,284976,259752,25224] v=[0,6419,0,5302,1,1,14,11,12838,10,12,1911,0,11,13,1404,0,6,7,1765,0,5302,1099,10000,47870,11643,10000,6222,5302,1693,4000,2923,0] p=[3,1,2,0,1,1,5418,1,0,2,0,0,0,5302,1,0,0] sig=B05D2:A1318A1B29FA841E end=1
RI	0	02:30:10.830	Core 01	2026.07.14 15:00:00   [AdaptiveSurvivalEA][BRAIN_UPDATE] schema=B05T1 h=1784037600 d=[3,5871,1,6075,2316,10000,40698,4503,5871] m=[2,5201,-217,-217,5734,1,0,4601,3439,7354,6200,5511,5957,5957,5201,312653,284976,27678] v=[0,6659,0,4503,1,1,14,11,13318,10,12,1952,0,12,12,389,0,6,7,919,0,4503,521,10000,40698,5382,10000,6561,4503,1087,4000,3607,0] p=[3,2,2,0,2,0,5201,1,0,2,0,0,0,4503,1,0,0] sig=B05D2:72BD17693B0FC14C end=1
RF	0	02:30:10.830	Core 01	2026.07.14 16:00:00   [AdaptiveSurvivalEA][BRAIN_UPDATE] schema=B05T1 h=1784041200 d=[3,4803,1,3480,1399,10000,27847,3088,4803] m=[0,7263,2062,2062,4186,1,0,11343,6403,9532,4448,4176,4197,4197,7263,299942,312653,-12712] v=[1,7365,0,3088,1,1,16,11,14731,10,12,1890,0,13,12,0,702,7,7,0,406,3088,1526,10000,27847,15682,7757,3597,3088,630,3773,2486,0] p=[3,2,2,0,0,0,7263,1,1,0,1,0,0,3088,1,0,0] sig=B05D2:849CC5748DD51AD3 end=1
RF	0	02:30:10.830	Core 01	2026.07.14 17:00:00   [AdaptiveSurvivalEA][BRAIN_UPDATE] schema=B05T1 h=1784044800 d=[2,4474,1,2287,989,10000,32831,3715,4474] m=[0,4121,-3143,-3143,3201,1,0,2621,4158,7327,3071,2978,3424,3424,4121,278877,299942,-21065] v=[1,7489,0,3715,1,1,16,11,14977,10,12,1788,0,13,12,0,967,7,7,0,716,3715,1261,10000,32831,12869,10000,5842,3715,596,4337,3672,0] p=[2,0,2,0,0,1,4121,1,1,1,1,0,0,3715,1,0,0] sig=B05D2:5882D6D386A0976E end=1
RQ	0	02:30:10.830	Core 01	2026.07.14 18:00:00   [AdaptiveSurvivalEA][BRAIN_UPDATE] schema=B05T1 h=1784048400 d=[2,4131,1,1802,837,10000,24205,2741,4131] m=[2,5384,1263,1263,-4064,1,0,5109,5915,7042,-2846,2772,5355,-5355,5384,243628,278877,-35249] v=[1,7656,0,2741,1,1,16,11,15312,10,12,1557,0,13,12,0,1615,7,7,0,760,2741,1025,10000,24205,11943,10000,4085,2741,519,4475,2965,0] p=[2,0,2,0,2,0,5384,1,1,2,1,0,0,2741,1,2,1] sig=B05D2:FF03544037839FAB end=1
EF	0	02:30:10.830	Core 01	2026.07.14 19:00:00   [AdaptiveSurvivalEA][BRAIN_UPDATE] schema=B05T1 h=1784052000 d=[2,3919,1,1141,601,10000,25465,2973,3919] m=[4,3117,-2266,-2266,-5423,1,0,60,98,7255,-3411,3285,7561,-7561,3117,229302,243628,-14326] v=[1,7720,0,2973,1,1,17,11,15441,11,12,1254,0,14,12,0,1944,7,7,0,653,2973,984,10000,25465,12780,9925,9902,2973,418,4504,6958,0] p=[2,0,2,0,4,0,3117,1,1,2,1,0,0,2973,1,3,1] sig=B05D2:2626D64DD3E40FE end=1
RO	0	02:30:10.830	Core 01	2026.07.14 20:00:00   [AdaptiveSurvivalEA][BRAIN_UPDATE] schema=B05T1 h=1784055600 d=[2,3724,1,843,499,10000,22014,2557,3724] m=[2,5528,2411,2411,-5151,1,0,2099,5833,10000,-3047,2956,7345,-7345,5528,216886,229302,-12416] v=[1,7704,0,2557,1,1,17,11,15407,11,12,919,0,14,11,0,2254,7,7,0,899,2557,1169,10000,22014,15590,4121,4167,2557,306,3455,3101,0] p=[2,0,2,0,2,0,5528,1,1,2,1,0,0,2557,1,0,0] sig=B05D2:767AA5B2901CF2D end=1
GJ	0	02:30:10.830	Core 01	2026.07.14 21:01:00   [AdaptiveSurvivalEA][BRAIN_UPDATE] schema=B05T1 h=1784059200 d=[2,3636,1,627,428,10000,22005,2516,3636] m=[4,2166,-3363,-3363,-2320,1,0,306,1190,5476,-870,868,3772,-3772,2166,225290,216886,8404] v=[1,7521,0,2516,1,1,16,11,15042,11,12,627,0,14,11,0,1778,7,6,0,1152,2516,1467,7153,22005,18835,1683,8810,2516,209,2353,6593,0] p=[2,0,2,0,4,0,2166,1,1,2,1,0,0,2516,1,3,1] sig=B05D2:995B91C85680C0D1 end=1
IK	0	02:30:10.830	Core 01	2026.07.14 22:00:00   [AdaptiveSurvivalEA][BRAIN_UPDATE] schema=B05T1 h=1784062800 d=[2,3519,1,525,401,10000,19361,2154,3519] m=[3,3839,1673,1673,-5304,1,0,895,3333,5952,-1623,1609,9000,-9000,3839,244659,225290,19368] v=[1,7206,3,5231,1,1,16,11,14412,12,12,340,0,13,11,0,2029,7,6,0,1026,2154,791,10000,19361,10550,8351,6667,2154,113,4281,5231,0] p=[2,0,2,0,3,0,3839,1,1,2,1,0,3,5231,1,3,0] sig=B05D2:14125ED7DD500E56 end=1
RS	0	02:30:10.830	Core 01	2026.07.14 23:00:00   [AdaptiveSurvivalEA][BRAIN_UPDATE] schema=B05T1 h=1784066400 d=[2,3499,1,471,389,10000,19633,2126,3499] m=[4,2413,-1426,-1426,-2197,1,0,725,1774,5645,-422,421,3973,-3973,2413,239090,244659,-5568] v=[0,6987,3,6477,1,1,15,11,13974,12,12,41,0,13,11,0,2399,7,6,0,1024,2126,817,10000,19633,11283,7400,8226,2126,14,4165,6477,0] p=[2,0,2,0,4,0,2413,1,0,0,0,0,3,6477,1,3,0] sig=B05D2:FE83A0F8812BD524 end=1
QN	0	02:30:10.830	Core 01	2026.07.15 00:00:00   [AdaptiveSurvivalEA][BRAIN_UPDATE] schema=B05T1 h=1784070000 d=[2,3646,1,778,523,10000,20785,2192,3646] m=[2,4585,2173,2173,487,1,0,2615,7959,8980,80,80,893,893,4585,209961,239090,-29129] v=[0,6865,3,1593,1,1,15,11,13730,12,12,0,346,13,10,0,3288,7,5,0,3302,2192,2941,0,20785,36999,0,2041,2192,0,1387,1593,12] p=[2,0,2,0,2,0,4585,1,0,1,0,0,3,1593,1,3,0] sig=B05D2:D1AC4A41DDD8EAE4 end=1
OE	0	02:30:10.830	Core 01	2026.07.15 01:00:00   [AdaptiveSurvivalEA][BRAIN_UPDATE] schema=B05T1 h=1784073600 d=[2,4077,1,1499,830,10000,28551,2893,4077] m=[0,6674,2089,2089,4734,1,0,5643,8235,8922,1679,1664,7805,7805,6674,221424,209961,11463] v=[0,6854,3,1254,1,1,15,11,13708,13,12,0,860,13,9,0,4483,7,5,0,4995,2893,4696,0,28551,59756,0,1765,2893,0,2068,1254,74] p=[2,0,2,0,0,0,6674,1,0,2,0,0,3,1254,1,0,1] sig=B05D2:DCC533BF99509050 end=1
JD	0	02:30:10.830	Core 01	2026.07.15 02:00:00   [AdaptiveSurvivalEA][BRAIN_UPDATE] schema=B05T1 h=1784077200 d=[2,4378,1,2210,1167,10000,31359,2941,4378] m=[0,4344,-2330,-2330,5028,1,0,1658,4510,6471,2062,2033,8022,8022,4344,250236,221424,28812] v=[0,6391,3,3875,1,1,14,11,12782,13,11,0,1405,13,9,0,4793,7,5,0,5508,2941,4213,0,31359,54300,0,5490,2941,0,2341,3875,197] p=[2,0,2,0,0,1,4344,1,0,2,0,0,3,3875,1,3,0] sig=B05D2:5E622E70F4BC130 end=1
CR	0	02:30:10.830	Core 01	2026.07.15 03:00:00   [AdaptiveSurvivalEA][BRAIN_UPDATE] schema=B05T1 h=1784080800 d=[3,4967,1,3359,1782,10000,52573,3701,4967] m=[0,6129,1785,1785,6887,1,0,4647,5275,7912,3970,3773,10000,10000,6129,287659,250236,37424] v=[0,4770,3,2976,1,1,10,11,9540,13,11,0,1903,13,9,0,4820,7,5,0,5073,3701,5182,0,52573,76127,0,4725,3701,0,2359,2976,362] p=[3,0,2,0,0,0,6129,1,0,2,0,0,3,2976,1,3,0] sig=B05D2:95F710FAC12CCABB end=1
MF	0	02:30:10.830	Core 01	2026.07.15 04:00:00   [AdaptiveSurvivalEA][BRAIN_UPDATE] schema=B05T1 h=1784084400 d=[3,4888,1,3367,1863,10000,42300,3032,4888] m=[0,3979,-2150,-2150,5542,1,0,2500,2809,4944,3380,3257,7828,7828,3979,320342,287659,32683] v=[0,4627,3,5011,1,1,10,11,9255,13,11,0,2341,13,9,0,4462,7,5,0,4195,3032,3279,0,42300,44975,0,7191,3032,0,2200,5011,548] p=[3,1,2,0,0,1,3979,1,0,2,0,0,3,5011,1,3,0] sig=B05D2:6E11C123555E612C end=1
RR	0	02:30:10.830	Core 01	2026.07.15 05:00:00   [AdaptiveSurvivalEA][BRAIN_UPDATE] schema=B05T1 h=1784088000 d=[3,4756,1,3048,1852,10000,41721,2742,4756] m=[2,4157,178,178,4559,1,0,1339,2727,8864,2633,2573,6545,6545,4157,348667,320342,28325] v=[0,4159,3,5279,1,1,9,11,8318,13,11,0,2662,13,9,0,3819,7,5,0,3910,2742,3197,0,41721,40649,264,7273,2742,0,2131,5279,709] p=[3,2,2,0,2,0,4157,1,0,2,0,0,3,5279,1,3,0] sig=B05D2:41089CBBC7F48F1A end=1
IH	0	02:30:10.830	Core 01	2026.07.15 06:00:00   [AdaptiveSurvivalEA][BRAIN_UPDATE] schema=B05T1 h=1784091600 d=[3,5012,1,3590,2243,10000,52318,2852,5012] m=[2,4548,392,392,3534,1,0,4503,4250,6500,1801,1782,5286,5286,4548,380657,348667,31990] v=[0,3515,3,4110,1,1,8,11,7029,13,10,0,2943,13,9,0,4593,7,4,0,6760,2852,1653,7258,52318,17389,10000,5750,2852,0,6311,4110,866] p=[3,2,2,0,2,0,4548,1,0,2,0,0,3,4110,1,2,1] sig=B05D2:305D6C6D79538AE7 end=1
JI	0	02:30:10.830	Core 01	2026.07.15 07:00:00   [AdaptiveSurvivalEA][BRAIN_UPDATE] schema=B05T1 h=1784095200 d=[2,4426,1,2122,1649,10000,46206,2606,4426] m=[0,6882,2333,2333,-2289,1,0,14439,7233,9434,-1758,1740,2838,-2838,6882,371033,380657,-9623] v=[0,3717,2,6279,1,1,8,11,7434,13,10,0,3266,13,8,0,5557,7,4,0,6993,2606,1673,5581,46206,17115,10000,2767,2606,0,6279,2046,1066] p=[2,0,2,0,0,0,6882,1,0,2,0,0,2,6279,1,2,0] sig=B05D2:9558C6B5CD8D9551 end=1
IQ	0	02:30:10.830	Core 01	2026.07.15 08:00:00   [AdaptiveSurvivalEA][BRAIN_UPDATE] schema=B05T1 h=1784098800 d=[2,1815,1,-103,766,0,21755,1284,1815] m=[1,6104,-777,-777,-5660,1,0,7294,4711,7025,-4479,4202,7119,-7119,6104,321591,371033,-49442] v=[0,3654,2,6406,1,1,8,11,7308,13,10,0,3473,13,9,0,4344,7,5,0,4213,1284,527,10000,21755,5423,10000,5289,1284,0,6406,4610,1207] p=[2,0,2,0,1,0,6104,1,0,2,0,0,2,6406,1,2,0] sig=B05D2:789D36E3E87D583E end=1
OK	0	02:30:10.830	Core 01	2026.07.15 09:00:00   [AdaptiveSurvivalEA][BRAIN_UPDATE] schema=B05T1 h=1784102400 d=[2,-1895,1,-651,534,0,-28477,-2290,-1895] m=[1,3182,-2922,-2922,-4767,1,0,1192,1385,5538,-3735,3571,5964,-5964,3182,278741,321591,-42850] v=[0,3537,2,655,1,1,8,11,7074,13,10,0,3277,10,11,675,0,5,6,2194,0,2290,4799,0,28477,44521,0,8615,2290,956,655,6643,1074] p=[2,0,2,0,1,1,3182,1,0,2,0,0,2,655,1,3,1] sig=B05D2:B17020D5D4C8887A end=1
RO	0	02:30:10.830	Core 01	2026.07.15 10:00:00   [AdaptiveSurvivalEA][BRAIN_UPDATE] schema=B05T1 h=1784106000 d=[2,-3895,1,-1353,175,-10000,-44015,-3569,-3895] m=[0,8171,4989,4989,-5865,1,0,9881,8191,9468,-5287,4844,6886,-6886,8171,265369,278741,-13372] v=[0,3653,2,600,1,1,8,11,7307,13,10,0,2998,10,11,1189,0,5,6,2160,0,3569,5302,0,44015,47870,0,1809,3569,1117,600,1163,899] p=[2,0,2,0,0,0,8171,1,0,2,0,0,2,600,1,0,1] sig=B05D2:8D20E6805D1300C2 end=1
RD	0	02:30:10.830	Core 01	2026.07.15 11:00:00   [AdaptiveSurvivalEA][BRAIN_UPDATE] schema=B05T1 h=1784109600 d=[2,-4206,1,-2232,-267,-10000,-36495,-3216,-4206] m=[0,3679,-4493,-4493,-7372,1,0,1495,1600,3467,-6278,5565,9179,-9179,3679,281205,265369,15836] v=[0,3765,2,530,1,1,8,11,7530,12,10,0,2650,9,12,2211,0,5,6,2902,0,3216,4503,0,36495,40698,0,8400,3216,1704,530,5698,702] p=[2,0,2,0,0,1,3679,1,0,2,0,0,2,530,1,3,1] sig=B05D2:3AF9B4AB6023266F end=1
KD	0	02:30:10.830	Core 01	2026.07.15 12:00:00   [AdaptiveSurvivalEA][BRAIN_UPDATE] schema=B05T1 h=1784113200 d=[2,-4091,1,-2531,-493,-10000,-18333,-1995,-4091] m=[2,5917,2239,2239,-6444,1,0,5000,4468,8085,-4262,4021,8866,-8866,5917,287757,281205,6552] v=[0,3939,3,4428,1,1,8,11,7877,12,10,0,2121,8,13,3574,0,4,7,4546,0,1995,3088,0,18333,27847,0,5532,1995,2707,424,4428,450] p=[2,0,2,0,2,0,5917,1,0,2,0,0,3,4428,1,3,0] sig=B05D2:E785EBE2CD1CA025 end=1
NM	0	02:30:10.830	Core 01	2026.07.15 13:00:00   [AdaptiveSurvivalEA][BRAIN_UPDATE] schema=B05T1 h=1784116800 d=[2,694,1,-778,88,10000,-3722,-404,694] m=[1,6351,434,434,1164,1,0,16647,6708,9125,806,805,1523,1523,6351,265152,287757,-22604] v=[0,4529,3,3159,1,1,10,11,9057,12,10,0,1614,9,13,3115,0,4,7,3689,0,404,3715,0,3722,32831,0,3292,404,2268,323,3159,261] p=[2,0,2,0,1,0,6351,1,0,2,0,0,3,3159,1,3,0] sig=B05D2:7A93AB1C71133537 end=1
EN	0	02:30:10.830	Core 01	2026.07.15 14:00:00   [AdaptiveSurvivalEA][BRAIN_UPDATE] schema=B05T1 h=1784120400 d=[2,3030,1,1072,797,10000,6784,830,3030] m=[1,2527,-3824,-3824,1423,1,0,2065,1765,5714,1003,999,1847,1847,2527,237002,265152,-28150] v=[0,4754,3,7551,1,1,10,11,9508,11,10,0,1032,9,13,3396,0,4,7,4287,0,830,2741,0,6784,24205,0,8235,830,2561,206,7551,107] p=[2,0,2,0,1,1,2527,1,0,2,0,0,3,7551,1,3,0] sig=B05D2:C720814E1C0615DE end=1
JE	0	02:30:10.830	Core 01	2026.07.15 15:00:00   [AdaptiveSurvivalEA][BRAIN_UPDATE] schema=B05T1 h=1784124000 d=[2,3821,1,1779,1096,10000,13064,1496,3821] m=[2,5670,3143,3143,5046,1,0,6240,5614,5965,3744,3578,6513,6513,5670,234499,237002,-2503] v=[0,4784,3,3730,1,1,10,11,9568,11,11,0,402,9,14,3485,0,4,7,3746,0,1496,2973,0,13064,25465,0,4386,1496,2410,80,3730,16] p=[2,0,2,0,2,0,5670,1,0,2,0,0,3,3730,1,3,0] sig=B05D2:E9348A580352F306 end=1
GM	0	02:30:10.830	Core 01	2026.07.15 16:00:00   [AdaptiveSurvivalEA][BRAIN_UPDATE] schema=B05T1 h=1784127600 d=[2,3992,1,2007,1204,10000,14340,1731,3992] m=[4,3485,-2185,-2185,4905,1,0,1509,1616,6162,3547,3406,6405,6405,3485,232330,234499,-2169] v=[0,4933,3,6932,1,1,11,11,9866,11,11,197,0,9,14,3393,0,4,7,3927,0,1731,2557,0,14340,22014,0,8384,1731,2506,0,6932,0] p=[2,0,2,0,4,0,3485,1,0,2,0,0,3,6932,1,3,0] sig=B05D2:DB41BC4AF82F7842 end=1
HE	0	02:30:10.830	Core 01	2026.07.15 17:00:00   [AdaptiveSurvivalEA][BRAIN_UPDATE] schema=B05T1 h=1784131200 d=[2,4259,1,2222,1316,10000,19432,2244,4259] m=[0,6977,3491,3491,7048,1,0,6200,5583,9583,5496,5002,9094,9094,6977,223617,232330,-8712] v=[0,5021,3,3426,1,1,11,11,10042,11,11,717,0,10,14,2934,0,5,7,3457,0,2244,2516,0,19432,22005,0,4417,2244,2369,0,3426,0] p=[2,0,2,0,0,0,6977,1,0,2,0,0,3,3426,1,3,0] sig=B05D2:2755749E6DFEA5FD end=1
OJ	0	02:30:10.830	Core 01	2026.07.15 18:00:00   [AdaptiveSurvivalEA][BRAIN_UPDATE] schema=B05T1 h=1784134800 d=[3,5510,1,4607,2274,10000,43181,4395,5510] m=[0,9079,2102,2102,7753,1,0,24823,9424,9485,7136,6129,9376,9376,9079,251986,223617,28369] v=[0,5805,3,323,1,1,13,11,11611,10,12,1097,0,11,13,1817,0,6,7,1210,0,4395,2154,10000,43181,19361,10000,576,4395,1374,4000,323,0] p=[3,0,2,0,0,0,9079,1,0,2,0,0,3,323,1,0,1] sig=B05D2:E2644208275EEDF2 end=1
EM	0	02:30:10.830	Core 01	2026.07.15 19:00:00   [AdaptiveSurvivalEA][BRAIN_UPDATE] schema=B05T1 h=1784138400 d=[3,5755,1,5673,2774,10000,34514,3609,5755] m=[0,5904,-3175,-3175,5949,1,0,4856,3963,9573,5394,4925,6973,6973,5904,287796,251986,35810] v=[0,6184,3,3858,1,1,13,11,12367,10,12,1397,0,12,13,1459,0,6,7,770,0,3609,2126,6981,34514,19633,7580,6037,3609,1209,2912,3858,0] p=[3,1,2,0,0,1,5904,1,0,2,0,0,3,3858,1,3,0] sig=B05D2:BDE7A22CB32FA748 end=1
HG	0	02:30:10.830	Core 01	2026.07.15 20:00:00   [AdaptiveSurvivalEA][BRAIN_UPDATE] schema=B05T1 h=1784142000 d=[3,5261,1,4360,2332,10000,28727,3113,5261] m=[4,3952,-1952,-1952,4675,1,0,1818,1908,8092,3956,3762,5588,5588,3952,295415,287796,7618] v=[0,6332,3,5573,1,1,14,11,12664,10,12,1674,0,12,13,1042,0,6,7,956,0,3113,2192,4198,28727,20785,3821,8092,3113,1224,1604,5573,0] p=[3,2,2,0,4,0,3952,1,0,2,0,0,3,5573,1,3,0] sig=B05D2:1A70A8A5D728FDFC end=1
JI	0	02:30:10.830	Core 01	2026.07.15 21:01:30   [AdaptiveSurvivalEA][BRAIN_UPDATE] schema=B05T1 h=1784145600 d=[3,5046,1,3957,2289,10000,23554,2544,5046] m=[4,2638,-1315,-1315,4993,1,0,389,1429,3429,4400,4136,5849,5849,2638,292794,295415,-2620] v=[0,5911,3,6391,1,1,13,11,11823,10,13,1994,0,12,13,1388,0,6,7,1834,0,2544,2893,0,23554,28551,0,8571,2544,1738,0,6391,0] p=[3,2,2,0,4,0,2638,1,0,2,0,0,3,6391,1,3,0] sig=B05D2:F08155DDCCD1B9FA end=1
NH	0	02:30:10.830	Core 01	2026.07.15 22:00:00   [AdaptiveSurvivalEA][BRAIN_UPDATE] schema=B05T1 h=1784149200 d=[3,5017,1,3825,2335,10000,23972,2487,5017] m=[2,5872,3234,3234,4585,1,0,2365,7838,9730,3995,3796,5374,5374,5872,295656,292794,2862] v=[0,5626,3,1624,1,1,12,11,11252,10,13,2259,0,12,13,1421,0,6,7,1837,0,2487,2941,0,23972,31359,0,2162,2487,1839,0,1624,0] p=[3,2,2,0,2,0,5872,1,0,2,0,0,3,1624,1,3,0] sig=B05D2:CF0558DE82E8EA53 end=1
MP	0	02:30:10.830	Core 01	2026.07.15 23:00:00   [AdaptiveSurvivalEA][BRAIN_UPDATE] schema=B05T1 h=1784152800 d=[3,4994,1,3816,2403,10000,22201,2318,4994] m=[2,4027,-1845,-1845,-2582,1,0,1905,6053,6316,-712,711,4453,-4453,4027,325089,295656,29433] v=[0,5530,3,3032,1,1,12,11,11060,10,13,2304,0,11,13,1615,0,6,7,1948,0,2318,3701,0,22201,52573,0,3947,2318,1956,0,3032,0] p=[3,2,2,0,2,0,4027,1,0,2,0,0,3,3032,1,3,0] sig=B05D2:A3123C69E7FDF39B end=1
OI	0	02:30:10.830	Core 01	2026.07.16 00:00:00   [AdaptiveSurvivalEA][BRAIN_UPDATE] schema=B05T1 h=1784156400 d=[3,5147,1,3948,2540,10000,27146,2746,5147] m=[2,4049,22,22,1873,1,0,2220,5909,7273,820,818,2929,2929,4049,361408,325089,36319] v=[0,5362,3,2967,1,1,12,11,10723,10,13,2324,0,11,13,1639,0,6,7,1539,0,2746,3032,0,27146,42300,0,4091,2746,1834,0,2967,0] p=[3,2,2,0,2,0,4049,1,0,2,0,0,3,2967,1,3,0] sig=B05D2:9328609A9C9942A2 end=1
RQ	0	02:30:10.830	Core 01	2026.07.16 01:00:00   [AdaptiveSurvivalEA][BRAIN_UPDATE] schema=B05T1 h=1784160000 d=[3,5277,1,4114,2664,10000,31368,3087,5277] m=[2,5548,1499,1499,5323,1,0,3419,5479,8630,1932,1908,8739,8739,5548,401249,361408,39841] v=[0,5345,3,3125,1,1,12,11,10689,10,13,2258,0,11,13,1250,0,6,7,1177,0,3087,2742,1257,31368,41721,0,4521,3087,1562,251,3125,0] p=[3,2,2,0,2,0,5548,1,0,2,0,0,3,3125,1,3,0] sig=B05D2:7BCD0C7A70C7A8B3 end=1
QM	0	02:30:10.830	Core 01	2026.07.16 02:00:00   [AdaptiveSurvivalEA][BRAIN_UPDATE] schema=B05T1 h=1784163600 d=[3,4864,1,3429,2442,10000,21934,2078,4864] m=[2,5824,276,276,1114,1,0,6426,8333,9000,737,736,1492,1492,5824,417821,401249,16572] v=[0,5319,3,1320,1,1,12,11,10638,11,13,2094,0,11,13,1191,0,6,7,1021,0,2078,2852,0,21934,52318,0,1667,2078,1435,0,1320,0] p=[3,2,2,0,2,0,5824,1,0,2,0,0,3,1320,1,3,0] sig=B05D2:8D01F27BCB87AE93 end=1
CP	0	02:30:10.830	Core 01	2026.07.16 03:00:00   [AdaptiveSurvivalEA][BRAIN_UPDATE] schema=B05T1 h=1784167200 d=[3,4823,1,2676,2305,10000,34542,3168,4823] m=[4,1251,-4573,-4573,-9,1,0,1158,2105,2105,39,39,56,-56,1251,384235,417821,-33586] v=[0,4716,3,5394,1,1,10,11,9431,11,13,1999,0,11,13,1763,0,6,7,1919,0,3168,2606,2156,34542,46206,0,7895,3168,1894,431,5394,0] p=[3,2,2,0,4,0,1251,1,0,2,0,0,3,5394,1,3,0] sig=B05D2:C12208D4B271379B end=1
LI	0	02:30:10.830	Core 01	2026.07.16 04:00:00   [AdaptiveSurvivalEA][BRAIN_UPDATE] schema=B05T1 h=1784170800 d=[3,4921,1,2579,2335,10000,43372,3938,4921] m=[3,2395,1144,1144,-215,1,0,1715,3036,5714,-81,81,349,-349,2395,371063,384235,-13172] v=[0,4504,3,4222,1,1,10,11,9007,11,13,1883,0,10,13,1785,0,5,7,1683,0,3938,1284,10000,43372,21755,9936,6964,3938,1784,3987,4222,0] p=[3,2,2,0,3,0,2395,1,0,2,0,0,3,4222,1,3,0] sig=B05D2:81031F46D0AA5183 end=1
CS	0	02:30:10.830	Core 01	2026.07.16 05:00:00   [AdaptiveSurvivalEA][BRAIN_UPDATE] schema=B05T1 h=1784174400 d=[3,4938,1,2611,2427,10000,44328,3850,4938] m=[4,1081,-1314,-1314,-1488,1,0,213,465,2326,-680,679,2297,-2297,1081,355913,371063,-15150] v=[0,4269,3,5864,1,1,9,11,8537,11,13,1645,0,10,10,0,245,5,5,0,1695,3850,2290,6816,44328,28477,5566,9535,3850,548,2865,5864,0] p=[3,2,2,0,4,0,1081,1,0,2,0,0,3,5864,1,3,0] sig=B05D2:5316D05333834B05 end=1
MS	0	02:30:10.830	Core 01	2026.07.16 06:00:00   [AdaptiveSurvivalEA][BRAIN_UPDATE] schema=B05T1 h=1784178000 d=[3,4853,1,2113,2265,10000,50631,4479,4853] m=[2,4950,3869,3869,-4824,1,0,3055,4308,8308,-2182,2148,7500,-7500,4950,350850,355913,-5063] v=[0,4156,3,3143,1,1,9,11,8312,11,13,1401,0,10,10,0,311,5,5,0,866,4479,3569,2548,50631,44015,1503,5692,4479,467,1046,3143,0] p=[3,2,2,0,2,0,4950,1,0,2,0,0,3,3143,1,0,1] sig=B05D2:A8FC1674588BC747 end=1
IH	0	02:30:10.830	Core 01	2026.07.16 07:00:00   [AdaptiveSurvivalEA][BRAIN_UPDATE] schema=B05T1 h=1784181600 d=[3,4959,1,2195,2342,10000,59322,4902,4959] m=[2,4522,-428,-428,1312,1,0,5198,6053,6579,475,474,2150,2150,4522,354767,350850,3918] v=[0,4012,0,4902,1,1,9,11,8025,11,12,1157,0,10,9,0,952,5,5,0,1878,4902,3216,5241,59322,36495,6255,3947,4902,386,2865,2012,0] p=[3,2,2,0,2,0,4522,1,0,2,0,0,0,4902,1,0,0] sig=B05D2:424AEA9B4C062FA5 end=1
PS	0	02:30:10.830	Core 01	2026.07.16 08:00:00   [AdaptiveSurvivalEA][BRAIN_UPDATE] schema=B05T1 h=1784185200 d=[3,5511,1,3218,3091,10000,80100,5524,5511] m=[4,1756,-2766,-2766,2698,1,0,975,729,2604,1114,1110,4286,4286,1756,373583,354767,18816] v=[0,3258,0,5524,1,1,7,11,6516,11,12,940,0,10,8,0,2174,5,4,0,3524,5524,1995,10000,80100,18333,10000,9271,5524,313,5140,4150,0] p=[3,2,2,0,4,0,1756,1,0,2,0,0,0,5524,1,0,0] sig=B05D2:1EB7265BD5BB7745 end=1
CD	0	02:30:10.830	Core 01	2026.07.16 09:00:00   [AdaptiveSurvivalEA][BRAIN_UPDATE] schema=B05T1 h=1784188800 d=[3,5188,1,2807,3064,10000,56870,4160,5188] m=[3,3364,1608,1608,-327,1,0,4652,3370,6304,-240,240,413,-413,3364,360681,373583,-12902] v=[0,3028,0,4160,1,1,7,11,6056,11,12,823,0,9,9,0,416,5,4,0,248,4160,404,10000,56870,3722,10000,6630,4160,274,4133,3872,0] p=[3,2,2,0,3,0,3364,1,0,2,0,0,0,4160,1,0,0] sig=B05D2:AC4ACBB71F6CE172 end=1
HL	0	02:30:10.830	Core 01	2026.07.16 10:00:00   [AdaptiveSurvivalEA][BRAIN_UPDATE] schema=B05T1 h=1784192400 d=[3,4973,1,2226,2931,10000,57019,4022,4973] m=[4,1605,-1760,-1760,-105,1,0,319,260,7143,-127,127,83,-83,1605,335252,360681,-25429] v=[0,2857,0,4022,1,1,6,11,5714,11,11,742,0,9,9,0,314,4,4,0,800,4022,830,10000,57019,6784,10000,9740,4022,247,4223,5822,0] p=[3,2,2,0,4,0,1605,1,0,2,0,0,0,4022,1,3,1] sig=B05D2:C0FBCDAEE5109A04 end=1
GQ	0	02:30:10.830	Core 01	2026.07.16 11:00:00   [AdaptiveSurvivalEA][BRAIN_UPDATE] schema=B05T1 h=1784196000 d=[2,4271,1,1054,2306,10000,34812,2619,4271] m=[0,6364,4759,4759,-1657,1,0,9153,6854,9326,-1110,1106,2208,-2208,6364,305395,335252,-29857] v=[0,3036,0,2619,1,1,7,11,6072,10,11,637,0,9,9,0,106,4,4,0,0,2619,1496,7509,34812,13064,10000,3146,2619,212,3523,2322,0] p=[2,0,2,0,0,0,6364,1,0,2,0,0,0,2619,1,0,0] sig=B05D2:9FDD831D8B80D2A1 end=1
PG	0	02:30:10.830	Core 01	2026.07.16 12:00:00   [AdaptiveSurvivalEA][BRAIN_UPDATE] schema=B05T1 h=1784199600 d=[2,4398,1,1172,2148,10000,45387,3466,4398] m=[1,6168,-196,-196,94,1,0,11792,6880,9600,82,82,105,105,6168,265689,305395,-39706] v=[0,3324,0,3466,1,1,7,11,6649,10,11,527,0,9,9,0,33,5,4,0,1024,3466,1731,10000,45387,14340,10000,3120,3466,176,4211,2039,0] p=[2,0,2,0,1,0,6168,1,0,2,0,0,0,3466,1,0,0] sig=B05D2:3AEF56F39DA57854 end=1
CL	0	02:30:10.830	Core 01	2026.07.16 13:00:00   [AdaptiveSurvivalEA][BRAIN_UPDATE] schema=B05T1 h=1784203200 d=[2,1087,1,-480,1167,0,6552,519,1087] m=[0,8199,2030,2030,-5059,1,0,24023,8894,9787,-4897,4539,5578,-5578,8199,249694,265689,-15995] v=[0,3964,0,519,1,1,9,11,7929,10,11,379,0,10,10,0,225,5,5,0,1815,519,2244,0,6552,19432,0,1106,519,126,408,1049,0] p=[2,0,2,0,0,0,8199,1,0,2,0,0,0,519,1,0,0] sig=B05D2:4937F48F6EE0BEBE end=1
JM	0	02:30:10.830	Core 01	2026.07.16 14:00:00   [AdaptiveSurvivalEA][BRAIN_UPDATE] schema=B05T1 h=1784206800 d=[2,-2512,1,-2271,265,0,-24625,-2864,-2512] m=[0,2789,-5409,-5409,-3751,1,0,2229,1448,3724,-3418,3291,4211,-4211,2789,243846,249694,-5848] v=[0,4288,0,2864,1,1,9,11,8576,10,10,384,0,9,11,1956,0,4,6,3404,0,2864,4395,0,24625,43181,0,8552,2864,1915,0,6102,0] p=[2,0,2,0,0,1,2789,1,0,2,0,0,0,2864,1,3,1] sig=B05D2:1FEB103827004DB9 end=1
LK	0	02:30:10.830	Core 01	2026.07.16 15:00:00   [AdaptiveSurvivalEA][BRAIN_UPDATE] schema=B05T1 h=1784210400 d=[2,-4105,1,-2399,60,-10000,-24058,-2917,-4105] m=[0,6000,3211,3211,-4776,1,0,6975,4964,7914,-4690,4374,5179,-5179,6000,252784,243846,8938] v=[0,4497,0,2917,1,1,10,11,8995,10,10,470,0,9,12,2422,0,4,6,3651,0,2917,3609,0,24058,34514,0,5036,2917,2181,0,3567,0] p=[2,0,2,0,0,0,6000,1,0,2,0,0,0,2917,1,0,0] sig=B05D2:AD5EF5971CC36ED8 end=1
MS	0	02:30:10.830	Core 01	2026.07.16 16:00:00   [AdaptiveSurvivalEA][BRAIN_UPDATE] schema=B05T1 h=1784214000 d=[2,-2431,1,-2398,-63,0,-16788,-2068,-2431] m=[0,4216,-1784,-1784,-2799,1,0,4025,3130,7939,-2553,2499,3099,-3099,4216,271069,252784,18285] v=[0,4626,0,2068,1,1,10,11,9251,10,10,590,0,9,12,2683,0,4,6,3454,0,2068,3113,0,16788,28727,0,6870,2068,2242,0,5450,0] p=[2,0,2,0,0,1,4216,1,0,2,0,0,0,2068,1,3,1] sig=B05D2:221322533F24A661 end=1
GH	0	02:30:10.830	Core 01	2026.07.16 17:00:00   [AdaptiveSurvivalEA][BRAIN_UPDATE] schema=B05T1 h=1784217600 d=[2,-4342,1,-2787,-355,-10000,-26542,-3021,-4342] m=[0,8643,4427,4427,-6420,1,0,11215,9302,9457,-6280,5567,7273,-7273,8643,293347,271069,22279] v=[0,4856,0,3021,1,1,11,11,9713,10,10,603,0,9,12,2065,0,5,6,2052,0,3021,2544,1876,26542,23554,1269,698,3021,1573,629,487,0] p=[2,0,2,0,0,0,8643,1,0,2,0,0,0,3021,1,0,0] sig=B05D2:D726C06498ADE1B0 end=1
KJ	0	02:30:10.830	Core 01	2026.07.16 18:00:00   [AdaptiveSurvivalEA][BRAIN_UPDATE] schema=B05T1 h=1784221200 d=[1,-4605,1,-3415,-717,-10000,-26319,-3035,-4605] m=[0,3245,-5398,-5398,-3109,1,0,1385,2027,7297,-2069,2040,4179,-4179,3245,326229,293347,32882] v=[0,4914,0,3035,1,1,11,11,9827,9,10,599,0,9,12,1856,0,5,6,2209,0,3035,2487,2203,26319,23972,979,7973,3035,1555,636,5553,0] p=[1,0,2,0,0,1,3245,1,0,2,0,0,0,3035,1,3,1] sig=B05D2:675A15AB24F2B10 end=1
PK	0	02:30:10.830	Core 01	2026.07.16 19:00:00   [AdaptiveSurvivalEA][BRAIN_UPDATE] schema=B05T1 h=1784224800 d=[2,-4387,1,-2764,-555,-10000,-26319,-3035,-4387] m=[2,4297,1052,1052,-3172,1,0,1847,4651,8605,-2087,2057,4286,-4286,4297,337782,326229,11553] v=[0,4914,0,3035,1,1,11,11,9828,9,10,742,0,9,11,1641,0,5,6,2068,0,3035,2318,3092,26319,22201,1855,5349,3035,1484,989,3725,0] p=[2,0,2,0,2,0,4297,1,0,2,0,0,0,3035,1,0,0] sig=B05D2:3C1E59B3768A7ADE end=1
HO	0	02:30:10.830	Core 01	2026.07.16 20:00:00   [AdaptiveSurvivalEA][BRAIN_UPDATE] schema=B05T1 h=1784228400 d=[2,-4187,1,-2139,-386,-10000,-26934,-3147,-4187] m=[4,3097,-1200,-1200,-828,1,0,1838,2778,8472,-441,441,1215,-1215,3097,321323,337782,-16459] v=[0,4939,0,3147,1,1,11,11,9877,9,10,860,0,10,11,1344,0,5,6,2126,0,3147,2746,1460,26934,27146,0,7222,3147,1443,292,4949,0] p=[2,0,2,0,4,0,3097,1,0,2,0,0,0,3147,1,3,1] sig=B05D2:CC64B2E8BB172B1B end=1
QJ	0	02:30:10.830	Core 01	2026.07.16 21:00:30   [AdaptiveSurvivalEA][BRAIN_UPDATE] schema=B05T1 h=1784232000 d=[2,-4036,1,-1604,-230,-10000,-28930,-3406,-4036] m=[3,3448,351,351,-1472,1,0,2233,4138,7069,-763,761,2183,-2183,3448,281767,321323,-39556] v=[0,4882,0,3406,1,1,11,11,9764,9,10,1027,0,9,11,1523,0,5,6,2444,0,3406,3087,1036,28930,31368,0,5862,3406,1665,207,3865,0] p=[2,0,2,0,3,0,3448,1,0,2,0,0,0,3406,1,0,0] sig=B05D2:9F0D54199E9EF228 end=1
IO	0	02:30:10.830	Core 01	2026.07.16 22:00:00   [AdaptiveSurvivalEA][BRAIN_UPDATE] schema=B05T1 h=1784235600 d=[2,-3843,1,-1357,-166,-10000,-23188,-2842,-3843] m=[4,2432,-1016,-1016,5103,1,0,485,1471,2059,1436,1426,8780,8780,2432,247485,281767,-34282] v=[0,4686,0,2842,1,1,10,11,9371,9,11,1267,0,9,11,1811,0,4,6,3258,0,2842,2078,3676,23188,21934,572,8529,2842,2112,850,6105,0] p=[2,0,2,0,4,0,2432,1,0,2,0,0,0,2842,1,3,1] sig=B05D2:BF9B3CFD00759E5 end=1
JP	0	02:30:10.830	Core 01	2026.07.16 23:00:00   [AdaptiveSurvivalEA][BRAIN_UPDATE] schema=B05T1 h=1784239200 d=[2,-3750,1,-1226,-143,-10000,-21913,-2571,-3750] m=[3,2789,357,357,5005,1,0,507,1786,3571,1299,1291,8718,8718,2789,255703,247485,8218] v=[0,4486,3,6102,1,1,10,11,8973,9,11,1389,0,9,11,1556,0,4,6,2709,0,2571,3168,0,21913,34542,0,8214,2571,1885,0,6102,0] p=[2,0,2,0,3,0,2789,1,0,2,0,0,3,6102,1,3,0] sig=B05D2:2B668C2A93C6060C end=1
JJ	0	02:30:10.830	Core 01	2026.07.17 00:00:00   [AdaptiveSurvivalEA][BRAIN_UPDATE] schema=B05T1 h=1784242800 d=[2,-2097,1,-832,-14,0,-22221,-2527,-2097] m=[2,4545,1757,1757,4996,1,0,1982,4872,6667,1314,1307,8684,8684,4545,276251,255703,20548] v=[0,4367,3,3832,1,1,10,11,8734,9,11,1488,0,9,10,1373,0,4,5,2425,0,2527,3938,0,22221,43372,0,5128,2527,1762,0,3832,0] p=[2,0,2,0,2,0,4545,1,0,2,0,0,3,3832,1,3,0] sig=B05D2:4F43E84B66AD3BF end=1
MQ	0	02:30:10.830	Core 01	2026.07.17 01:00:00   [AdaptiveSurvivalEA][BRAIN_UPDATE] schema=B05T1 h=1784246400 d=[2,-1890,1,-415,133,0,-20947,-2290,-1890] m=[2,4394,-151,-151,4921,1,0,1496,2456,9649,1218,1212,8630,8630,4394,275830,276251,-421] v=[0,4268,3,5817,1,1,9,11,8536,9,11,1563,0,9,10,1213,0,4,5,2266,0,2290,3850,0,20947,44328,0,7544,2290,1681,0,5817,0] p=[2,0,2,0,2,0,4394,1,0,2,0,0,3,5817,1,3,0] sig=B05D2:AEAE30C5569B89CE end=1
PR	0	02:30:10.830	Core 01	2026.07.17 02:00:00   [AdaptiveSurvivalEA][BRAIN_UPDATE] schema=B05T1 h=1784250000 d=[2,-3708,1,-981,-117,-10000,-26155,-2675,-3708] m=[2,5820,1425,1425,-1713,1,0,7814,6857,8190,-847,844,2581,-2581,5820,251984,275830,-23847] v=[0,4211,3,2302,1,1,9,11,8421,9,11,1614,0,9,10,889,0,4,5,1479,0,2675,4479,0,26155,50631,0,3143,2675,1327,0,2302,0] p=[2,0,2,0,2,0,5820,1,0,2,0,0,3,2302,1,3,0] sig=B05D2:A80C8FDD35C5CF11 end=1
OS	0	02:30:10.830	Core 01	2026.07.17 03:00:00   [AdaptiveSurvivalEA][BRAIN_UPDATE] schema=B05T1 h=1784253600 d=[2,-4341,1,-2213,-615,-10000,-39764,-3569,-4341] m=[2,4488,-1331,-1331,-2490,1,0,2795,4681,9362,-1423,1413,3566,-3566,4488,220847,251984,-31137] v=[0,3609,3,3421,1,1,8,11,7219,9,11,1690,0,9,10,1037,0,4,5,1972,0,3569,4902,0,39764,59322,0,5319,3569,1566,0,3421,0] p=[2,0,2,0,2,0,4488,1,0,2,0,0,3,3421,1,3,0] sig=B05D2:6596504C02D43850 end=1
JG	0	02:30:10.830	Core 01	2026.07.17 04:00:00   [AdaptiveSurvivalEA][BRAIN_UPDATE] schema=B05T1 h=1784257200 d=[2,-4336,1,-2239,-666,-10000,-42154,-3401,-4336] m=[4,3707,-781,-781,-1923,1,0,2652,4130,7174,-1172,1167,2680,-2680,3707,200714,220847,-20133] v=[0,3299,3,3873,1,1,7,11,6598,9,11,1644,0,9,10,1293,0,4,5,1587,0,3401,5524,0,42154,80100,0,5870,3401,1508,0,3873,0] p=[2,0,2,0,4,0,3707,1,0,2,0,0,3,3873,1,3,0] sig=B05D2:19CA774F0F8B1610 end=1
GR	0	02:30:10.830	Core 01	2026.07.17 05:00:00   [AdaptiveSurvivalEA][BRAIN_UPDATE] schema=B05T1 h=1784260800 d=[2,-4385,1,-2348,-752,-10000,-45796,-3371,-4385] m=[2,5448,1741,1741,-4155,1,0,4764,6596,6809,-2828,2755,5556,-5556,5448,196521,200714,-4193] v=[0,3012,3,2257,1,1,7,11,6023,9,11,1535,0,9,9,846,0,4,5,385,0,3371,4160,0,45796,56870,0,3404,3371,922,0,2257,0] p=[2,0,2,0,2,0,5448,1,0,2,0,0,3,2257,1,0,1] sig=B05D2:5DAE9AF0D1B26B30 end=1
DK	0	02:30:10.830	Core 01	2026.07.17 06:00:00   [AdaptiveSurvivalEA][BRAIN_UPDATE] schema=B05T1 h=1784264400 d=[2,-4245,1,-2144,-722,-10000,-43027,-2876,-4245] m=[2,4571,-877,-877,-3007,1,0,5867,4557,5316,-2282,2243,3770,-3770,4571,181229,196521,-15292] v=[0,2856,3,3878,1,1,6,11,5712,9,11,1385,0,9,9,626,0,5,4,0,202,2876,4022,0,43027,57019,0,5443,2876,670,40,3878,0] p=[2,0,2,0,2,0,4571,1,0,2,0,0,3,3878,1,3,0] sig=B05D2:361277B5A7EECE85 end=1
KR	0	02:30:10.830	Core 01	2026.07.17 07:00:00   [AdaptiveSurvivalEA][BRAIN_UPDATE] schema=B05T1 h=1784268000 d=[2,35,1,171,175,10000,-16767,-1076,35] m=[0,7301,2730,2730,4093,1,0,16442,7769,8154,3353,3233,4952,4952,7301,197621,181229,16392] v=[0,2874,3,1991,1,1,6,11,5747,9,10,1262,0,9,9,270,0,5,4,0,687,1076,2619,0,16767,34812,0,2231,1076,511,137,1991,0] p=[2,0,2,0,0,0,7301,1,0,2,0,0,3,1991,1,3,0] sig=B05D2:A78F32F2E10D930A end=1
LJ	0	02:30:10.830	Core 01	2026.07.17 08:00:00   [AdaptiveSurvivalEA][BRAIN_UPDATE] schema=B05T1 h=1784271600 d=[2,22,1,941,492,10000,-38241,-2560,22] m=[1,6387,-914,-914,2873,1,0,8102,6410,9487,2431,2384,3362,3362,6387,212321,197621,14700] v=[0,2901,3,2671,1,1,6,11,5802,9,10,1175,0,9,9,664,0,5,5,470,0,2560,3466,0,38241,45387,0,3590,2560,770,0,2671,0] p=[2,0,2,0,1,0,6387,1,0,2,0,0,3,2671,1,3,0] sig=B05D2:257CC4C37A0EBAC6 end=1
EN	0	02:30:10.830	Core 01	2026.07.17 09:00:00   [AdaptiveSurvivalEA][BRAIN_UPDATE] schema=B05T1 h=1784275200 d=[2,-2869,1,-423,-62,-10000,-9373,-841,-2869] m=[1,3554,-2833,-2833,693,1,0,5802,3250,5417,506,505,880,880,3554,187923,212321,-24398] v=[0,3171,3,6182,1,1,7,11,6342,9,10,1181,0,8,10,1802,0,4,5,3245,0,841,519,6217,9373,6552,4306,6750,841,2076,2105,6182,0] p=[2,0,2,0,1,1,3554,1,0,2,0,0,3,6182,1,3,0] sig=B05D2:83D5D5C2D42FC18 end=1
PF	0	02:30:10.830	Core 01	2026.07.17 10:00:00   [AdaptiveSurvivalEA][BRAIN_UPDATE] schema=B05T1 h=1784278800 d=[2,-3417,1,-1019,-320,-10000,-14316,-1296,-3417] m=[4,1763,-1791,-1791,1539,1,0,1206,1333,3333,1206,1200,1878,1878,1763,166777,187923,-21145] v=[0,3141,3,7543,1,1,7,11,6283,9,10,1183,0,8,9,1425,0,4,4,988,0,1296,2864,0,14316,24625,0,8667,1296,1199,0,7543,0] p=[2,0,2,0,4,0,1763,1,0,2,0,0,3,7543,1,3,0] sig=B05D2:384278651FE04276 end=1
KL	0	02:30:10.830	Core 01	2026.07.17 11:00:00   [AdaptiveSurvivalEA][BRAIN_UPDATE] schema=B05T1 h=1784282400 d=[2,-4341,1,-2751,-1067,-10000,-22367,-2025,-4341] m=[0,7903,6140,6140,-3703,1,0,18639,9507,9577,-3617,3467,3939,-3939,7903,181364,166777,14586] v=[0,3439,3,393,1,1,7,11,6878,9,10,1161,0,8,9,1285,0,4,4,221,0,2025,2917,0,22367,24058,0,493,2025,889,0,393,0] p=[2,0,2,0,0,0,7903,1,0,2,0,0,3,393,1,0,1] sig=B05D2:2849BC025E2ADE14 end=1
OE	0	02:30:10.830	Core 01	2026.07.17 12:00:00   [AdaptiveSurvivalEA][BRAIN_UPDATE] schema=B05T1 h=1784286000 d=[1,-4662,1,-3559,-1466,-10000,-21352,-2101,-4662] m=[0,4530,-3373,-3373,-6067,1,0,4091,2783,4957,-5114,4710,7424,-7424,4530,199487,181364,18123] v=[0,3725,3,5701,1,1,8,10,7450,9,10,1120,0,8,9,1377,0,4,4,518,0,2101,2068,159,21352,16788,2718,7217,2101,1005,575,5701,0] p=[1,0,2,0,0,1,4530,1,0,2,0,0,3,5701,1,3,0] sig=B05D2:7D8208DF147592CD end=1
EJ	0	02:30:10.830	Core 01	2026.07.17 13:00:00   [AdaptiveSurvivalEA][BRAIN_UPDATE] schema=B05T1 h=1784289600 d=[2,-3650,1,-2761,-1214,-10000,-7054,-859,-3650] m=[4,3600,-930,-930,-5368,1,0,1674,1333,6190,-3921,3732,7004,-7004,3600,215194,199487,15707] v=[0,3998,3,7922,1,1,8,10,7996,8,10,1142,0,7,9,1949,0,3,5,2794,0,859,3021,0,7054,26542,0,8667,859,1962,0,7922,0] p=[2,0,2,0,4,0,3600,1,0,2,0,0,3,7922,1,3,0] sig=B05D2:2CC852206BB0E4C5 end=1
PM	0	02:30:10.830	Core 01	2026.07.17 14:00:00   [AdaptiveSurvivalEA][BRAIN_UPDATE] schema=B05T1 h=1784293200 d=[2,-2291,1,-1712,-833,-10000,-446,-54,-2291] m=[2,5571,1971,1971,-1647,1,0,7574,5440,9120,-1270,1263,2031,-2031,5571,218013,215194,2819] v=[0,4306,3,4535,1,1,9,10,8613,8,9,1173,0,8,9,1836,0,4,5,2116,0,54,3035,0,446,26319,0,4560,54,1708,0,4535,0] p=[2,0,2,0,2,0,5571,1,0,2,0,0,3,4535,1,3,0] sig=B05D2:BF909424C4B034D8 end=1
QK	0	02:30:10.830	Core 01	2026.07.17 15:00:00   [AdaptiveSurvivalEA][BRAIN_UPDATE] schema=B05T1 h=1784296800 d=[2,20,1,-386,-315,0,1280,158,20] m=[4,3101,-2471,-2471,-248,1,0,3945,3274,6106,-256,256,241,-241,3101,199997,218013,-18016] v=[0,4513,3,6619,1,1,9,10,9027,8,9,1192,0,8,9,1485,0,4,5,1907,0,158,3035,0,1280,26319,0,6726,158,1528,0,6619,0] p=[2,0,2,0,4,0,3101,1,0,2,0,0,3,6619,1,3,0] sig=B05D2:29B56C450A98D1DC end=1
QR	0	02:30:10.830	Core 01	2026.07.17 16:00:00   [AdaptiveSurvivalEA][BRAIN_UPDATE] schema=B05T1 h=1784300400 d=[2,-91,1,58,-138,0,-437,-54,-91] m=[3,2730,-370,-370,5583,1,0,437,541,4054,2774,2705,8462,8462,2730,185930,199997,-14067] v=[0,4421,3,9408,1,1,9,10,8843,8,9,1245,0,8,10,1599,0,4,5,2028,0,54,3147,0,437,26934,0,9459,54,1624,0,9408,0] p=[2,0,2,0,3,0,2730,1,0,2,0,0,3,9408,1,3,0] sig=B05D2:E0B9D1454C3B8A9C end=1
JQ	0	02:30:10.830	Core 01	2026.07.17 17:00:00   [AdaptiveSurvivalEA][BRAIN_UPDATE] schema=B05T1 h=1784304000 d=[2,-2292,1,-91,-189,-10000,-4495,-571,-2292] m=[3,3026,296,296,3798,1,0,1820,2329,4247,1670,1654,5942,5942,3026,173587,185930,-12343] v=[0,4523,3,7233,1,1,9,10,9047,8,9,1276,0,8,9,1453,0,4,5,1965,0,571,3406,0,4495,28930,0,7671,571,1565,0,7233,0] p=[2,0,2,0,3,0,3026,1,0,2,0,0,3,7233,1,3,0] sig=B05D2:4F53CD698C485EE9 end=1
FE	0	02:30:10.830	Core 01	2026.07.17 18:00:00   [AdaptiveSurvivalEA][BRAIN_UPDATE] schema=B05T1 h=1784307600 d=[2,-2944,1,-638,-409,-10000,-8073,-987,-2944] m=[2,5152,2127,2127,2206,1,0,4355,7321,7857,1083,1079,3333,3333,5152,172152,173587,-1435] v=[0,4573,3,2414,1,1,9,10,9145,8,9,1259,0,8,9,1073,0,4,4,861,0,987,2842,0,8073,23188,0,2679,987,1065,0,2414,0] p=[2,0,2,0,2,0,5152,1,0,2,0,0,3,2414,1,3,0] sig=B05D2:A26A231072F2B0E end=1
DQ	0	02:30:10.830	Core 01	2026.07.17 19:00:00   [AdaptiveSurvivalEA][BRAIN_UPDATE] schema=B05T1 h=1784311200 d=[2,-3102,1,-908,-531,-10000,-8563,-1044,-3102] m=[4,1621,-3532,-3532,-499,1,0,749,1892,4054,-214,214,784,-784,1621,170909,172152,-1243] v=[0,4555,3,7261,1,1,9,10,9110,8,9,1263,0,8,9,880,0,4,4,760,0,1044,2571,0,8563,21913,0,8108,1044,968,0,7261,0] p=[2,0,2,0,4,0,1621,1,0,2,0,0,3,7261,1,3,0] sig=B05D2:4C6C9B1C53278C9F end=1
RF	0	02:30:10.830	Core 01	2026.07.17 20:00:00   [AdaptiveSurvivalEA][BRAIN_UPDATE] schema=B05T1 h=1784314800 d=[2,-857,1,-180,-246,0,-4720,-549,-857] m=[2,5340,3719,3719,513,1,0,6008,7368,9211,193,193,833,833,5340,165236,170909,-5673] v=[0,4561,3,2487,1,1,9,10,9122,8,9,1262,0,8,9,587,0,4,4,337,0,549,2527,0,4720,22221,0,2632,549,729,0,2487,0] p=[2,0,2,0,2,0,5340,1,0,2,0,0,3,2487,1,3,0] sig=B05D2:E84DC1355ABE7B2E end=1
MN	0	02:30:10.830	Core 01	2026.07.19 21:05:00   [AdaptiveSurvivalEA][BRAIN_UPDATE] schema=B05T1 h=1784318400 d=[2,-2825,1,98,-139,-10000,-10202,-1100,-2825] m=[2,4204,-1137,-1137,-1089,1,0,3741,5500,7833,-635,634,1544,-1544,4204,170062,165236,4826] v=[0,4339,3,4005,1,1,9,10,8677,8,9,1289,0,8,9,643,0,4,4,249,0,1100,2290,0,10202,20947,0,4500,1100,727,0,4005,0] p=[2,0,2,0,2,0,4204,1,0,2,0,0,3,4005,1,3,0] sig=B05D2:63EA12913399FA1D end=1
QO	0	02:30:10.830	Core 01	2026.07.19 22:00:00   [AdaptiveSurvivalEA][BRAIN_UPDATE] schema=B05T1 h=1784494800 d=[2,-3497,1,-1230,-670,-10000,-12279,-1333,-3497] m=[2,4363,159,159,-2083,1,0,2741,6579,6579,307,307,4474,-4474,4363,175156,170062,5094] v=[0,4507,3,2965,1,1,9,10,9014,8,9,1296,0,8,9,1209,0,4,4,1263,0,1333,2675,0,12279,26155,0,3421,1333,1256,0,2965,0] p=[2,0,2,0,2,0,4363,1,0,2,0,0,3,2965,1,3,0] sig=B05D2:12CAA8AD35F456ED end=1
EH	0	02:30:10.830	Core 01	2026.07.19 23:00:00   [AdaptiveSurvivalEA][BRAIN_UPDATE] schema=B05T1 h=1784498400 d=[2,-3924,1,-2372,-1171,-10000,-11905,-1250,-3924] m=[3,3924,-439,-439,-1607,1,0,3091,4091,7273,641,640,3854,-3854,3924,161413,175156,-13744] v=[0,4337,3,5170,1,1,9,10,8674,8,9,1202,0,8,9,964,0,4,4,962,0,1250,3569,0,11905,39764,0,5909,1250,1043,0,5170,0] p=[2,0,2,0,3,0,3924,1,0,2,0,0,3,5170,1,3,0] sig=B05D2:D6218F63EB1C8FF8 end=1
LK	0	02:30:10.830	Core 01	2026.07.20 00:00:00   [AdaptiveSurvivalEA][BRAIN_UPDATE] schema=B05T1 h=1784502000 d=[2,-3993,1,-2270,-1180,-10000,-13616,-1429,-3993] m=[4,2917,-1007,-1007,-1591,1,0,582,1250,9000,605,604,3786,-3786,2917,162057,161413,644] v=[0,4286,3,7500,1,1,9,10,8571,8,9,1123,0,8,9,742,0,4,4,1246,0,1429,3401,0,13616,42154,0,8750,1429,1037,0,7500,0] p=[2,0,2,0,4,0,2917,1,0,2,0,0,3,7500,1,3,0] sig=B05D2:61D982685AEA5455 end=1
MH	0	02:30:10.830	Core 01	2026.07.20 01:00:00   [AdaptiveSurvivalEA][BRAIN_UPDATE] schema=B05T1 h=1784505600 d=[2,-2657,1,-1371,-871,-10000,-3342,-317,-2657] m=[0,6600,3683,3683,-1359,1,0,7427,8451,10000,743,741,3460,-3460,6600,160777,162057,-1281] v=[0,4048,3,1500,1,1,8,10,8096,8,9,1029,0,8,9,360,0,4,4,914,0,317,3371,0,3342,45796,0,1549,317,768,0,1500,0] p=[2,0,2,0,0,0,6600,1,0,2,0,0,3,1500,1,3,0] sig=B05D2:E8138B52F41BCCF2 end=1
ND	0	02:30:10.830	Core 01	2026.07.20 02:00:00   [AdaptiveSurvivalEA][BRAIN_UPDATE] schema=B05T1 h=1784509200 d=[2,-918,1,-227,-438,0,-4841,-440,-918] m=[0,4485,-2114,-2114,768,1,0,3533,5000,9444,2355,2313,777,-777,4485,179350,160777,18574] v=[0,3845,3,4780,1,1,8,10,7689,8,9,940,0,8,9,517,0,4,5,1353,0,440,2876,0,4841,43027,0,5000,440,937,0,4780,0] p=[2,0,2,0,0,1,4485,1,0,2,0,0,3,4780,1,3,0] sig=B05D2:4E307B0455BB7353 end=1
DK	0	02:30:10.830	Core 01	2026.07.20 03:00:00   [AdaptiveSurvivalEA][BRAIN_UPDATE] schema=B05T1 h=1784512800 d=[2,281,1,719,-48,10000,-12023,-1142,281] m=[0,6203,1717,1717,5453,1,0,6412,5783,7590,3019,2931,7975,7975,6203,216347,179350,36997] v=[0,3776,3,3735,1,1,7,10,7552,8,9,840,0,8,9,1004,0,4,5,2276,0,1142,1076,612,12023,16767,0,4217,1142,1373,122,3735,0] p=[2,0,2,0,0,0,6203,1,0,2,0,0,3,3735,1,3,0] sig=B05D2:21EFB1158C68A438 end=1
KD	0	02:30:10.830	Core 01	2026.07.20 04:00:00   [AdaptiveSurvivalEA][BRAIN_UPDATE] schema=B05T1 h=1784516400 d=[2,1318,1,1516,279,10000,-4564,-414,1318] m=[0,4754,-1449,-1449,7063,1,0,1325,3214,7500,4387,4126,10000,10000,4754,248411,216347,32064] v=[0,3437,3,6505,1,1,7,10,6874,8,9,748,0,8,9,1049,0,3,5,2421,0,414,2560,0,4564,38241,0,6786,414,1406,0,6505,0] p=[2,0,2,0,0,1,4754,1,0,2,0,0,3,6505,1,3,0] sig=B05D2:C67280A12329CEC0 end=1
NM	0	02:30:10.830	Core 01	2026.07.20 05:00:00   [AdaptiveSurvivalEA][BRAIN_UPDATE] schema=B05T1 h=1784520000 d=[2,2952,1,2017,509,10000,4784,407,2952] m=[0,6347,1594,1594,7461,1,0,3986,6250,7750,5390,4922,10000,10000,6347,291190,248411,42779] v=[0,3185,3,3598,1,1,6,10,6370,8,9,671,0,7,8,906,0,3,4,875,0,407,841,0,4784,9373,0,3750,407,817,0,3598,0] p=[2,0,2,0,0,0,6347,1,0,2,0,0,3,3598,1,3,0] sig=B05D2:40B652E92CC48D33 end=1
JF	0	02:30:10.830	Core 01	2026.07.20 06:00:00   [AdaptiveSurvivalEA][BRAIN_UPDATE] schema=B05T1 h=1784523600 d=[2,1940,1,1599,388,10000,-822,-65,1940] m=[0,6884,536,536,3236,1,0,6901,8750,10000,2202,2167,4305,4305,6884,311261,291190,20072] v=[0,3101,3,1242,1,1,6,10,6203,8,9,554,0,7,8,475,0,4,4,247,0,65,1296,0,822,14316,0,1250,65,425,0,1242,0] p=[2,0,2,0,0,0,6884,1,0,2,0,0,3,1242,1,3,0] sig=B05D2:69C897BBAD8ABB07 end=1
MF	0	02:30:10.830	Core 01	2026.07.20 07:00:00   [AdaptiveSurvivalEA][BRAIN_UPDATE] schema=B05T1 h=1784527200 d=[2,-45,1,22,-211,-10000,13659,1228,-45] m=[0,5136,-1748,-1748,-358,1,0,7480,5610,8780,-195,195,520,-520,5136,288352,311261,-22909] v=[0,3144,3,3851,1,1,6,10,6287,8,9,473,0,7,8,889,0,3,4,2173,0,1228,2025,0,13659,22367,0,4390,1228,1178,0,3851,0] p=[2,0,2,0,0,1,5136,1,0,2,0,0,3,3851,1,3,0] sig=B05D2:AC4832FA3DC5776B end=1
DQ	0	02:30:10.830	Core 01	2026.07.20 08:00:00   [AdaptiveSurvivalEA][BRAIN_UPDATE] schema=B05T1 h=1784530800 d=[2,3428,1,601,58,10000,20395,1892,3428] m=[2,5630,494,494,1310,1,0,13111,5769,6474,1049,1045,1574,1574,5630,284328,288352,-4024] v=[0,3514,3,3430,1,1,7,10,7028,8,9,397,0,7,8,519,0,3,4,1347,0,1892,2101,0,20395,21352,0,4231,1892,754,0,3430,0] p=[2,0,2,0,2,0,5630,1,0,2,0,0,3,3430,1,3,0] sig=B05D2:5BD812A6DE837E66 end=1
QE	0	02:30:10.830	Core 01	2026.07.20 09:00:00   [AdaptiveSurvivalEA][BRAIN_UPDATE] schema=B05T1 h=1784534400 d=[2,1902,1,1038,267,0,14084,1297,1902] m=[2,5325,-305,-305,-873,1,0,7251,6500,8125,-697,696,1051,-1051,5325,280841,284328,-3487] v=[0,3673,3,3046,1,1,7,10,7346,8,8,335,0,7,7,534,0,4,3,0,558,1297,859,5097,14084,7054,9966,3500,1297,290,3124,3046,0] p=[2,0,2,0,2,0,5325,1,0,2,0,0,3,3046,1,3,0] sig=B05D2:31683E04089E65EC end=1
FL	0	02:30:10.830	Core 01	2026.07.20 10:00:00   [AdaptiveSurvivalEA][BRAIN_UPDATE] schema=B05T1 h=1784538000 d=[2,-2986,1,-892,-492,-10000,-7867,-738,-2986] m=[0,7107,1783,1783,-3978,1,0,11867,7295,7951,-3707,3546,4410,-4410,7107,249809,280841,-31032] v=[0,3841,3,2505,1,1,7,10,7681,8,8,316,0,7,8,869,0,4,4,0,82,738,54,10000,7867,446,10000,2705,738,395,4016,2505,0] p=[2,0,2,0,0,0,7107,1,0,2,0,0,3,2505,1,2,1] sig=B05D2:E9141E940C4BC05E end=1
OQ	0	02:30:10.830	Core 01	2026.07.20 11:00:00   [AdaptiveSurvivalEA][BRAIN_UPDATE] schema=B05T1 h=1784541600 d=[2,-3642,1,-1792,-876,-10000,-11404,-1128,-3642] m=[0,2139,-4968,-4968,-2661,1,0,1311,1282,3462,-2281,2242,3080,-3080,2139,222915,249809,-26894] v=[0,3902,3,7734,1,1,8,10,7804,8,8,337,0,7,8,1488,0,4,4,506,0,1128,158,10000,11404,1280,10000,8718,1128,777,4000,7734,0] p=[2,0,2,0,0,1,2139,1,0,2,0,0,3,7734,1,3,0] sig=B05D2:806A24891858F487 end=1
LO	0	02:30:10.830	Core 01	2026.07.20 12:00:00   [AdaptiveSurvivalEA][BRAIN_UPDATE] schema=B05T1 h=1784545200 d=[2,-3738,1,-1690,-870,-10000,-13713,-1338,-3738] m=[3,3271,1132,1132,-1873,1,0,2351,1452,8790,-1541,1529,2218,-2218,3271,203285,222915,-19631] v=[0,3914,3,7405,1,1,8,10,7829,8,8,327,0,7,8,1186,0,4,4,109,0,1338,54,10000,13713,437,10000,8548,1338,541,4000,7405,0] p=[2,0,2,0,3,0,3271,1,0,2,0,0,3,7405,1,3,0] sig=B05D2:E5710F75CC9AF9EC end=1
DD	0	02:30:10.830	Core 01	2026.07.20 13:00:00   [AdaptiveSurvivalEA][BRAIN_UPDATE] schema=B05T1 h=1784548800 d=[2,-4150,1,-2302,-1141,-10000,-18037,-1778,-4150] m=[2,5952,2682,2682,-6907,1,0,7239,4370,4889,-5104,4703,9111,-9111,5952,201982,203285,-1303] v=[0,4164,3,4629,1,1,8,10,8329,8,8,317,0,7,8,884,0,4,4,0,563,1778,571,10000,18037,4495,10000,5630,1778,400,4113,4629,0] p=[2,0,2,0,2,0,5952,1,0,2,0,0,3,4629,1,3,0] sig=B05D2:2A6F716C9EA192A end=1
GD	0	02:30:10.830	Core 01	2026.07.20 14:00:00   [AdaptiveSurvivalEA][BRAIN_UPDATE] schema=B05T1 h=1784552400 d=[1,-4750,1,-3574,-1698,-10000,-22596,-2220,-4750] m=[0,8661,2708,2708,-7169,1,0,10017,8515,9406,-5637,5107,9231,-9231,8661,208750,201982,6768] v=[0,4384,3,1155,1,1,9,10,8768,8,8,314,0,8,8,732,0,4,4,0,654,2220,987,10000,22596,8073,10000,1485,2220,349,4131,1155,0] p=[1,0,2,0,0,0,8661,1,0,2,0,0,3,1155,1,2,1] sig=B05D2:3C6789582D407151 end=1
RR	0	02:30:10.830	Core 01	2026.07.20 15:00:00   [AdaptiveSurvivalEA][BRAIN_UPDATE] schema=B05T1 h=1784556000 d=[1,-5331,1,-4786,-2252,-10000,-30990,-2989,-5331] m=[1,7156,-1505,-1505,-6974,1,0,9057,5461,7171,-5150,4739,9209,-9209,7156,237240,208750,28489] v=[0,4674,2,4324,1,1,9,10,9349,8,8,295,0,8,8,85,0,4,4,0,1619,2989,1044,10000,30990,8563,10000,4539,2989,126,4324,3182,0] p=[1,1,2,0,1,0,7156,1,0,2,0,0,2,4324,1,2,0] sig=B05D2:862B9E9454FF9686 end=1
MJ	0	02:30:10.830	Core 01	2026.07.20 16:00:00   [AdaptiveSurvivalEA][BRAIN_UPDATE] schema=B05T1 h=1784559600 d=[1,-5316,1,-4621,-2277,-10000,-31409,-3114,-5316] m=[1,6143,-1012,-1012,-5392,1,0,5038,6104,8701,-4266,4025,6759,-6759,6143,261930,237240,24691] v=[0,4757,2,4194,1,1,9,10,9513,8,8,278,0,8,8,297,0,4,4,0,971,3114,549,10000,31409,4720,10000,3896,3114,192,4194,2683,0] p=[1,2,2,0,1,0,6143,1,0,2,0,0,2,4194,1,2,0] sig=B05D2:4AA1CB9734807999 end=1
GP	0	02:30:10.830	Core 01	2026.07.20 17:00:00   [AdaptiveSurvivalEA][BRAIN_UPDATE] schema=B05T1 h=1784563200 d=[1,-4940,1,-3632,-1956,-10000,-27470,-2837,-4940] m=[1,2634,-3510,-3510,-4989,1,0,424,412,4639,-3755,3588,6390,-6390,2634,254720,261930,-7210] v=[0,4825,2,4073,1,1,9,10,9649,8,8,207,0,8,8,95,0,4,4,0,365,2837,1100,10000,27470,10202,10000,9588,2837,101,4073,6868,0] p=[1,2,2,0,1,1,2634,1,0,2,0,0,2,4073,1,3,1] sig=B05D2:3C515A4476B2C209 end=1
NJ	0	02:30:10.830	Core 01	2026.07.20 18:00:00   [AdaptiveSurvivalEA][BRAIN_UPDATE] schema=B05T1 h=1784566800 d=[2,-4433,1,-3017,-1763,-10000,-15090,-1718,-4433] m=[3,3893,1259,1259,-3074,1,0,2201,4773,6136,-2033,2005,4142,-4142,3893,248471,254720,-6249] v=[0,4903,3,4329,1,1,10,10,9807,8,8,175,0,8,8,0,352,4,4,0,942,1718,1333,2888,15090,12279,2289,5227,1718,58,1294,4329,0] p=[2,0,2,0,3,0,3893,1,0,2,0,0,3,4329,1,3,0] sig=B05D2:626603C600B1E525 end=1
KN	0	02:30:10.830	Core 01	2026.07.20 19:00:00   [AdaptiveSurvivalEA][BRAIN_UPDATE] schema=B05T1 h=1784570400 d=[2,-4000,1,-2341,-1526,-10000,-11589,-1337,-4000] m=[4,1930,-1963,-1963,140,1,0,1656,2807,3860,103,103,178,178,1930,220679,248471,-27791] v=[0,4989,3,6232,1,1,10,10,9978,8,8,170,0,8,8,0,177,4,4,0,731,1337,1250,692,11589,11905,0,7193,1337,57,320,6232,0] p=[2,0,2,0,4,0,1930,1,0,2,0,0,3,6232,1,3,0] sig=B05D2:3BEA00D4CFF74E34 end=1
KE	0	02:30:10.830	Core 01	2026.07.20 20:00:00   [AdaptiveSurvivalEA][BRAIN_UPDATE] schema=B05T1 h=1784574000 d=[2,-3892,1,-1937,-1391,-10000,-12192,-1418,-3892] m=[3,2809,879,879,5909,1,0,103,200,4800,1839,1819,10000,10000,2809,196593,220679,-24086] v=[0,5027,3,8410,1,1,10,10,10055,8,8,190,0,8,8,0,275,4,4,0,875,1418,1429,0,12192,13616,0,9800,1418,63,230,8410,0] p=[2,0,2,0,3,0,2809,1,0,2,0,0,3,8410,1,3,0] sig=B05D2:7695838DA6C4062B end=1
HR	0	02:30:10.830	Core 01	2026.07.20 21:00:30   [AdaptiveSurvivalEA][BRAIN_UPDATE] schema=B05T1 h=1784577600 d=[2,-4399,1,-2179,-1524,-10000,-23175,-2709,-4399] m=[2,4842,2033,2033,11,1,0,4319,7321,9643,21,21,0,0,4842,183696,196593,-12898] v=[0,4965,3,1953,1,1,9,10,9929,8,8,198,0,8,8,0,36,4,4,0,239,2709,317,10000,23175,3342,10000,2679,2709,66,4055,1953,0] p=[2,0,2,0,2,0,4842,1,0,2,0,0,3,1953,1,2,1] sig=B05D2:EC1820EE69E90B8C end=1
QF	0	02:30:10.830	Core 01	2026.07.20 22:00:00   [AdaptiveSurvivalEA][BRAIN_UPDATE] schema=B05T1 h=1784581200 d=[1,-4650,1,-2576,-1769,-10000,-28023,-3113,-4650] m=[4,1529,-3312,-3312,-136,1,0,229,392,6667,-23,23,250,-250,1529,198629,183696,14934] v=[0,4609,3,6617,1,1,9,9,9219,8,8,221,0,8,8,0,171,4,4,0,38,3113,440,10000,28023,4841,10000,9608,3113,74,4042,6617,0] p=[1,0,2,0,4,0,1529,1,0,2,0,0,3,6617,1,3,0] sig=B05D2:22E4A6CF8CCA5BA6 end=1
JN	0	02:30:10.830	Core 01	2026.07.20 23:00:00   [AdaptiveSurvivalEA][BRAIN_UPDATE] schema=B05T1 h=1784584800 d=[1,-4619,1,-2229,-1687,-10000,-32801,-3651,-4619] m=[3,3099,1569,1569,-514,1,0,1426,3529,8529,-238,238,789,-789,3099,203567,198629,4937] v=[0,4475,3,4108,1,1,8,9,8950,8,8,244,0,8,8,0,164,4,4,0,273,3651,1142,10000,32801,12023,10000,6471,3651,81,4087,4108,0] p=[1,1,2,0,3,0,3099,1,0,2,0,0,3,4108,1,3,0] sig=B05D2:1297C784516F2F61 end=1
CO	0	02:30:10.830	Core 01	2026.07.21 00:00:00   [AdaptiveSurvivalEA][BRAIN_UPDATE] schema=B05T1 h=1784588400 d=[2,-4379,1,-1667,-1542,-10000,-33425,-3368,-4379] m=[2,4814,1716,1716,233,1,0,3343,7879,9697,0,0,465,465,4814,183312,203567,-20255] v=[0,4176,3,1407,1,1,8,9,8353,8,8,221,0,8,8,0,527,4,3,0,1127,3368,414,10000,33425,4564,10000,2121,3368,74,4331,1407,0] p=[2,0,2,0,2,0,4814,1,0,2,0,0,3,1407,1,2,1] sig=B05D2:EC5BE4A1F7BDD49C end=1
EM	0	02:30:10.830	Core 01	2026.07.21 01:00:00   [AdaptiveSurvivalEA][BRAIN_UPDATE] schema=B05T1 h=1784592000 d=[2,-4421,1,-1510,-1490,-10000,-40222,-4016,-4421] m=[4,3618,-1196,-1196,-1392,1,0,3244,3676,7353,-675,674,2110,-2110,3618,181484,183312,-1828] v=[0,4177,3,3784,1,1,8,9,8353,8,8,109,0,8,7,0,1298,4,3,0,1357,4016,407,10000,40222,4784,10000,6324,4016,36,4531,3784,0] p=[2,0,2,0,4,0,3618,1,0,2,0,0,3,3784,1,3,0] sig=B05D2:883214E96985A4AB end=1
EN	0	02:30:10.830	Core 01	2026.07.21 02:00:00   [AdaptiveSurvivalEA][BRAIN_UPDATE] schema=B05T1 h=1784595600 d=[2,-4381,1,-1609,-1601,-10000,-35315,-3387,-4381] m=[3,3186,-432,-432,2393,1,0,1962,3182,5909,813,811,3976,3976,3186,179899,181484,-1584] v=[0,3903,3,4509,1,1,7,9,7806,8,8,12,0,8,7,0,1364,4,4,0,421,3387,65,10000,35315,822,10000,6818,3387,4,4357,4509,0] p=[2,0,2,0,3,0,3186,1,0,2,0,0,3,4509,1,3,0] sig=B05D2:3C17B63DC6240328 end=1
DQ	0	02:30:10.830	Core 01	2026.07.21 03:00:00   [AdaptiveSurvivalEA][BRAIN_UPDATE] schema=B05T1 h=1784599200 d=[2,-4484,1,-1867,-1786,-10000,-36291,-3269,-4484] m=[2,4602,1416,1416,-250,1,0,5315,6034,8448,-243,243,256,-256,4602,158706,179899,-21193] v=[0,3636,3,2669,1,1,7,9,7273,8,8,0,80,8,7,0,1684,4,3,0,1734,3269,1228,10000,36291,13659,10000,3966,3269,0,4699,2669,1] p=[2,0,2,0,2,0,4602,1,0,2,0,0,3,2669,1,2,1] sig=B05D2:94EC0AD6539CF8AA end=1
JL	0	02:30:10.830	Core 01	2026.07.21 04:00:00   [AdaptiveSurvivalEA][BRAIN_UPDATE] schema=B05T1 h=1784602800 d=[1,-4819,1,-2093,-1926,-10000,-50045,-4832,-4819] m=[4,2286,-2316,-2316,-374,1,0,2059,2063,5714,-222,222,526,-526,2286,147688,158706,-11019] v=[0,3520,3,4102,1,1,6,9,7040,8,8,0,105,8,7,0,695,3,3,396,0,4832,1892,10000,50045,20395,10000,7937,4832,132,4160,4102,1] p=[1,0,2,0,4,0,2286,1,0,2,0,0,3,4102,1,3,0] sig=B05D2:853FCD663546900E end=1
DP	0	02:30:10.830	Core 01	2026.07.21 05:00:00   [AdaptiveSurvivalEA][BRAIN_UPDATE] schema=B05T1 h=1784606400 d=[2,-4182,1,-1004,-1610,-10000,-37522,-3232,-4182] m=[0,7036,4751,4751,1133,1,0,9735,9322,9661,779,777,1489,1489,7036,145076,147688,-2612] v=[0,3182,3,459,1,1,6,9,6365,8,8,0,86,8,7,0,736,3,4,862,0,3232,1297,10000,37522,14084,10000,678,3232,287,4164,459,1] p=[2,0,2,0,0,0,7036,1,0,2,0,0,3,459,1,2,1] sig=B05D2:37B1A12F8650CD23 end=1
PN	0	02:30:10.830	Core 01	2026.07.21 06:00:00   [AdaptiveSurvivalEA][BRAIN_UPDATE] schema=B05T1 h=1784610000 d=[2,-3603,1,-33,-1215,-10000,-22306,-2169,-3603] m=[0,1485,-5551,-5551,2767,1,0,0,0,3276,1705,1688,3846,3846,1485,168690,145076,23614] v=[0,3136,3,7831,1,1,6,9,6271,8,8,0,55,7,7,0,301,3,4,2324,0,2169,738,10000,22306,7867,10000,10000,2169,775,4071,7831,0] p=[2,0,2,0,0,1,1485,1,0,2,0,0,3,7831,1,3,0] sig=B05D2:F839D65DD9927C79 end=1
DJ	0	02:30:10.830	Core 01	2026.07.21 07:00:00   [AdaptiveSurvivalEA][BRAIN_UPDATE] schema=B05T1 h=1784613600 d=[2,-1781,1,528,-989,0,-19134,-1715,-1781] m=[2,5038,3553,3553,3538,1,0,6252,5156,5625,2501,2450,4627,4627,5038,199959,168690,31269] v=[0,3019,3,4013,1,1,5,9,6038,8,8,0,18,7,7,0,463,3,4,1711,0,1715,1128,5196,19134,11404,6778,4844,1715,570,2491,4013,0] p=[2,0,2,0,2,0,5038,1,0,2,0,0,3,4013,1,3,0] sig=B05D2:564BD5A5461C7106 end=1
JL	0	02:30:10.830	Core 01	2026.07.21 08:00:00   [AdaptiveSurvivalEA][BRAIN_UPDATE] schema=B05T1 h=1784617200 d=[2,-1174,1,1331,-559,0,-12245,-1134,-1174] m=[4,3994,-1045,-1045,6931,1,0,2924,2254,3099,4277,4034,9829,9829,3994,241986,199959,42027] v=[0,3145,3,6868,1,1,5,9,6291,8,8,25,0,7,7,283,0,3,4,1898,0,1134,1338,0,12245,13713,0,7746,1134,735,0,6868,0] p=[2,0,2,0,4,0,3994,1,0,2,0,0,3,6868,1,3,0] sig=B05D2:D628012C2107790E end=1
KH	0	02:30:10.830	Core 01	2026.07.21 09:00:00   [AdaptiveSurvivalEA][BRAIN_UPDATE] schema=B05T1 h=1784620800 d=[2,-613,1,1117,-541,0,-5316,-542,-613] m=[2,4362,369,369,4670,1,0,3722,2593,6914,2942,2860,6480,6480,4362,257288,241986,15302] v=[0,3256,3,7006,1,1,6,9,6513,8,8,109,0,7,7,1058,0,3,4,2835,0,542,1778,0,5316,18037,0,7407,542,1334,0,7006,0] p=[2,0,2,0,2,0,4362,1,0,2,0,0,3,7006,1,3,0] sig=B05D2:2903E2B2CD1BD793 end=1
HR	0	02:30:10.830	Core 01	2026.07.21 10:00:00   [AdaptiveSurvivalEA][BRAIN_UPDATE] schema=B05T1 h=1784624400 d=[2,1649,1,920,-518,0,12558,1523,1649] m=[4,2579,-1783,-1783,3280,1,0,2545,1765,2588,1459,1449,5111,5111,2579,279722,257288,22434] v=[0,3407,3,6981,1,1,6,9,6814,8,8,229,0,7,8,1429,0,2,4,4103,0,1523,2220,0,12558,22596,0,8235,1523,1920,0,6981,0] p=[2,0,2,0,4,0,2579,1,0,2,0,0,3,6981,1,3,0] sig=B05D2:43B48B84E898D3E end=1
OK	0	02:30:10.830	Core 01	2026.07.21 11:00:00   [AdaptiveSurvivalEA][BRAIN_UPDATE] schema=B05T1 h=1784628000 d=[2,2024,1,726,-513,0,21967,3146,2024] m=[3,3861,1281,1281,1431,1,0,3443,2471,9765,721,720,2143,2143,3861,296391,279722,16669] v=[0,3535,3,5161,1,1,6,9,7069,7,8,414,0,6,8,2442,0,2,4,5303,0,3146,2989,522,21967,30990,0,7529,3146,2720,104,5161,0] p=[2,0,2,0,3,0,3861,1,0,2,0,0,3,5161,1,3,0] sig=B05D2:A78424B02783F781 end=1
LP	0	02:30:10.830	Core 01	2026.07.21 12:00:00   [AdaptiveSurvivalEA][BRAIN_UPDATE] schema=B05T1 h=1784631600 d=[2,-82,1,124,-701,-10000,12286,1949,-82] m=[4,2507,-1354,-1354,-1399,1,0,1778,1746,6032,-711,710,2088,-2088,2507,272491,296391,-23900] v=[0,3591,3,6646,1,1,6,9,7182,7,8,617,0,6,8,2532,0,2,4,5664,0,1949,3114,0,12286,31409,0,8254,1949,2938,0,6646,0] p=[2,0,2,0,4,0,2507,1,0,2,0,0,3,6646,1,3,0] sig=B05D2:3D8F335C50B4777E end=1
FR	0	02:30:10.830	Core 01	2026.07.21 13:00:00   [AdaptiveSurvivalEA][BRAIN_UPDATE] schema=B05T1 h=1784635200 d=[2,-604,1,-350,-834,-10000,8208,1302,-604] m=[3,3599,1092,1092,-3953,1,0,3097,2778,4722,-1796,1777,6129,-6129,3599,245430,272491,-27061] v=[0,3753,3,6282,1,1,6,9,7507,7,8,843,0,6,8,2847,0,2,4,5329,0,1302,2837,0,8208,27470,0,7222,1302,3006,0,6282,0] p=[2,0,2,0,3,0,3599,1,0,2,0,0,3,6282,1,3,0] sig=B05D2:A7BC4C055D9A1C0A end=1
IK	0	02:30:10.830	Core 01	2026.07.21 14:00:00   [AdaptiveSurvivalEA][BRAIN_UPDATE] schema=B05T1 h=1784638800 d=[2,-2719,1,-1302,-1144,-10000,-3226,-519,-2719] m=[2,5524,1924,1924,-4856,1,0,7715,4331,5276,-2581,2525,7188,-7188,5524,247449,245430,2019] v=[0,4147,3,5375,1,1,7,9,8294,7,8,1021,0,6,8,2378,0,2,4,4906,0,519,1718,0,3226,15090,0,5669,519,2768,0,5375,0] p=[2,0,2,0,2,0,5524,1,0,2,0,0,3,5375,1,3,0] sig=B05D2:8B8F20579F6F3F3F end=1
NM	0	02:30:10.830	Core 01	2026.07.21 15:00:00   [AdaptiveSurvivalEA][BRAIN_UPDATE] schema=B05T1 h=1784642400 d=[2,-4135,1,-2412,-1550,-10000,-11953,-1950,-4135] m=[0,6290,766,766,-6962,1,0,7121,3275,8012,-4145,3923,10000,-10000,6290,255252,247449,7803] v=[0,4576,3,5414,1,1,8,9,9151,7,8,1188,0,7,8,1654,0,2,4,4361,0,1950,1337,4592,11953,11589,314,6725,1950,2401,981,5414,0] p=[2,0,2,0,0,0,6290,1,0,2,0,0,3,5414,1,3,0] sig=B05D2:FDF7EABE98413345 end=1
QJ	0	02:30:10.830	Core 01	2026.07.21 16:00:00   [AdaptiveSurvivalEA][BRAIN_UPDATE] schema=B05T1 h=1784646000 d=[2,-4068,1,-2588,-1633,-10000,-10148,-1684,-4068] m=[0,3473,-2817,-2817,-5688,1,0,1590,1477,5000,-3155,3054,8323,-8323,3473,262015,255252,6763] v=[0,4760,3,7088,1,1,8,9,9520,7,8,1343,0,7,8,1477,0,2,4,4190,0,1684,1418,1871,10148,12192,0,8523,1684,2337,374,7088,0] p=[2,0,2,0,0,1,3473,1,0,2,0,0,3,7088,1,3,0] sig=B05D2:1FEA184602E858AD end=1
IO	0	02:30:10.830	Core 01	2026.07.21 17:00:00   [AdaptiveSurvivalEA][BRAIN_UPDATE] schema=B05T1 h=1784649600 d=[2,-3185,1,-2118,-1487,-10000,-4099,-716,-3185] m=[4,2827,-646,-646,-4907,1,0,870,1750,3500,-2758,2690,7124,-7124,2827,267876,262015,5861] v=[0,4694,3,7659,1,1,8,9,9388,7,8,1509,0,7,8,1496,0,2,4,4472,0,716,2709,0,4099,23175,0,8250,716,2492,0,7659,0] p=[2,0,2,0,4,0,2827,1,0,2,0,0,3,7659,1,3,0] sig=B05D2:BCD5A1E049581006 end=1
DG	0	02:30:10.830	Core 01	2026.07.21 18:00:00   [AdaptiveSurvivalEA][BRAIN_UPDATE] schema=B05T1 h=1784653200 d=[2,-3453,1,-2029,-1488,-10000,-6214,-1032,-3453] m=[2,4761,1934,1934,-4826,1,0,1902,3750,9500,-2688,2625,7027,-7027,4761,276662,267876,8785] v=[0,4610,3,5605,1,1,8,9,9221,7,8,1620,0,7,8,1547,0,2,4,4132,0,1032,3113,0,6214,28023,0,6250,1032,2433,0,5605,0] p=[2,0,2,0,2,0,4761,1,0,2,0,0,3,5605,1,3,0] sig=B05D2:EE5A06E4F0E9C2AD end=1
IN	0	02:30:10.830	Core 01	2026.07.21 19:00:00   [AdaptiveSurvivalEA][BRAIN_UPDATE] schema=B05T1 h=1784656800 d=[2,-4207,1,-2411,-1652,-10000,-12660,-2056,-4207] m=[2,4643,-118,-118,-4393,1,0,4840,4699,4699,-2234,2198,6589,-6589,4643,317109,276662,40448] v=[0,4723,3,4211,1,1,8,9,9445,7,8,1690,0,7,8,986,0,2,4,3493,0,2056,3651,0,12660,32801,0,5301,2056,2056,0,4211,0] p=[2,0,2,0,2,0,4643,1,0,2,0,0,3,4211,1,3,0] sig=B05D2:163DF16B24BDE91A end=1
CS	0	02:30:10.830	Core 01	2026.07.21 20:00:00   [AdaptiveSurvivalEA][BRAIN_UPDATE] schema=B05T1 h=1784660400 d=[1,-4650,1,-2835,-1869,-10000,-17942,-2934,-4650] m=[4,3711,-931,-931,-3116,1,0,1895,3947,6579,-1238,1232,5000,-5000,3711,352164,317109,35055] v=[0,4654,3,4277,1,1,8,9,9307,7,8,1732,0,7,8,983,0,2,4,3779,0,2934,3368,0,17942,33425,0,6053,2934,2165,0,4277,0] p=[1,0,2,0,4,0,3711,1,0,2,0,0,3,4277,1,3,0] sig=B05D2:9316FA2F11D0480A end=1
KL	0	02:30:10.830	Core 01	2026.07.21 21:01:30   [AdaptiveSurvivalEA][BRAIN_UPDATE] schema=B05T1 h=1784664000 d=[1,-5007,1,-3445,-2148,-10000,-22440,-3448,-5007] m=[0,7781,4069,4069,-5869,1,0,7979,8101,10000,-3142,3042,8696,-8696,7781,396351,352164,44187] v=[0,4732,3,1244,1,1,8,8,9464,7,8,1785,0,7,8,1070,0,3,4,3273,0,3448,4016,0,22440,40222,0,1899,3448,2043,0,1244,0] p=[1,1,2,0,0,0,7781,1,0,2,0,0,3,1244,1,0,1] sig=B05D2:7497A89EFDCF3BD7 end=1
CM	0	02:30:10.830	Core 01	2026.07.21 22:00:00   [AdaptiveSurvivalEA][BRAIN_UPDATE] schema=B05T1 h=1784667600 d=[1,-4793,1,-3303,-2154,-10000,-18134,-2558,-4793] m=[0,5776,-2005,-2005,-3369,1,0,4185,6875,10000,-2536,2483,4254,-4254,5776,434646,396351,38295] v=[0,4678,3,2326,1,1,8,8,9355,7,8,1792,0,7,8,1024,0,3,4,2763,0,2558,3387,0,18134,35315,0,3125,2558,1859,0,2326,0] p=[1,2,2,0,0,1,5776,1,0,2,0,0,3,2326,1,3,0] sig=B05D2:6AFF7B9E33543B18 end=1
LR	0	02:30:10.830	Core 01	2026.07.21 23:00:00   [AdaptiveSurvivalEA][BRAIN_UPDATE] schema=B05T1 h=1784671200 d=[2,-4484,1,-2647,-1976,-10000,-16077,-2239,-4484] m=[2,4438,-1338,-1338,-3337,1,0,1474,5000,9091,-2572,2517,4157,-4157,4438,432218,434646,-2428] v=[0,4459,3,3881,1,1,7,8,8918,7,8,1761,0,7,8,1113,0,3,4,2982,0,2239,3269,0,16077,36291,0,5000,2239,1952,0,3881,0] p=[2,0,2,0,2,0,4438,1,0,2,0,0,3,3881,1,3,0] sig=B05D2:B42BC6DB524899EF end=1
RQ	0	02:30:10.830	Core 01	2026.07.22 00:00:00   [AdaptiveSurvivalEA][BRAIN_UPDATE] schema=B05T1 h=1784674800 d=[2,-4249,1,-2256,-1880,-10000,-14377,-1863,-4249] m=[2,4872,435,435,-581,1,0,4187,6977,9535,-754,752,409,-409,4872,406848,432218,-25370] v=[0,4314,3,2460,1,1,7,8,8627,7,8,1682,0,7,8,702,0,3,3,1896,0,1863,4832,0,14377,50045,0,3023,1863,1427,0,2460,0] p=[2,0,2,0,2,0,4872,1,0,2,0,0,3,2460,1,3,0] sig=B05D2:B3903A2A16119C06 end=1
HQ	0	02:30:10.830	Core 01	2026.07.22 01:00:00   [AdaptiveSurvivalEA][BRAIN_UPDATE] schema=B05T1 h=1784678400 d=[2,-4165,1,-1440,-1585,-10000,-19775,-2664,-4165] m=[4,2466,-2407,-2407,772,1,0,2293,2712,4915,115,115,1429,1429,2466,367411,406848,-39436] v=[0,4232,3,5347,1,1,7,8,8464,7,8,1524,0,7,8,572,0,2,3,2527,0,2664,3232,0,19775,37522,0,7288,2664,1541,0,5347,0] p=[2,0,2,0,4,0,2466,1,0,2,0,0,3,5347,1,3,0] sig=B05D2:D37665531237027D end=1
OM	0	02:30:10.830	Core 01	2026.07.22 02:00:00   [AdaptiveSurvivalEA][BRAIN_UPDATE] schema=B05T1 h=1784682000 d=[2,-4092,1,-1188,-1459,-10000,-20866,-2803,-4092] m=[3,2976,510,510,3899,1,0,1833,1646,4684,1551,1539,6260,6260,2976,320400,367411,-47011] v=[0,4328,3,6013,1,1,7,8,8657,7,8,1323,0,7,7,7,0,3,3,1127,0,2803,2169,2921,20866,22306,0,8354,2803,819,584,6013,0] p=[2,0,2,0,3,0,2976,1,0,2,0,0,3,6013,1,3,0] sig=B05D2:931B6881CB0DBD7F end=1
KM	0	02:30:10.830	Core 01	2026.07.22 03:00:00   [AdaptiveSurvivalEA][BRAIN_UPDATE] schema=B05T1 h=1784685600 d=[2,-3970,1,-846,-1291,-10000,-21208,-2925,-3970] m=[3,3726,750,750,3328,1,0,3743,3034,5169,1358,1350,5306,5306,3726,294324,320400,-26076] v=[0,4429,3,4928,1,1,7,8,8857,7,8,1074,0,7,7,0,267,2,3,1574,0,2925,1715,7060,21208,19134,1084,6966,2925,883,1682,4928,0] p=[2,0,2,0,3,0,3726,1,0,2,0,0,3,4928,1,3,0] sig=B05D2:18F1F4E8CDD0EEB4 end=1
EI	0	02:30:10.830	Core 01	2026.07.22 04:00:00   [AdaptiveSurvivalEA][BRAIN_UPDATE] schema=B05T1 h=1784689200 d=[2,-2260,1,-217,-1105,0,-23587,-2975,-2260] m=[2,4883,1157,1157,5058,1,0,2435,4324,8378,2313,2273,7843,7843,4883,271725,294324,-22599] v=[0,4060,3,3987,1,1,7,8,8119,7,8,880,0,7,7,0,415,2,3,1545,0,2975,1134,10000,23587,12245,9262,5676,2975,808,3935,3987,0] p=[2,0,2,0,2,0,4883,1,0,2,0,0,3,3987,1,3,0] sig=B05D2:8205ECB6FED74176 end=1
GR	0	02:30:10.830	Core 01	2026.07.22 05:00:00   [AdaptiveSurvivalEA][BRAIN_UPDATE] schema=B05T1 h=1784692800 d=[2,-2006,1,245,-1046,0,-21703,-2383,-2006] m=[2,4578,-305,-305,4708,1,0,2135,3158,9211,2064,2035,7381,7381,4578,264365,271725,-7360] v=[0,3499,3,5212,1,1,6,8,6998,7,8,734,0,7,7,0,516,2,3,1125,0,2383,542,10000,21703,5316,10000,6842,2383,620,4103,5212,0] p=[2,0,2,0,2,0,4578,1,0,2,0,0,3,5212,1,3,0] sig=B05D2:7CA3E4AC2572FA7C end=1
CF	0	02:30:10.830	Core 01	2026.07.22 06:00:00   [AdaptiveSurvivalEA][BRAIN_UPDATE] schema=B05T1 h=1784696400 d=[2,-1901,1,631,-903,0,-24528,-2579,-1901] m=[2,4206,-372,-372,4503,1,0,1698,2093,9535,1925,1901,7105,7105,4206,268069,264365,3704] v=[0,3325,3,5867,1,1,5,8,6651,7,8,610,0,7,7,0,323,2,2,0,62,2579,1523,6940,24528,12558,9533,7907,2579,203,3372,5867,0] p=[2,0,2,0,2,0,4206,1,0,2,0,0,3,5867,1,3,0] sig=B05D2:806EFFC88541C070 end=1
JM	0	02:30:10.830	Core 01	2026.07.22 07:00:00   [AdaptiveSurvivalEA][BRAIN_UPDATE] schema=B05T1 h=1784700000 d=[2,-1415,1,1140,-595,0,-15111,-1644,-1415] m=[2,5591,1385,1385,6582,1,0,4733,3881,7313,3277,3165,10000,10000,5591,294033,268069,25964] v=[0,3468,3,5114,1,1,5,8,6935,7,7,458,0,7,6,0,737,2,2,0,1675,1644,3146,0,15111,21967,0,6119,1644,153,482,5114,0] p=[2,0,2,0,2,0,5591,1,0,2,0,0,3,5114,1,3,0] sig=B05D2:7F34E61BE12C2F42 end=1
KH	0	02:30:10.830	Core 01	2026.07.22 08:00:00   [AdaptiveSurvivalEA][BRAIN_UPDATE] schema=B05T1 h=1784703600 d=[2,-1523,1,871,-512,0,-15591,-1885,-1523] m=[4,3549,-2042,-2042,2600,1,0,4455,1854,5960,1114,1109,4091,4091,3549,325439,294033,31405] v=[0,3986,3,6611,1,1,6,8,7973,7,7,246,0,7,6,0,1581,3,2,0,3220,1885,1949,0,15591,12286,2690,8146,1885,82,1498,6611,0] p=[2,0,2,0,4,0,3549,1,0,2,0,0,3,6611,1,3,0] sig=B05D2:6C89EDD3D6EE8185 end=1
RN	0	02:30:10.830	Core 01	2026.07.22 09:00:00   [AdaptiveSurvivalEA][BRAIN_UPDATE] schema=B05T1 h=1784707200 d=[2,-1427,1,499,-609,0,-11270,-1400,-1427] m=[4,2629,-920,-920,2136,1,0,1270,941,7176,857,855,3418,3418,2629,352657,325439,27218] v=[0,4011,3,7790,1,1,6,8,8022,7,7,54,0,7,6,0,1931,2,2,0,2387,1400,1302,754,11270,8208,3730,9059,1400,18,1761,7790,0] p=[2,0,2,0,4,0,2629,1,0,2,0,0,3,7790,1,3,0] sig=B05D2:C9E6AA381D62E1BA end=1
HP	0	02:30:10.830	Core 01	2026.07.22 10:00:00   [AdaptiveSurvivalEA][BRAIN_UPDATE] schema=B05T1 h=1784710800 d=[2,-3112,1,-216,-815,-10000,-10021,-1332,-3112] m=[2,5743,3114,3114,-2076,1,0,7479,5435,9457,-1047,1043,3109,-3109,5743,380071,352657,27414] v=[0,4270,3,3957,1,1,7,8,8541,7,7,0,85,7,6,0,884,2,2,0,1296,1332,519,10000,10021,3226,10000,4565,1332,0,4453,3957,1] p=[2,0,2,0,2,0,5743,1,0,2,0,0,3,3957,1,3,0] sig=B05D2:EE18653E341E6AD6 end=1
NQ	0	02:30:10.830	Core 01	2026.07.22 11:00:00   [AdaptiveSurvivalEA][BRAIN_UPDATE] schema=B05T1 h=1784714400 d=[2,-2694,1,-1102,-1163,-10000,-3470,-501,-2694] m=[4,2872,-2870,-2870,-3239,1,0,1659,1549,5493,-1659,1644,4833,-4833,2872,354059,380071,-26012] v=[0,4246,3,8027,1,1,7,8,8492,7,7,0,126,6,7,725,0,2,2,614,0,501,1950,0,3470,11953,0,8451,501,446,25,8027,2] p=[2,0,2,0,4,0,2872,1,0,2,0,0,3,8027,1,3,0] sig=B05D2:19D33DC14A1FC8B3 end=1
GN	0	02:30:10.830	Core 01	2026.07.22 12:00:00   [AdaptiveSurvivalEA][BRAIN_UPDATE] schema=B05T1 h=1784718000 d=[2,-2092,1,-712,-1002,-10000,-757,-105,-2092] m=[2,5169,2296,2296,-2788,1,0,4389,5918,8776,-1574,1561,4016,-4016,5169,331515,354059,-22544] v=[0,4235,3,4039,1,1,7,8,8470,7,7,0,123,6,7,1244,0,2,2,517,0,105,1684,0,757,10148,0,4082,105,587,25,4039,2] p=[2,0,2,0,2,0,5169,1,0,2,0,0,3,4039,1,3,0] sig=B05D2:7EF5CBBA7B107364 end=1
GI	0	02:30:10.830	Core 01	2026.07.22 13:00:00   [AdaptiveSurvivalEA][BRAIN_UPDATE] schema=B05T1 h=1784721600 d=[2,-247,1,-36,-659,0,-419,-63,-247] m=[4,1600,-3568,-3568,-834,1,0,1257,909,4040,-419,419,1250,-1250,1600,342197,331515,10682] v=[0,4585,3,9034,1,1,7,8,9170,7,7,0,164,7,7,728,0,2,2,0,244,63,716,0,419,4099,0,9091,63,243,82,9034,3] p=[2,0,2,0,4,0,1600,1,0,2,0,0,3,9034,1,3,0] sig=B05D2:FF8F3578E4722634 end=1
GR	0	02:30:10.830	Core 01	2026.07.22 14:00:00   [AdaptiveSurvivalEA][BRAIN_UPDATE] schema=B05T1 h=1784725200 d=[2,2934,1,793,-237,10000,8766,1324,2934] m=[2,4151,2550,2550,1542,1,0,7241,3986,4406,864,862,2222,2222,4151,368170,342197,25972] v=[0,5032,3,5218,1,1,8,8,10064,7,7,0,228,7,7,0,78,3,2,0,864,1324,1032,2838,8766,6214,4107,6014,1324,0,1623,5218,5] p=[2,0,2,0,2,0,4151,1,0,2,0,0,3,5218,1,3,0] sig=B05D2:3C8426BBEE8BEF98 end=1
DK	0	02:30:10.830	Core 01	2026.07.22 15:00:00   [AdaptiveSurvivalEA][BRAIN_UPDATE] schema=B05T1 h=1784728800 d=[2,1364,1,850,-151,0,7670,1195,1364] m=[2,4623,473,473,1968,1,0,5235,4019,8598,998,995,2941,2941,4623,390679,368170,22509] v=[0,5241,3,5266,1,1,8,8,10482,7,7,0,266,7,7,96,0,3,2,0,347,1195,2056,0,7670,12660,0,5981,1195,32,123,5266,7] p=[2,0,2,0,2,0,4623,1,0,2,0,0,3,5266,1,3,0] sig=B05D2:7B836FB9871A118B end=1
IH	0	02:30:10.830	Core 01	2026.07.22 16:00:00   [AdaptiveSurvivalEA][BRAIN_UPDATE] schema=B05T1 h=1784732400 d=[2,3372,1,779,-147,10000,14789,2158,3372] m=[2,5930,1307,1307,3814,1,0,5176,6462,9385,2317,2276,5351,5351,5930,405384,390679,14705] v=[0,5172,3,2775,1,1,8,8,10344,7,7,0,271,7,7,0,55,3,2,0,1148,2158,2934,0,14789,17942,0,3538,2158,0,295,2775,7] p=[2,0,2,0,2,0,5930,1,0,2,0,0,3,2775,1,3,0] sig=B05D2:9A3943220DF1827A end=1
MO	0	02:30:10.830	Core 01	2026.07.22 17:00:00   [AdaptiveSurvivalEA][BRAIN_UPDATE] schema=B05T1 h=1784736000 d=[2,1990,1,722,-137,0,17516,2636,1990] m=[2,4101,-1829,-1829,949,1,0,5217,5250,6000,571,571,1327,1327,4101,400728,405384,-4656] v=[0,5135,3,3498,1,1,8,8,10270,7,7,0,249,7,7,14,0,3,3,116,0,2636,3448,0,17516,22440,0,4750,2636,43,50,3498,6] p=[2,0,2,0,2,0,4101,1,0,2,0,0,3,3498,1,3,0] sig=B05D2:46AC1E31A5B437C2 end=1
QJ	0	02:30:10.830	Core 01	2026.07.22 18:00:00   [AdaptiveSurvivalEA][BRAIN_UPDATE] schema=B05T1 h=1784739600 d=[2,1532,1,237,-300,0,11821,1959,1532] m=[4,1818,-2283,-2283,844,1,0,985,1702,4468,542,541,1146,1146,1818,396693,400728,-4035] v=[0,5189,3,6672,1,1,8,8,10378,7,7,0,210,7,7,48,0,2,3,931,0,1959,2558,0,11821,18134,0,8298,1959,326,42,6672,4] p=[2,0,2,0,4,0,1818,1,0,2,0,0,3,6672,1,3,0] sig=B05D2:1AEFBEFB28E4EEE6 end=1
EG	0	02:30:10.830	Core 01	2026.07.22 19:00:00   [AdaptiveSurvivalEA][BRAIN_UPDATE] schema=B05T1 h=1784743200 d=[2,1773,1,405,-212,0,14508,2402,1773] m=[3,3263,1445,1445,-1225,1,0,1116,3000,9333,-645,644,1806,-1806,3263,393196,396693,-3497] v=[0,5165,3,5318,1,1,8,8,10330,7,7,0,188,7,7,0,257,2,3,546,0,2402,2239,731,14508,16077,0,7000,2402,182,235,5318,4] p=[2,0,2,0,3,0,3263,1,0,2,0,0,3,5318,1,3,0] sig=B05D2:5ED9D33B1D93EB96 end=1
NP	0	02:30:10.830	Core 01	2026.07.22 20:00:00   [AdaptiveSurvivalEA][BRAIN_UPDATE] schema=B05T1 h=1784746800 d=[2,1614,1,503,-153,0,11185,1939,1614] m=[4,2000,-1263,-1263,1173,1,0,377,1071,6429,503,502,1845,1845,2000,409213,393196,16017] v=[0,5111,3,7197,1,1,8,8,10221,7,7,0,183,7,7,0,296,2,3,1358,0,1939,1863,410,11185,14377,0,8929,1939,453,178,7197,3] p=[2,0,2,0,4,0,2000,1,0,2,0,0,3,7197,1,3,0] sig=B05D2:4D6FE27449F812CA end=1
QP	0	02:30:10.830	Core 01	2026.07.22 21:01:30   [AdaptiveSurvivalEA][BRAIN_UPDATE] schema=B05T1 h=1784750400 d=[2,1582,1,599,-101,0,10346,1759,1582] m=[3,2943,943,943,-1360,1,0,1048,3636,6818,-367,367,2353,-2353,2943,432363,409213,23150] v=[0,4924,3,5244,1,1,8,8,9847,7,7,0,133,7,7,0,35,2,2,835,0,1759,2664,0,10346,19775,0,6364,1759,278,34,5244,2] p=[2,0,2,0,3,0,2943,1,0,2,0,0,3,5244,1,3,0] sig=B05D2:2903CA014692297F end=1
PL	0	02:30:10.830	Core 01	2026.07.22 22:00:00   [AdaptiveSurvivalEA][BRAIN_UPDATE] schema=B05T1 h=1784754000 d=[2,-387,1,195,-267,-10000,7510,1116,-387] m=[3,3544,602,602,-916,1,0,4393,4627,5075,-85,85,1746,-1746,3544,375827,432363,-56536] v=[0,4573,3,4774,1,1,7,8,9146,7,7,0,17,7,7,195,0,2,3,714,0,1116,2803,0,7510,20866,0,5373,1116,303,3,4774,0] p=[2,0,2,0,3,0,3544,1,0,2,0,0,3,4774,1,3,0] sig=B05D2:8BC783EDF1ED4C92 end=1
QS	0	02:30:10.830	Core 01	2026.07.22 23:00:00   [AdaptiveSurvivalEA][BRAIN_UPDATE] schema=B05T1 h=1784757600 d=[2,-1111,1,-354,-492,-10000,3727,557,-1111] m=[4,2272,-1273,-1273,-1950,1,0,1193,2222,4167,-567,566,3333,-3333,2272,326829,375827,-48998] v=[0,4369,3,7345,1,1,7,8,8739,7,7,155,0,7,7,725,0,2,2,984,0,557,2925,0,3727,21208,0,7778,557,621,0,7345,0] p=[2,0,2,0,4,0,2272,1,0,2,0,0,3,7345,1,3,0] sig=B05D2:A28DB108BF955C38 end=1
RI	0	02:30:10.830	Core 01	2026.07.23 00:00:00   [AdaptiveSurvivalEA][BRAIN_UPDATE] schema=B05T1 h=1784761200 d=[2,901,1,98,-323,0,6198,842,901] m=[2,5210,2938,2938,160,1,0,4767,8824,8824,64,64,256,256,5210,318183,326829,-8646] v=[0,4124,3,1077,1,1,6,8,8248,7,7,249,0,7,7,525,0,2,2,703,0,842,2975,0,6198,23587,0,1176,842,492,0,1077,0] p=[2,0,2,0,2,0,5210,1,0,2,0,0,3,1077,1,3,0] sig=B05D2:FE54613B39CE47F2 end=1
KP	0	02:30:10.830	Core 01	2026.07.23 01:00:00   [AdaptiveSurvivalEA][BRAIN_UPDATE] schema=B05T1 h=1784764800 d=[2,3572,1,1450,251,10000,13825,1703,3572] m=[0,7164,1954,1954,3102,1,0,9217,8169,9437,1812,1792,4412,4412,7164,341055,318183,22872] v=[0,4148,3,1519,1,1,6,8,8297,7,7,201,0,7,7,0,7,3,2,0,409,1703,2383,0,13825,21703,0,1831,1703,67,83,1519,0] p=[2,0,2,0,0,0,7164,1,0,2,0,0,3,1519,1,3,0] sig=B05D2:242309DC90210018 end=1
IS	0	02:30:10.830	Core 01	2026.07.23 02:00:00   [AdaptiveSurvivalEA][BRAIN_UPDATE] schema=B05T1 h=1784768400 d=[2,3649,1,2089,560,10000,10830,1333,3649] m=[0,3328,-3837,-3837,2203,1,0,1433,1915,9149,1274,1267,3139,3139,3328,375297,341055,34242] v=[0,4161,3,7007,1,1,6,8,8322,7,7,92,0,7,7,0,350,3,2,0,538,1333,2579,0,10830,24528,0,8085,1333,31,178,7007,0] p=[2,0,2,0,0,1,3328,1,0,2,0,0,3,7007,1,3,0] sig=B05D2:93AB84049029C2F9 end=1
CE	0	02:30:10.830	Core 01	2026.07.23 03:00:00   [AdaptiveSurvivalEA][BRAIN_UPDATE] schema=B05T1 h=1784772000 d=[3,4622,1,3357,1148,10000,24111,2596,4622] m=[0,8830,5502,5502,7100,1,0,17422,9333,9333,5693,5149,9052,9052,8830,415442,375297,40146] v=[0,4280,3,494,1,1,6,8,8560,7,7,0,16,7,7,0,890,3,2,0,2193,2596,1644,5797,24111,15111,5956,667,2596,0,2970,494,0] p=[3,0,2,0,0,0,8830,1,0,2,0,0,3,494,1,2,1] sig=B05D2:DA1D0D2722ECA5E8 end=1
RK	0	02:30:10.830	Core 01	2026.07.23 04:00:00   [AdaptiveSurvivalEA][BRAIN_UPDATE] schema=B05T1 h=1784775600 d=[3,5459,1,5314,2028,10000,33109,3356,5459] m=[0,4774,-4057,-4057,7578,1,0,2185,1711,7632,6857,5952,9204,9204,4774,454916,415442,39474] v=[0,3981,3,5507,1,1,6,7,7961,7,7,15,0,7,7,318,0,3,3,0,1485,3356,1885,7808,33109,15591,10000,8289,3356,111,3859,5507,0] p=[3,1,2,0,0,1,4774,1,0,2,0,0,3,5507,1,3,0] sig=B05D2:68783F928AE7FBC7 end=1
RN	0	02:30:10.830	Core 01	2026.07.23 05:00:00   [AdaptiveSurvivalEA][BRAIN_UPDATE] schema=B05T1 h=1784779200 d=[3,5716,1,5866,2383,10000,39501,3669,5716] m=[0,6242,1468,1468,7740,1,0,6292,4800,5733,7341,6256,9224,9224,6242,496671,454916,41755] v=[0,3846,3,3292,1,1,6,7,7693,7,7,45,0,7,7,477,0,3,2,0,2333,3669,1400,10000,39501,11270,10000,5200,3669,174,4467,3292,0] p=[3,2,2,0,0,0,6242,1,0,2,0,0,3,3292,1,2,1] sig=B05D2:B9DBB19310EDD786 end=1
MJ	0	02:30:10.830	Core 01	2026.07.23 06:00:00   [AdaptiveSurvivalEA][BRAIN_UPDATE] schema=B05T1 h=1784782800 d=[3,5710,1,5471,2357,10000,43980,4247,5710] m=[0,5211,-1031,-1031,5295,1,0,4205,3810,8095,4486,4207,6382,6382,5211,532859,496671,36188] v=[0,3855,3,3561,1,1,6,7,7710,7,7,82,0,7,7,445,0,3,2,0,1926,4247,1332,10000,43980,10021,10000,6190,4247,176,4385,3561,0] p=[3,2,2,0,0,1,5211,1,0,2,0,0,3,3561,1,3,0] sig=B05D2:5AE1C0B945EFFA75 end=1
OP	0	02:30:10.830	Core 01	2026.07.23 07:00:00   [AdaptiveSurvivalEA][BRAIN_UPDATE] schema=B05T1 h=1784786400 d=[3,5002,1,3676,1737,10000,37287,3450,5002] m=[2,5741,529,529,3475,1,0,7423,4674,8370,3245,3136,3814,3814,5741,523534,532859,-9325] v=[0,3924,3,3488,1,1,6,7,7848,7,7,55,0,7,6,0,457,3,2,0,3860,3450,501,10000,37287,3470,10000,5326,3450,18,4863,3488,0] p=[3,2,2,0,2,0,5741,1,0,2,0,0,3,3488,1,2,1] sig=B05D2:6FCA491B448F4F04 end=1
QQ	0	02:30:10.830	Core 01	2026.07.23 08:00:00   [AdaptiveSurvivalEA][BRAIN_UPDATE] schema=B05T1 h=1784790000 d=[2,4436,1,2349,1256,10000,29430,2935,4436] m=[4,2023,-3718,-3718,-1554,1,0,1663,1282,4103,-931,928,2180,-2180,2023,484730,523534,-38804] v=[0,4080,3,6159,1,1,6,7,8160,7,7,0,15,7,6,0,1014,3,2,0,2963,2935,105,10000,29430,757,10000,8718,2935,0,4798,6159,0] p=[2,0,2,0,4,0,2023,1,0,2,0,0,3,6159,1,3,0] sig=B05D2:437FD544C1F6041A end=1
GJ	0	02:30:10.830	Core 01	2026.07.23 09:00:00   [AdaptiveSurvivalEA][BRAIN_UPDATE] schema=B05T1 h=1784793600 d=[2,-899,1,-172,210,-10000,3803,369,-899] m=[0,7810,5787,5787,-5943,1,0,19718,7692,8022,-5099,4698,7188,-7188,7810,422763,484730,-61967] v=[0,4813,3,2222,1,1,7,7,9626,7,7,0,75,7,7,0,1151,4,2,0,5748,369,63,10000,3803,419,10000,2308,369,0,5395,2222,1] p=[2,0,2,0,0,0,7810,1,0,2,0,0,3,2222,1,2,1] sig=B05D2:7891841A772435DD end=1
HJ	0	02:30:10.830	Core 01	2026.07.23 10:00:00   [AdaptiveSurvivalEA][BRAIN_UPDATE] schema=B05T1 h=1784797200 d=[2,-2204,1,-1637,-416,-10000,-684,-72,-2204] m=[0,4982,-2828,-2828,-6410,1,0,3148,4035,6316,-5310,4861,7959,-7959,4982,369059,422763,-53704] v=[0,4945,3,5922,1,1,7,7,9891,7,7,0,36,7,7,269,0,3,3,0,3757,72,1324,0,684,8766,0,5965,72,90,759,5922,0] p=[2,0,2,0,0,1,4982,1,0,2,0,0,3,5922,1,3,0] sig=B05D2:7FD8B34CE84C51CB end=1
JS	0	02:30:10.830	Core 01	2026.07.23 11:00:00   [AdaptiveSurvivalEA][BRAIN_UPDATE] schema=B05T1 h=1784800800 d=[2,-3163,1,-2085,-664,-10000,-5833,-622,-3163] m=[0,8305,3323,3323,-7002,1,0,10525,8058,8447,-6417,5660,8344,-8344,8305,347728,369059,-21330] v=[0,5324,3,1821,1,1,8,7,10649,7,7,0,1,7,7,459,0,4,3,0,4438,622,1195,0,5833,7670,0,1942,622,153,888,1821,0] p=[2,0,2,0,0,0,8305,1,0,2,0,0,3,1821,1,3,0] sig=B05D2:363FA62720F0C482 end=1
LN	0	02:30:10.830	Core 01	2026.07.23 12:00:00   [AdaptiveSurvivalEA][BRAIN_UPDATE] schema=B05T1 h=1784804400 d=[1,-4693,1,-3610,-1365,-10000,-21155,-2390,-4693] m=[1,6828,-1477,-1477,-7288,1,0,11187,4391,5217,-6889,5973,8603,-8603,6828,353910,347728,6182] v=[0,6073,3,4268,1,1,9,7,12145,7,7,0,52,8,7,0,491,4,3,0,4813,2390,2158,1076,21155,14789,4305,5609,2390,0,2147,4268,0] p=[1,0,2,0,1,0,6828,1,0,2,0,0,3,4268,1,3,0] sig=B05D2:9FF12AC8FD732D3B end=1
OI	0	02:30:10.830	Core 01	2026.07.23 13:00:00   [AdaptiveSurvivalEA][BRAIN_UPDATE] schema=B05T1 h=1784808000 d=[1,-5193,1,-4710,-1910,-10000,-23821,-2864,-5193] m=[1,6816,-12,-12,-7677,1,0,9177,4563,5388,-7713,6477,8876,-8876,6816,368116,353910,14206] v=[0,6857,3,3880,1,1,10,7,13714,7,7,0,208,8,7,0,1343,4,3,0,6465,2864,2636,866,23821,17516,3600,5437,2864,0,2496,3880,4] p=[1,1,2,0,1,0,6816,1,0,2,0,0,3,3880,1,3,0] sig=B05D2:2B243B048160E214 end=1
GS	0	02:30:10.830	Core 01	2026.07.23 14:00:00   [AdaptiveSurvivalEA][BRAIN_UPDATE] schema=B05T1 h=1784811600 d=[1,-5718,1,-5703,-2421,-10000,-33190,-3876,-5718] m=[0,7883,1068,1068,-7354,1,0,11122,6774,7419,-6726,5867,8840,-8840,7883,389067,368116,20951] v=[1,7536,3,1975,1,1,11,8,15073,7,7,0,422,9,7,0,2299,5,2,0,9733,3876,1959,9785,33190,11821,10000,3226,3876,0,6448,1975,18] p=[1,2,2,0,0,0,7883,1,1,0,1,0,3,1975,1,2,1] sig=B05D2:544A2831100E2A5F end=1
GP	0	02:30:10.830	Core 01	2026.07.23 15:00:00   [AdaptiveSurvivalEA][BRAIN_UPDATE] schema=B05T1 h=1784815200 d=[1,-5893,1,-6083,-2700,-10000,-33655,-4062,-5893] m=[0,3630,-4254,-4254,-8050,1,0,940,887,3790,-7090,6100,10000,-10000,3630,413044,389067,23977] v=[1,7742,3,5411,1,1,12,8,15485,7,7,0,638,9,7,0,2870,5,2,0,9856,4062,2402,6907,33655,14508,10000,9113,4062,0,6054,5411,41] p=[1,2,2,0,0,1,3630,1,1,1,1,0,3,5411,1,3,0] sig=B05D2:60691EE2B2FD0194 end=1
LI	0	02:30:10.830	Core 01	2026.07.23 16:00:00   [AdaptiveSurvivalEA][BRAIN_UPDATE] schema=B05T1 h=1784818800 d=[1,-5649,1,-5300,-2499,-10000,-31690,-3904,-5649] m=[2,4174,544,544,-7028,1,0,1241,1500,6900,-5246,4812,9244,-9244,4174,433825,413044,20780] v=[1,7948,3,5181,1,1,12,8,15896,8,7,0,872,10,7,0,3496,5,2,0,10000,3904,1939,10000,31690,11185,10000,8500,3904,0,6873,5181,76] p=[1,2,2,0,2,0,4174,1,1,2,1,0,3,5181,1,2,1] sig=B05D2:50B4F0A34FFA8A00 end=1
PR	0	02:30:10.830	Core 01	2026.07.23 17:00:00   [AdaptiveSurvivalEA][BRAIN_UPDATE] schema=B05T1 h=1784822400 d=[1,-5192,1,-4254,-2190,-10000,-27286,-3078,-5192] m=[0,6860,2686,2686,-3548,1,0,6035,9467,9600,-2465,2416,4679,-4679,6860,413596,433825,-20229] v=[1,7702,2,6565,1,1,12,8,15404,8,7,0,1114,10,7,0,4219,5,2,0,10000,3078,1759,7492,27286,10346,10000,533,3078,0,6565,369,124] p=[1,2,2,0,0,0,6860,1,1,2,1,0,2,6565,1,2,0] sig=B05D2:3614FEAA4011DF07 end=1
NO	0	02:30:10.830	Core 01	2026.07.23 18:00:00   [AdaptiveSurvivalEA][BRAIN_UPDATE] schema=B05T1 h=1784826000 d=[1,-5143,1,-3917,-2127,-10000,-30924,-3376,-5143] m=[1,6962,102,102,-3358,1,0,7059,8842,9895,-2269,2231,4485,-4485,6962,400755,413596,-12840] v=[1,7761,2,7200,1,1,12,8,15522,8,7,0,1460,10,7,0,4539,5,2,0,10000,3376,1116,10000,30924,7510,10000,1158,3376,0,7200,767,213] p=[1,2,2,0,1,0,6962,1,1,2,1,0,2,7200,1,2,0] sig=B05D2:F6AE8D3C91441D66 end=1
OF	0	02:30:10.830	Core 01	2026.07.23 19:00:00   [AdaptiveSurvivalEA][BRAIN_UPDATE] schema=B05T1 h=1784829600 d=[1,-5067,1,-3902,-2199,-10000,-27352,-2828,-5067] m=[1,5414,-1548,-1548,1126,1,0,3920,8846,9423,631,630,1622,1622,5414,391051,400755,-9704] v=[1,7631,2,7417,1,1,12,8,15261,8,7,0,1860,10,7,0,5225,6,2,0,10000,2828,557,10000,27352,3727,10000,1154,2828,0,7417,828,346] p=[1,2,2,0,1,1,5414,1,1,2,1,0,2,7417,1,2,0] sig=B05D2:7E6EF029E46CE103 end=1
CS	0	02:30:10.830	Core 01	2026.07.23 20:00:00   [AdaptiveSurvivalEA][BRAIN_UPDATE] schema=B05T1 h=1784833200 d=[1,-4816,1,-3070,-1923,-10000,-28989,-3047,-4816] m=[4,2204,-3210,-3210,1734,1,0,767,1452,5645,972,969,2500,2500,2204,345550,391051,-45501] v=[1,7601,2,7547,1,1,12,8,15201,9,7,0,2271,10,7,0,5465,6,2,0,10000,3047,842,10000,28989,6198,10000,8548,3047,0,7547,5944,516] p=[1,2,2,0,4,0,2204,1,1,2,1,0,2,7547,1,2,0] sig=B05D2:A5BFE33A3452F26A end=1
RJ	0	02:30:10.830	Core 01	2026.07.23 21:00:00   [AdaptiveSurvivalEA][BRAIN_UPDATE] schema=B05T1 h=1784836800 d=[1,-4858,1,-2813,-1889,-10000,-35641,-3805,-4858] m=[3,2781,577,577,1253,1,0,531,1818,9091,637,636,1869,1869,2781,306116,345550,-39434] v=[1,7309,2,7478,1,1,11,8,14618,9,7,0,2569,10,7,0,4823,5,3,0,10000,3805,1703,10000,35641,13825,10000,8182,3805,0,7478,5068,660] p=[1,2,2,0,3,0,2781,1,1,2,1,0,2,7478,1,2,0] sig=B05D2:50873EB384D155D0 end=1
EP	0	02:30:10.830	Core 01	2026.07.23 22:00:00   [AdaptiveSurvivalEA][BRAIN_UPDATE] schema=B05T1 h=1784840400 d=[1,-4820,1,-2686,-1892,-10000,-36246,-3788,-4820] m=[4,2070,-711,-711,-1580,1,0,634,1750,5000,-761,760,2400,-2400,2070,299968,306116,-6148] v=[1,7118,2,7510,1,1,11,8,14237,9,7,0,2818,10,7,0,4730,5,3,0,10000,3788,1333,10000,36246,10830,10000,8250,3788,0,7510,5125,794] p=[1,2,2,0,4,0,2070,1,1,2,1,0,2,7510,1,2,0] sig=B05D2:642BEC90B1976057 end=1
JO	0	02:30:10.830	Core 01	2026.07.23 23:00:00   [AdaptiveSurvivalEA][BRAIN_UPDATE] schema=B05T1 h=1784844000 d=[1,-4919,1,-2429,-1900,-10000,-47798,-4903,-4919] m=[0,6264,4194,4194,4844,1,0,3493,8750,8750,1537,1525,8163,8163,6264,267973,299968,-31994] v=[0,6459,2,6350,1,1,10,8,12917,9,7,0,2985,10,7,0,3636,5,3,0,6420,4903,2596,8884,47798,24111,9824,1250,4903,0,6350,637,891] p=[1,2,2,0,0,0,6264,1,0,0,0,0,2,6350,1,2,0] sig=B05D2:9EB6C3CFAF224FC3 end=1
DH	0	02:30:10.830	Core 01	2026.07.24 00:00:00   [AdaptiveSurvivalEA][BRAIN_UPDATE] schema=B05T1 h=1784847600 d=[1,-4908,1,-2223,-1846,-10000,-53194,-5307,-4908] m=[0,4505,-1759,-1759,109,1,0,3230,7805,8537,-20,20,238,238,4505,244076,267973,-23897] v=[0,6380,2,5295,1,1,10,8,12760,9,7,0,3294,10,7,0,4127,5,3,0,7172,5307,3356,5814,53194,33109,6066,2195,5307,0,5295,1030,1085] p=[1,2,2,0,0,1,4505,1,0,1,0,0,2,5295,1,2,0] sig=B05D2:BA89435AFCFD86A2 end=1
CJ	0	02:30:10.830	Core 01	2026.07.24 01:00:00   [AdaptiveSurvivalEA][BRAIN_UPDATE] schema=B05T1 h=1784851200 d=[1,-4586,1,-1607,-1618,-10000,-49730,-4714,-4586] m=[0,7000,2495,2495,2918,1,0,7761,8736,10000,1348,1340,4497,4497,7000,226572,244076,-17504] v=[0,6299,2,4087,1,1,10,8,12597,10,7,0,3635,10,7,0,4319,5,3,0,7039,4714,3669,2850,49730,39501,2590,1264,4714,0,4087,668,1321] p=[1,2,2,0,0,0,7000,1,0,2,0,0,2,4087,1,2,0] sig=B05D2:C37087EEFAFF9712 end=1
RP	0	02:30:10.830	Core 01	2026.07.24 02:00:00   [AdaptiveSurvivalEA][BRAIN_UPDATE] schema=B05T1 h=1784854800 d=[2,-4274,1,-798,-1425,-10000,-53657,-4544,-4274] m=[0,1911,-5088,-5088,3279,1,0,117,185,4259,1710,1694,4865,4865,1911,237059,226572,10488] v=[0,5494,2,3760,1,1,9,8,10988,10,7,0,3931,10,7,0,4564,5,3,0,7405,4544,4247,698,53657,43980,2200,9815,4544,0,3760,5355,1545] p=[2,0,2,0,0,1,1911,1,0,2,0,0,2,3760,1,3,1] sig=B05D2:BF6902C4A0F55493 end=1
FP	0	02:30:10.830	Core 01	2026.07.24 03:00:00   [AdaptiveSurvivalEA][BRAIN_UPDATE] schema=B05T1 h=1784858400 d=[2,-4449,1,-1194,-1704,-10000,-58808,-4467,-4449] m=[2,4764,2852,2852,1954,1,0,4238,4706,9706,1272,1265,2644,2644,4764,235336,237059,-1723] v=[0,4867,2,4667,1,1,8,8,9734,10,7,0,4139,10,7,0,4160,5,3,0,6319,4467,3450,2945,58808,37287,5772,5294,4467,0,4667,2929,1713] p=[2,0,2,0,2,0,4764,1,0,2,0,0,2,4667,1,2,0] sig=B05D2:74EC0F123628CA0C end=1
EM	0	02:30:10.830	Core 01	2026.07.24 04:00:00   [AdaptiveSurvivalEA][BRAIN_UPDATE] schema=B05T1 h=1784862000 d=[1,-4580,1,-1518,-1997,-10000,-64440,-4234,-4580] m=[4,3385,-1378,-1378,1266,1,0,1980,2708,9167,792,791,1742,1742,3385,208545,235336,-26791] v=[0,4243,2,5840,1,1,7,8,8486,10,7,0,4239,9,7,0,3645,5,3,0,6891,4234,2935,4425,64440,29430,10000,7292,4234,0,5840,4204,1797] p=[1,0,2,0,4,0,3385,1,0,2,0,0,2,5840,1,2,0] sig=B05D2:6C9E4847A9B6A0B1 end=1
DG	0	02:30:10.830	Core 01	2026.07.24 05:00:00   [AdaptiveSurvivalEA][BRAIN_UPDATE] schema=B05T1 h=1784865600 d=[1,-4573,1,-1731,-2145,-10000,-50806,-3535,-4573] m=[2,4030,644,644,1343,1,0,5000,4247,6575,871,869,1818,1818,4030,185395,208545,-23150] v=[0,4017,2,5729,1,1,6,8,8034,10,7,0,4180,9,7,0,2126,4,4,0,2342,3535,369,10000,50806,3803,10000,5753,3535,0,5729,3719,1747] p=[1,1,2,0,2,0,4030,1,0,2,0,0,2,5729,1,2,0] sig=B05D2:A146BB3D44B94BC9 end=1
ES	0	02:30:10.830	Core 01	2026.07.24 06:00:00   [AdaptiveSurvivalEA][BRAIN_UPDATE] schema=B05T1 h=1784869200 d=[1,-4867,1,-2290,-2410,-10000,-58640,-4002,-4867] m=[3,3715,-315,-315,-4304,1,0,1838,1571,7857,-2005,1978,6629,-6629,3715,164480,185395,-20914] v=[0,3887,2,5979,1,1,6,8,7773,10,7,0,4142,9,7,0,2977,4,3,0,2775,4002,72,10000,58640,684,10000,8429,4002,0,5979,5055,1716] p=[1,2,2,0,3,0,3715,1,0,2,0,0,2,5979,1,2,0] sig=B05D2:C609939D76F649B5 end=1
KO	0	02:30:10.830	Core 01	2026.07.24 07:00:00   [AdaptiveSurvivalEA][BRAIN_UPDATE] schema=B05T1 h=1784872800 d=[2,-2497,1,-857,-1777,0,-29465,-2059,-2497] m=[0,6952,3237,3237,1129,1,0,14000,8866,9485,814,812,1445,1445,6952,166558,164480,2078] v=[0,3996,2,5828,1,1,6,8,7991,10,7,0,4050,9,7,0,2972,4,4,0,2117,2059,622,10000,29465,5833,10000,1134,2059,0,5828,901,1640] p=[2,0,2,0,0,0,6952,1,0,2,0,0,2,5828,1,2,0] sig=B05D2:1BF972B4416A4D6F end=1
QG	0	02:30:10.830	Core 01	2026.07.24 08:00:00   [AdaptiveSurvivalEA][BRAIN_UPDATE] schema=B05T1 h=1784876400 d=[2,-918,1,1008,-893,0,-7054,-568,-918] m=[0,3370,-3582,-3582,3904,1,0,4754,2095,2432,2699,2635,5172,5172,3370,202737,166558,36179] v=[0,4243,2,1031,1,1,7,8,8487,10,7,0,3778,8,8,0,1047,4,4,0,329,568,2390,0,7054,21155,0,7905,568,0,1031,7456,1427] p=[2,0,2,0,0,1,3370,1,0,2,0,0,2,1031,1,3,1] sig=B05D2:F6D2B974ADF7C6F1 end=1
HQ	0	02:30:10.830	Core 01	2026.07.24 09:00:00   [AdaptiveSurvivalEA][BRAIN_UPDATE] schema=B05T1 h=1784880000 d=[2,-2000,1,426,-1007,-10000,-2353,-205,-2000] m=[0,6001,2632,2632,383,1,0,9853,7363,7912,235,235,531,531,6001,201830,202737,-907] v=[0,4422,3,2583,1,1,7,8,8843,9,7,0,3322,8,8,481,0,4,4,629,0,205,2864,0,2353,23821,0,2637,205,370,664,2583,1103] p=[2,0,2,0,0,0,6001,1,0,2,0,0,3,2583,1,3,0] sig=B05D2:85DD1892F6760E40 end=1
HJ	0	02:30:10.830	Core 01	2026.07.24 10:00:00   [AdaptiveSurvivalEA][BRAIN_UPDATE] schema=B05T1 h=1784883600 d=[2,1657,1,273,-1011,0,24335,2331,1657] m=[0,7288,1287,1287,3355,1,0,8356,8769,10000,2815,2743,3968,3968,7288,201044,201830,-786] v=[0,4431,3,944,1,1,7,8,8862,9,7,0,2715,7,9,1886,0,4,5,2497,0,2331,3876,0,24335,33190,0,1231,2331,1461,543,944,737] p=[2,0,2,0,0,0,7288,1,0,2,0,0,3,944,1,0,1] sig=B05D2:EE1EEB5DAE4570D0 end=1
LK	0	02:30:10.830	Core 01	2026.07.24 11:00:00   [AdaptiveSurvivalEA][BRAIN_UPDATE] schema=B05T1 h=1784887200 d=[2,-74,1,188,-906,-10000,15451,1507,-74] m=[0,5392,-1896,-1896,1462,1,0,8196,5083,8167,1236,1230,1694,1694,5392,213073,201044,12029] v=[0,4827,3,4176,1,1,7,8,9654,9,7,0,2116,7,9,2309,0,4,5,1994,0,1507,4062,0,15451,33655,0,4917,1507,1434,423,4176,448] p=[2,0,2,0,0,1,5392,1,0,2,0,0,3,4176,1,3,0] sig=B05D2:38161C6C759AC503 end=1
JP	0	02:30:10.830	Core 01	2026.07.24 12:00:00   [AdaptiveSurvivalEA][BRAIN_UPDATE] schema=B05T1 h=1784890800 d=[2,-1975,1,-1497,-1452,-10000,2029,204,-1975] m=[0,6350,958,958,-3438,1,0,10026,4912,7953,-2960,2876,4000,-4000,6350,189332,213073,-23740] v=[0,5423,3,4984,1,1,8,8,10846,9,8,0,1545,8,10,2230,0,4,5,1385,0,204,3904,0,2029,31690,0,5088,204,1205,309,4984,239] p=[2,0,2,0,0,0,6350,1,0,2,0,0,3,4984,1,3,0] sig=B05D2:86200C0647BBEFB end=1
RE	0	02:30:10.830	Core 01	2026.07.24 13:00:00   [AdaptiveSurvivalEA][BRAIN_UPDATE] schema=B05T1 h=1784894400 d=[2,-4136,1,-2675,-1892,-10000,-11047,-1210,-4136] m=[0,5301,-1049,-1049,-5268,1,0,4847,3945,7615,-4464,4189,6346,-6346,5301,175506,189332,-13826] v=[0,5729,3,5322,1,1,9,8,11459,9,8,0,1056,8,10,2265,0,4,5,2177,0,1210,3078,0,11047,27286,0,6055,1210,1481,211,5322,112] p=[2,0,2,0,0,1,5301,1,0,2,0,0,3,5322,1,3,0] sig=B05D2:DFDCEB4C3893FA98 end=1
KP	0	02:30:10.830	Core 01	2026.07.24 14:00:00   [AdaptiveSurvivalEA][BRAIN_UPDATE] schema=B05T1 h=1784898000 d=[2,-1679,1,-2074,-1626,-10000,5405,645,-1679] m=[2,5595,294,294,-1785,1,0,6889,5417,9917,-1399,1390,2179,-2179,5595,174103,175506,-1403] v=[0,6079,3,4288,1,1,9,8,12157,9,8,0,572,8,10,2249,0,4,5,2731,0,645,3376,0,5405,30924,0,4583,645,1660,114,4288,33] p=[2,0,2,0,2,0,5595,1,0,2,0,0,3,4288,1,3,0] sig=B05D2:8EAEE90D6A5AF496 end=1
KG	0	02:30:10.830	Core 01	2026.07.24 15:00:00   [AdaptiveSurvivalEA][BRAIN_UPDATE] schema=B05T1 h=1784901600 d=[2,-1769,1,-1057,-1216,-10000,2096,263,-1769] m=[4,3176,-2419,-2419,-3150,1,0,1572,1471,7353,-2263,2226,4074,-4074,3176,151744,174103,-22360] v=[0,6132,3,8305,1,1,10,8,12265,8,8,0,121,8,10,2067,0,4,6,3251,0,263,2828,0,2096,27352,0,8529,263,1772,24,8305,1] p=[2,0,2,0,4,0,3176,1,0,2,0,0,3,8305,1,3,0] sig=B05D2:46E04263ABE922A7 end=1
HR	0	02:30:10.830	Core 01	2026.07.24 16:00:00   [AdaptiveSurvivalEA][BRAIN_UPDATE] schema=B05T1 h=1784905200 d=[2,829,1,-148,-789,0,7291,909,829] m=[3,3862,686,686,420,1,0,6108,4460,5468,296,295,545,545,3862,163472,151744,11729] v=[0,6502,3,5036,1,1,10,8,13004,8,9,290,0,9,10,1805,0,4,6,2644,0,909,3047,0,7291,28989,0,5540,909,1580,0,5036,0] p=[2,0,2,0,3,0,3862,1,0,2,0,0,3,5036,1,3,0] sig=B05D2:F0E4DE6BDCD32D0B end=1
DJ	0	02:30:10.830	Core 01	2026.07.24 17:00:00   [AdaptiveSurvivalEA][BRAIN_UPDATE] schema=B05T1 h=1784908800 d=[2,-1552,1,-142,-753,-10000,1071,125,-1552] m=[2,5843,1981,1981,985,1,0,6426,7765,10000,643,642,1328,1328,5843,173637,163472,10165] v=[0,6562,3,2207,1,1,10,8,13124,8,9,624,0,9,10,1401,0,4,5,1714,0,125,3805,0,1071,35641,0,2235,125,1246,0,2207,0] p=[2,0,2,0,2,0,5843,1,0,2,0,0,3,2207,1,3,0] sig=B05D2:589C4D70F421529 end=1
PR	0	02:30:10.830	Core 01	2026.07.24 18:00:00   [AdaptiveSurvivalEA][BRAIN_UPDATE] schema=B05T1 h=1784912400 d=[2,-3172,1,-1454,-1245,-10000,-6189,-692,-3172] m=[2,5511,-332,-332,-115,1,0,7595,7864,8058,-94,94,136,-136,5511,168246,173637,-5390] v=[0,6795,3,1988,1,1,11,8,13589,8,9,890,0,9,10,1064,0,5,5,996,0,692,3788,0,6189,36246,0,2136,692,983,0,1988,0] p=[2,0,2,0,2,0,5511,1,0,2,0,0,3,1988,1,3,0] sig=B05D2:D4D61929F0A4694C end=1
HQ	0	02:30:10.830	Core 01	2026.07.24 19:00:00   [AdaptiveSurvivalEA][BRAIN_UPDATE] schema=B05T1 h=1784916000 d=[2,-3715,1,-2065,-1519,-10000,-9008,-1015,-3715] m=[4,2313,-3198,-3198,-2024,1,0,383,976,6829,-1265,1258,2790,-2790,2313,167360,168246,-886] v=[0,6638,3,8108,1,1,10,8,13277,8,9,1044,0,9,10,696,0,5,5,604,0,1015,4903,0,9008,47798,0,9024,1015,781,0,8108,0] p=[2,0,2,0,4,0,2313,1,0,2,0,0,3,8108,1,3,0] sig=B05D2:7145DA68BA891572 end=1
IJ	0	02:30:10.830	Core 01	2026.07.24 20:00:00   [AdaptiveSurvivalEA][BRAIN_UPDATE] schema=B05T1 h=1784919600 d=[2,-3352,1,-1879,-1478,-10000,-6159,-704,-3352] m=[3,1952,-361,-361,-2644,1,0,98,244,5366,-1603,1590,3699,-3699,1952,155708,167360,-11652] v=[0,6499,3,9069,1,1,10,8,12998,8,9,1214,0,9,10,527,0,4,5,1094,0,704,5307,0,6159,53194,0,9756,704,945,0,9069,0] p=[2,0,2,0,3,0,1952,1,0,2,0,0,3,9069,1,3,0] sig=B05D2:FEC602CBE4E14CEF end=1
EI	0	02:30:10.830	Core 01	2026.07.26 21:05:00   [AdaptiveSurvivalEA][BRAIN_UPDATE] schema=B05T1 h=1784923200 d=[2,-3844,1,-1637,-1420,-10000,-12672,-1501,-3844] m=[2,4256,2304,2304,-5226,1,0,1318,2826,8261,-2656,2595,7857,-7857,4256,150911,155708,-4797] v=[0,6264,3,6097,1,1,10,8,12528,8,10,1395,0,9,10,797,0,4,5,2046,0,1501,4714,0,12672,49730,0,7174,1501,1413,0,6097,0] p=[2,0,2,0,2,0,4256,1,0,2,0,0,3,6097,1,3,0] sig=B05D2:B307267D4356E89E end=1
JD	0	02:30:10.830	Core 01	2026.07.26 22:00:00   [AdaptiveSurvivalEA][BRAIN_UPDATE] schema=B05T1 h=1785099600 d=[2,2084,1,279,-598,10000,4118,430,2084] m=[4,1882,-2374,-2374,1359,1,0,670,714,3980,-1111,1106,3824,3824,1882,160641,150911,9730] v=[0,6624,3,8887,1,1,10,8,13248,8,10,1422,0,9,10,527,0,4,5,1807,0,430,4544,0,4118,53657,0,9286,430,1252,0,8887,0] p=[2,0,2,0,4,0,1882,1,0,2,0,0,3,8887,1,3,0] sig=B05D2:19C64EF533DE7028 end=1
QQ	0	02:30:10.830	Core 01	2026.07.26 23:00:00   [AdaptiveSurvivalEA][BRAIN_UPDATE] schema=B05T1 h=1785103200 d=[2,3242,1,1889,111,10000,8285,896,3242] m=[3,3495,1613,1613,5129,1,0,377,345,8879,358,358,9901,9901,3495,184880,160641,24239] v=[0,6729,3,8790,1,1,11,8,13458,9,10,1343,0,9,10,157,0,4,5,1996,0,896,4467,0,8285,58808,0,9655,896,1165,0,8790,0] p=[2,0,2,0,3,0,3495,1,0,2,0,0,3,8790,1,3,0] sig=B05D2:24BA500EC348462A end=1
RN	0	02:30:10.830	Core 01	2026.07.27 00:00:00   [AdaptiveSurvivalEA][BRAIN_UPDATE] schema=B05T1 h=1785106800 d=[2,3657,1,2250,331,10000,11549,1209,3657] m=[0,6486,2991,2991,5576,1,0,4789,7391,8841,1239,1233,9919,9919,6486,205888,184880,21007] v=[0,6739,3,2293,1,1,11,8,13478,9,10,1161,0,10,9,0,112,4,5,1642,0,1209,4234,0,11549,64440,0,2609,1209,934,22,2293,0] p=[2,0,2,0,0,0,6486,1,0,2,0,0,3,2293,1,3,0] sig=B05D2:DAE151C84C732BB9 end=1
QR	0	02:30:10.830	Core 01	2026.07.27 01:00:00   [AdaptiveSurvivalEA][BRAIN_UPDATE] schema=B05T1 h=1785110400 d=[2,4314,1,2970,724,10000,20244,2129,4314] m=[0,5068,-1418,-1418,6191,1,0,6118,3736,3736,2429,2383,10000,10000,5068,248963,205888,43076] v=[1,7018,3,4930,1,1,11,8,14037,9,10,872,0,10,9,0,1347,4,4,212,0,2129,3535,0,20244,50806,0,6264,2129,362,269,4930,0] p=[2,0,2,0,0,1,5068,1,1,0,1,0,3,4930,1,3,0] sig=B05D2:A2908A73C51D6082 end=1
IP	0	02:30:10.830	Core 01	2026.07.27 02:00:00   [AdaptiveSurvivalEA][BRAIN_UPDATE] schema=B05T1 h=1785114000 d=[3,5072,1,4482,1423,10000,33311,3077,5072] m=[0,8999,3930,3930,7131,1,0,11474,9687,9687,4553,4262,10000,10000,8999,288561,248963,39597] v=[0,6807,3,216,1,1,11,8,13613,9,10,565,0,10,9,0,1589,5,4,0,1199,3077,4002,0,33311,58640,0,313,3077,188,558,216,0] p=[3,0,2,0,0,0,8999,1,0,0,0,0,3,216,1,0,1] sig=B05D2:EB1AA0AFD432CCCF end=1
FQ	0	02:30:10.830	Core 01	2026.07.27 03:00:00   [AdaptiveSurvivalEA][BRAIN_UPDATE] schema=B05T1 h=1785117600 d=[3,4806,1,4479,1538,10000,17922,1637,4806] m=[1,7596,-1403,-1403,3958,1,0,7976,9659,10000,2890,2812,5103,5103,7596,323139,288561,34578] v=[0,6693,0,1637,1,1,11,8,13386,9,10,249,0,10,9,0,1578,5,4,0,1150,1637,2059,0,17922,29465,0,341,1637,83,546,285,0] p=[3,1,2,0,1,0,7596,1,0,1,0,0,0,1637,1,0,0] sig=B05D2:A54B88B5980FE71C end=1
HO	0	02:30:10.830	Core 01	2026.07.27 04:00:00   [AdaptiveSurvivalEA][BRAIN_UPDATE] schema=B05T1 h=1785121200 d=[2,4205,1,3247,1137,10000,13305,1176,4205] m=[1,3679,-3917,-3917,3292,1,0,2055,3559,6441,2681,2618,3966,3966,3679,303242,323139,-19897] v=[0,6400,0,1176,1,1,10,8,12800,10,10,0,71,10,8,0,1613,5,4,0,1983,1176,568,10000,13305,7054,8863,6441,1176,0,4506,5683,1] p=[2,0,2,0,1,1,3679,1,0,2,0,0,0,1176,1,3,1] sig=B05D2:26A58A7DEE85D732 end=1
QK	0	02:30:10.830	Core 01	2026.07.27 05:00:00   [AdaptiveSurvivalEA][BRAIN_UPDATE] schema=B05T1 h=1785124800 d=[2,4337,1,2881,1064,10000,20764,1850,4337] m=[4,1686,-1994,-1994,2387,1,0,0,0,4848,1768,1750,3023,3023,1686,285999,303242,-17244] v=[0,6076,3,8150,1,1,10,8,12152,10,9,0,410,10,8,0,2090,5,4,0,1544,1850,205,10000,20764,2353,10000,10000,1850,0,4809,8150,17] p=[2,0,2,0,4,0,1686,1,0,2,0,0,3,8150,1,3,0] sig=B05D2:64D22BA8E331D01C end=1
FQ	0	02:30:10.830	Core 01	2026.07.27 06:00:00   [AdaptiveSurvivalEA][BRAIN_UPDATE] schema=B05T1 h=1785128400 d=[2,4361,1,3061,1205,10000,18696,1604,4361] m=[3,3703,2017,2017,1343,1,0,2639,4800,7200,924,921,1765,1765,3703,288965,285999,2967] v=[0,5665,3,4366,1,1,9,8,11330,10,9,0,788,9,7,0,2987,4,4,0,2191,1604,2331,0,18696,24335,0,5200,1604,0,1193,4366,62] p=[2,0,2,0,3,0,3703,1,0,2,0,0,3,4366,1,3,0] sig=B05D2:CD454F6F5E3CC1E4 end=1
GL	0	02:30:10.830	Core 01	2026.07.27 07:00:00   [AdaptiveSurvivalEA][BRAIN_UPDATE] schema=B05T1 h=1785132000 d=[3,4586,1,3130,1306,10000,26530,2444,4586] m=[4,2064,-1639,-1639,-2667,1,0,2024,1508,1905,-1342,1334,4000,-4000,2064,316058,288965,27092] v=[0,5827,3,6417,1,1,9,8,11654,10,9,0,1152,10,7,0,3064,4,4,0,856,2444,1507,6213,26530,15451,7170,8492,2444,0,3691,6417,133] p=[3,0,2,0,4,0,2064,1,0,2,0,0,3,6417,1,3,0] sig=B05D2:96F4DEDF30ADA663 end=1
RL	0	02:30:10.830	Core 01	2026.07.27 08:00:00   [AdaptiveSurvivalEA][BRAIN_UPDATE] schema=B05T1 h=1785135600 d=[2,4027,1,1811,832,10000,22745,2088,4027] m=[0,7593,5528,5528,-3471,1,0,11840,8321,9854,-1911,1888,5055,-5055,7593,300358,316058,-15699] v=[0,5953,3,1328,1,1,10,8,11907,10,9,0,1458,9,8,0,2235,4,4,0,321,2088,204,10000,22745,2029,10000,1679,2088,0,4803,1328,213] p=[2,0,2,0,0,0,7593,1,0,2,0,0,3,1328,1,2,1] sig=B05D2:A5FA4E6622744498 end=1
OG	0	02:30:10.830	Core 01	2026.07.27 09:00:00   [AdaptiveSurvivalEA][BRAIN_UPDATE] schema=B05T1 h=1785139200 d=[2,3889,1,1021,541,10000,32184,3019,3889] m=[0,4915,-2677,-2677,-475,1,0,5632,6588,8588,-302,302,648,-648,4915,277841,300358,-22518] v=[0,6115,2,4873,1,1,10,8,12231,10,9,0,1711,9,8,0,1816,4,4,0,837,3019,1210,10000,32184,11047,10000,3412,3019,0,4873,2382,293] p=[2,0,2,0,0,1,4915,1,0,2,0,0,2,4873,1,2,0] sig=B05D2:CD184D4417ED2BC3 end=1
DN	0	02:30:10.830	Core 01	2026.07.27 10:00:00   [AdaptiveSurvivalEA][BRAIN_UPDATE] schema=B05T1 h=1785142800 d=[2,3622,1,902,507,10000,19444,1905,3622] m=[2,4946,31,31,-1963,1,0,5250,6067,7640,-1342,1334,2593,-2593,4946,256494,277841,-21347] v=[0,6289,2,4865,1,1,10,8,12579,10,9,0,1930,9,8,0,1435,4,4,0,958,1905,645,10000,19444,5405,10000,3933,1905,0,4865,3184,372] p=[2,0,2,0,2,0,4946,1,0,2,0,0,2,4865,1,2,0] sig=B05D2:CD1F580ED98D1CAE end=1
CE	0	02:30:10.830	Core 01	2026.07.27 11:00:00   [AdaptiveSurvivalEA][BRAIN_UPDATE] schema=B05T1 h=1785146400 d=[2,3254,1,192,226,10000,16431,1652,3254] m=[4,2989,-1957,-1957,-3048,1,0,950,1250,7625,-1957,1932,4163,-4163,2989,230631,256494,-25862] v=[0,6397,2,4887,1,1,11,8,12793,10,8,0,2143,9,8,0,952,4,4,0,1339,1652,263,10000,16431,2096,10000,8750,1652,0,4887,7304,459] p=[2,0,2,0,4,0,2989,1,0,2,0,0,2,4887,1,3,1] sig=B05D2:558085D48E9D4721 end=1
EG	0	02:30:10.830	Core 01	2026.07.27 12:00:00   [AdaptiveSurvivalEA][BRAIN_UPDATE] schema=B05T1 h=1785150000 d=[2,-1426,1,-787,-165,-10000,2175,196,-1426] m=[0,7618,4629,4629,-5315,1,0,9009,8131,8692,-4328,4077,6554,-6554,7618,228227,230631,-2404] v=[0,5838,3,1832,1,1,10,8,11675,10,8,0,2229,9,9,0,274,4,4,0,908,196,909,0,2175,7291,0,1869,196,0,682,1832,497] p=[2,0,2,0,0,0,7618,1,0,2,0,0,3,1832,1,3,0] sig=B05D2:729ECAB0F2451C4 end=1
DS	0	02:30:10.830	Core 01	2026.07.27 13:00:00   [AdaptiveSurvivalEA][BRAIN_UPDATE] schema=B05T1 h=1785153600 d=[2,-1399,1,-1871,-638,-10000,5389,511,-1399] m=[0,3684,-3933,-3933,-3987,1,0,3457,2411,5106,-2623,2565,5410,-5410,3684,246877,228227,18649] v=[0,5916,3,7201,1,1,10,8,11831,10,8,0,2279,9,9,0,288,4,4,206,0,511,125,10000,5389,1071,10000,7589,511,69,4513,7201,519] p=[2,0,2,0,0,1,3684,1,0,2,0,0,3,7201,1,3,0] sig=B05D2:CDD54F3DC32F6942 end=1
CO	0	02:30:10.830	Core 01	2026.07.27 14:00:00   [AdaptiveSurvivalEA][BRAIN_UPDATE] schema=B05T1 h=1785157200 d=[2,-1858,1,-2741,-1049,-10000,4541,451,-1858] m=[0,7788,4104,4104,-7440,1,0,8792,6454,8723,-5333,4879,10000,-10000,7788,270510,246877,23633] v=[0,6192,3,3386,1,1,10,8,12383,10,8,0,2287,9,9,0,142,4,5,864,0,451,692,0,4541,6189,0,3546,451,288,486,3386,523] p=[2,0,2,0,0,0,7788,1,0,2,0,0,3,3386,1,3,0] sig=B05D2:F6F7F916C871664B end=1
RE	0	02:30:10.830	Core 01	2026.07.27 15:00:00   [AdaptiveSurvivalEA][BRAIN_UPDATE] schema=B05T1 h=1785160800 d=[2,-2533,1,-3740,-1526,-10000,2608,237,-2533] m=[0,4257,-3531,-3531,-7305,1,0,1773,2179,5385,-4987,4611,10000,-10000,4257,302439,270510,31929] v=[0,5711,3,7636,1,1,10,8,11421,10,8,0,2205,9,9,0,338,4,5,414,0,237,1015,0,2608,9008,0,7821,237,138,509,7636,486] p=[2,0,2,0,0,1,4257,1,0,2,0,0,3,7636,1,3,0] sig=B05D2:4B1D50BCBC7DE0F9 end=1
GQ	0	02:30:10.830	Core 01	2026.07.27 16:00:00   [AdaptiveSurvivalEA][BRAIN_UPDATE] schema=B05T1 h=1785164400 d=[2,-2011,1,-3373,-1463,-10000,5536,481,-2011] m=[2,4603,346,346,-5995,1,0,2981,2772,6832,-4280,4036,7953,-7953,4603,318887,302439,16448] v=[0,5574,3,6880,1,1,9,8,11149,10,8,0,2132,10,9,0,666,5,4,0,225,481,704,0,5536,6159,0,7228,481,0,605,6880,454] p=[2,0,2,0,2,0,4603,1,0,2,0,0,3,6880,1,3,0] sig=B05D2:C02A28105E64E633 end=1
QJ	0	02:30:10.830	Core 01	2026.07.27 17:00:00   [AdaptiveSurvivalEA][BRAIN_UPDATE] schema=B05T1 h=1785168000 d=[2,-1258,1,-2265,-1078,-10000,8867,762,-1258] m=[2,4011,-592,-592,-2283,1,0,4903,4087,5391,-1398,1389,3178,-3178,4011,296332,318887,-22554] v=[0,5668,3,5462,1,1,10,8,11336,10,8,0,2110,10,9,0,1295,5,4,0,1420,762,1501,0,8867,12672,0,5913,762,0,965,5462,445] p=[2,0,2,0,2,0,4011,1,0,2,0,0,3,5462,1,3,0] sig=B05D2:EBE662B3CC99B9B6 end=1
NN	0	02:30:10.830	Core 01	2026.07.27 18:00:00   [AdaptiveSurvivalEA][BRAIN_UPDATE] schema=B05T1 h=1785171600 d=[2,-4054,1,-2237,-1106,-10000,-16046,-1569,-4054] m=[2,5828,1817,1817,-3204,1,0,7521,6637,6637,-2166,2133,4275,-4275,5828,293301,296332,-3031] v=[0,5876,3,2835,1,1,10,8,11752,10,8,0,1944,10,9,0,1106,5,4,0,2157,1569,430,10000,16046,4118,10000,3363,1569,0,5041,2835,378] p=[2,0,2,0,2,0,5828,1,0,2,0,0,3,2835,1,2,1] sig=B05D2:7260822F3BAD1AD8 end=1
GM	0	02:30:10.830	Core 01	2026.07.27 19:00:00   [AdaptiveSurvivalEA][BRAIN_UPDATE] schema=B05T1 h=1785175200 d=[1,-4509,1,-3041,-1476,-10000,-20770,-2027,-4509] m=[2,4699,-1129,-1129,-1995,1,0,3919,6061,8030,-1117,1112,2878,-2878,4699,297766,293301,4464] v=[0,5999,2,5059,1,1,10,9,11997,10,9,0,1706,10,9,0,558,5,4,0,3030,2027,896,10000,20770,8285,10000,3939,2027,0,5059,3141,291] p=[1,0,2,0,2,0,4699,1,0,2,0,0,2,5059,1,2,0] sig=B05D2:373EEEF91A3D98E end=1
JH	0	02:30:10.830	Core 01	2026.07.27 20:00:00   [AdaptiveSurvivalEA][BRAIN_UPDATE] schema=B05T1 h=1785178800 d=[1,-4568,1,-2949,-1497,-10000,-23786,-2419,-4568] m=[4,1992,-2708,-2708,-905,1,0,1262,2063,4444,-524,524,1287,-1287,1992,301635,297766,3869] v=[0,6038,2,4762,1,1,10,9,12076,10,9,0,1414,10,10,0,410,5,4,0,1988,2419,1209,9997,23786,11549,10000,7937,2419,0,4762,6017,200] p=[1,1,2,0,4,0,1992,1,0,2,0,0,2,4762,1,3,1] sig=B05D2:A217E65B7EF5EDB5 end=1
NJ	0	02:30:10.830	Core 01	2026.07.27 21:01:00   [AdaptiveSurvivalEA][BRAIN_UPDATE] schema=B05T1 h=1785182400 d=[1,-4759,1,-2905,-1554,-10000,-34847,-3526,-4759] m=[2,4392,2400,2400,-2726,1,0,2555,4630,8889,-1635,1621,3831,-3831,4392,307223,301635,5588] v=[0,5725,2,3160,1,1,10,9,11450,10,9,0,1029,9,10,790,0,5,4,0,992,3526,2129,6566,34847,20244,7213,5370,3526,263,3160,3477,106] p=[1,2,2,0,2,0,4392,1,0,2,0,0,2,3160,1,2,0] sig=B05D2:C19DB980627FB27 end=1
KM	0	02:30:10.830	Core 01	2026.07.27 22:00:00   [AdaptiveSurvivalEA][BRAIN_UPDATE] schema=B05T1 h=1785186000 d=[1,-4833,1,-2558,-1481,-10000,-44962,-4763,-4833] m=[2,5192,800,800,-2972,1,0,4262,4938,10000,-1854,1833,4112,-4112,5192,326912,307223,19689] v=[0,5481,2,1928,1,1,9,9,10963,10,9,0,665,9,10,1275,0,4,5,1111,0,4763,3077,5480,44962,33311,3498,5062,4763,795,1928,2651,44] p=[1,2,2,0,2,0,5192,1,0,2,0,0,2,1928,1,0,1] sig=B05D2:4FC69663A45EFF96 end=1
CJ	0	02:30:10.830	Core 01	2026.07.27 23:00:00   [AdaptiveSurvivalEA][BRAIN_UPDATE] schema=B05T1 h=1785189600 d=[1,-4657,1,-2209,-1399,-10000,-40269,-4389,-4657] m=[2,4715,-476,-476,-1437,1,0,2773,7576,8485,-821,819,2055,-2055,4715,332987,326912,6075] v=[0,5258,2,4065,1,1,9,9,10517,10,9,0,325,9,10,1503,0,4,5,1709,0,4389,1637,10000,40269,17922,10000,2424,4389,1071,4065,1360,11] p=[1,2,2,0,2,0,4715,1,0,2,0,0,2,4065,1,2,0] sig=B05D2:1EECD7CA88E36900 end=1
CQ	0	02:30:10.830	Core 01	2026.07.28 00:00:00   [AdaptiveSurvivalEA][BRAIN_UPDATE] schema=B05T1 h=1785193200 d=[1,-4715,1,-2380,-1528,-10000,-39900,-4243,-4715] m=[4,1129,-3587,-3587,394,1,0,117,370,4444,47,47,741,741,1129,353323,332987,20336] v=[0,4996,2,4008,1,1,9,9,9993,10,10,0,42,9,10,1282,0,4,5,1828,0,4243,1176,10000,39900,13305,10000,9630,4243,1037,4008,5544,0] p=[1,2,2,0,4,0,1129,1,0,2,0,0,2,4008,1,3,1] sig=B05D2:7DB19B7627240FE9 end=1
GL	0	02:30:10.830	Core 01	2026.07.28 01:00:00   [AdaptiveSurvivalEA][BRAIN_UPDATE] schema=B05T1 h=1785196800 d=[2,-4315,1,-1636,-1257,-10000,-34532,-3458,-4315] m=[2,5602,4473,4473,1909,1,0,5853,6579,9605,913,911,2908,2908,5602,329855,353323,-23468] v=[0,4977,2,3065,1,1,9,9,9953,10,10,168,0,9,10,794,0,4,5,680,0,3458,1850,8696,34532,20764,6631,3421,3458,547,3065,2238,0] p=[2,0,2,0,2,0,5602,1,0,2,0,0,2,3065,1,2,0] sig=B05D2:3493C12C93F03596 end=1
OG	0	02:30:10.830	Core 01	2026.07.28 02:00:00   [AdaptiveSurvivalEA][BRAIN_UPDATE] schema=B05T1 h=1785200400 d=[2,-4172,1,-1072,-1062,-10000,-39792,-3923,-4172] m=[4,2754,-2848,-2848,2990,1,0,1213,1538,5846,1310,1303,4677,4677,2754,287713,329855,-42142] v=[0,4800,2,4000,1,1,8,9,9600,10,10,323,0,9,9,642,0,4,4,489,0,3923,1604,10000,39792,18696,10000,8462,3923,485,4000,5142,0] p=[2,0,2,0,4,0,2754,1,0,2,0,0,2,4000,1,3,1] sig=B05D2:70740FD81A8CE22B end=1
RH	0	02:30:10.830	Core 01	2026.07.28 03:00:00   [AdaptiveSurvivalEA][BRAIN_UPDATE] schema=B05T1 h=1785204000 d=[2,-3964,1,-650,-927,-10000,-39669,-3598,-3964] m=[2,5046,2292,2292,2928,1,0,5023,5270,7973,1365,1357,4500,4500,5046,262870,287713,-24843] v=[0,4520,2,1981,1,1,8,9,9039,10,10,498,0,9,10,944,0,4,4,0,227,3598,2444,4725,39669,26530,4953,4730,3598,481,1981,3028,0] p=[2,0,2,0,2,0,5046,1,0,2,0,0,2,1981,1,0,1] sig=B05D2:75B0AC4275C99525 end=1
GS	0	02:30:10.830	Core 01	2026.07.28 04:00:00   [AdaptiveSurvivalEA][BRAIN_UPDATE] schema=B05T1 h=1785207600 d=[2,-3774,1,-447,-881,-10000,-30188,-2846,-3774] m=[2,4426,-621,-621,2919,1,0,3462,3846,8615,1468,1457,4380,4380,4426,253860,262870,-9010] v=[0,4203,2,1381,1,1,7,9,8407,9,10,676,0,8,9,1165,0,4,4,1153,0,2846,2088,3632,30188,22745,3272,6154,2846,998,1381,4402,0] p=[2,0,2,0,2,0,4426,1,0,2,0,0,2,1381,1,3,1] sig=B05D2:FD1175A92085463B end=1
CJ	0	02:30:10.830	Core 01	2026.07.28 05:00:00   [AdaptiveSurvivalEA][BRAIN_UPDATE] schema=B05T1 h=1785211200 d=[2,-4432,1,-1529,-1317,-10000,-46620,-4330,-4432] m=[2,5996,1570,1570,-182,1,0,7980,8769,8769,-84,84,279,-279,5996,241428,253860,-12432] v=[0,4157,2,1766,1,1,7,9,8314,9,10,863,0,8,9,1158,0,4,4,1273,0,4330,3019,4344,46620,32184,4485,1231,4330,1098,1766,698,0] p=[2,0,2,0,2,0,5996,1,0,2,0,0,2,1766,1,0,1] sig=B05D2:B2A17446AD23F54 end=1
IE	0	02:30:10.830	Core 01	2026.07.28 06:00:00   [AdaptiveSurvivalEA][BRAIN_UPDATE] schema=B05T1 h=1785214800 d=[1,-4830,1,-2619,-1795,-10000,-44119,-4124,-4830] m=[4,3713,-2282,-2282,-3667,1,0,3749,3662,3803,-2278,2239,5094,-5094,3713,259840,241428,18412] v=[0,4037,2,4000,1,1,7,9,8074,9,10,1066,0,8,9,1106,0,4,4,1484,0,4124,1905,10000,44119,19444,10000,6338,4124,1219,4000,3724,0] p=[1,0,2,0,4,0,3713,1,0,2,0,0,2,4000,1,2,0] sig=B05D2:73B4CC25A09C89C3 end=1
CM	0	02:30:10.830	Core 01	2026.07.28 07:00:00   [AdaptiveSurvivalEA][BRAIN_UPDATE] schema=B05T1 h=1785218400 d=[1,-4692,1,-2461,-1791,-10000,-39829,-3509,-4692] m=[3,3611,-102,-102,-1838,1,0,4492,3797,4937,-1168,1163,2514,-2514,3611,248311,259840,-11529] v=[0,3890,2,4000,1,1,7,9,7779,9,10,1297,0,8,9,1003,0,4,4,1204,0,3509,1652,10000,39829,16431,10000,6203,3509,1168,4000,4026,0] p=[1,1,2,0,3,0,3611,1,0,2,0,0,2,4000,1,2,0] sig=B05D2:6B1941C7B888CB9D end=1
DD	0	02:30:10.830	Core 01	2026.07.28 08:00:00   [AdaptiveSurvivalEA][BRAIN_UPDATE] schema=B05T1 h=1785222000 d=[1,-4626,1,-2438,-1817,-10000,-33297,-3090,-4626] m=[2,5763,2151,2151,-5167,1,0,6054,3883,8641,-3572,3427,6906,-6906,5763,243728,248311,-4583] v=[0,3848,2,4000,1,1,7,9,7696,9,10,1425,0,8,9,862,0,4,4,1980,0,3090,196,10000,33297,2175,10000,6117,3090,1422,4000,4227,0] p=[1,2,2,0,2,0,5763,1,0,2,0,0,2,4000,1,2,0] sig=B05D2:E3901F7C293DDED0 end=1
OF	0	02:30:10.830	Core 01	2026.07.28 09:00:00   [AdaptiveSurvivalEA][BRAIN_UPDATE] schema=B05T1 h=1785225600 d=[2,-3973,1,-1662,-1509,-10000,-16251,-1444,-3973] m=[0,7051,1288,1288,-732,1,0,11480,9625,9625,-477,477,987,-987,7051,239757,243728,-3972] v=[0,3901,2,4000,1,1,7,9,7803,9,10,1560,0,8,9,1479,0,4,4,1179,0,1444,511,10000,16251,5389,10000,375,1444,1406,4000,321,0] p=[2,0,2,0,0,0,7051,1,0,2,0,0,2,4000,1,2,0] sig=B05D2:51A43509B52D8F4F end=1
EO	0	02:30:10.830	Core 01	2026.07.28 10:00:00   [AdaptiveSurvivalEA][BRAIN_UPDATE] schema=B05T1 h=1785229200 d=[2,-4424,1,-2376,-1722,-10000,-23756,-2160,-4424] m=[0,7719,668,668,-3350,1,0,21087,9133,9653,-3123,3025,3675,-3675,7719,254613,239757,14856] v=[0,4347,2,4000,1,1,7,9,8694,8,10,1688,0,8,9,1481,0,4,4,507,0,2160,451,10000,23756,4541,10000,867,2160,1225,4000,680,0] p=[2,0,2,0,0,0,7719,1,0,2,0,0,2,4000,1,2,0] sig=B05D2:CFCE9F7E23DD0984 end=1
JO	0	02:30:10.830	Core 01	2026.07.28 11:00:00   [AdaptiveSurvivalEA][BRAIN_UPDATE] schema=B05T1 h=1785232800 d=[1,-4620,1,-3496,-2179,-10000,-15270,-1405,-4620] m=[0,4347,-3372,-3372,-1406,1,0,5261,4271,7708,-1283,1276,1536,-1536,4347,276248,254613,21635] v=[0,4509,2,4000,1,1,8,9,9018,8,10,1741,0,8,9,1552,0,4,4,375,0,1405,237,10000,15270,2608,10000,5729,1405,1223,4000,4924,0] p=[1,0,2,0,0,1,4347,1,0,2,0,0,2,4000,1,2,0] sig=B05D2:3FB6CE1BB9051FF8 end=1
FE	0	02:30:10.830	Core 01	2026.07.28 12:00:00   [AdaptiveSurvivalEA][BRAIN_UPDATE] schema=B05T1 h=1785236400 d=[2,-3954,1,-2056,-1617,-10000,-12489,-1155,-3954] m=[2,4262,-85,-85,-921,1,0,5745,4144,7568,-849,847,994,-994,4262,265220,276248,-11028] v=[0,4624,2,4000,1,1,8,9,9248,8,10,1776,0,8,10,1760,0,4,5,463,0,1155,481,10000,12489,5536,10000,5856,1155,1333,4000,5180,0] p=[2,0,2,0,2,0,4262,1,0,2,0,0,2,4000,1,3,1] sig=B05D2:EC93FEF0AAFD7129 end=1
PK	0	02:30:10.830	Core 01	2026.07.28 13:00:00   [AdaptiveSurvivalEA][BRAIN_UPDATE] schema=B05T1 h=1785240000 d=[2,-3831,1,-1207,-1255,-10000,-16959,-1709,-3831] m=[4,1561,-2701,-2701,276,1,0,361,395,6447,216,216,336,336,1561,250746,265220,-14474] v=[0,4790,3,7964,1,1,8,9,9580,8,10,1828,0,8,10,2234,0,4,5,1275,0,1709,762,10000,16959,8867,9125,9605,1709,1779,3825,7964,0] p=[2,0,2,0,4,0,1561,1,0,2,0,0,3,7964,1,3,0] sig=B05D2:9A3C3371D9F2D1E0 end=1
JR	0	02:30:10.830	Core 01	2026.07.28 14:00:00   [AdaptiveSurvivalEA][BRAIN_UPDATE] schema=B05T1 h=1785243600 d=[2,-329,1,-277,-835,0,-229,-25,-329] m=[2,5248,3687,3687,-89,1,0,7224,7590,7590,-115,115,64,-64,5248,232593,250746,-18153] v=[0,5013,3,2404,1,1,9,9,10026,8,10,1871,0,8,10,2439,0,4,5,1982,0,25,1569,0,229,16046,0,2410,25,2097,0,2404,0] p=[2,0,2,0,2,0,5248,1,0,2,0,0,3,2404,1,3,0] sig=B05D2:74053C9DB63B7857 end=1
CJ	0	02:30:10.830	Core 01	2026.07.28 15:00:00   [AdaptiveSurvivalEA][BRAIN_UPDATE] schema=B05T1 h=1785247200 d=[2,3764,1,1800,83,10000,18458,1881,3764] m=[0,8949,3701,3701,7769,1,0,14680,8947,9408,6239,5538,10000,10000,8949,245662,232593,13069] v=[0,5309,3,855,1,1,9,9,10618,8,10,1901,0,8,10,1816,0,5,5,1340,0,1881,2027,0,18458,20770,0,1053,1881,1685,0,855,0] p=[2,0,2,0,0,0,8949,1,0,2,0,0,3,855,1,0,1] sig=B05D2:A89A68B54B37F519 end=1
MH	0	02:30:10.830	Core 01	2026.07.28 16:00:00   [AdaptiveSurvivalEA][BRAIN_UPDATE] schema=B05T1 h=1785250800 d=[3,4894,1,4140,1163,10000,29979,2911,4894] m=[1,8746,-203,-203,8251,1,0,14247,7869,9016,7757,6502,10000,10000,8746,277402,245662,31740] v=[0,5769,0,2911,1,1,10,9,11538,8,10,1896,0,9,10,1186,0,5,5,0,288,2911,2419,2035,29979,23786,2603,2131,2911,1027,985,1511,0] p=[3,0,2,0,1,0,8746,1,0,2,0,0,0,2911,1,0,0] sig=B05D2:96DB5C95A93D1733 end=1
KP	0	02:30:10.830	Core 01	2026.07.28 17:00:00   [AdaptiveSurvivalEA][BRAIN_UPDATE] schema=B05T1 h=1785254400 d=[3,5073,1,4666,1503,10000,27883,2703,5073] m=[1,6140,-2606,-2606,6577,1,0,4290,4632,9684,5889,5291,7863,7863,6140,311410,277402,34009] v=[0,5834,0,2703,1,1,10,9,11668,8,10,1818,0,9,9,356,0,5,5,0,944,2703,3526,0,27883,34847,0,5368,2703,725,189,3917,0] p=[3,1,2,0,1,0,6140,1,0,2,0,0,0,2703,1,3,1] sig=B05D2:3F6BD860B082F861 end=1
HS	0	02:30:10.830	Core 01	2026.07.28 18:00:00   [AdaptiveSurvivalEA][BRAIN_UPDATE] schema=B05T1 h=1785258000 d=[2,4299,1,3131,1001,10000,16689,1616,4299] m=[1,6490,350,350,4669,1,0,6294,6804,9072,4444,4173,5165,5165,6490,300441,311410,-10969] v=[0,5946,3,2679,1,1,10,9,11892,8,10,1704,0,9,9,17,0,5,4,0,2284,1616,4763,0,16689,44962,0,3196,1616,574,457,2679,0] p=[2,0,2,0,1,0,6490,1,0,2,0,0,3,2679,1,3,0] sig=B05D2:104ADB2BE0A0F066 end=1
OI	0	02:30:10.830	Core 01	2026.07.28 19:00:00   [AdaptiveSurvivalEA][BRAIN_UPDATE] schema=B05T1 h=1785261600 d=[2,3894,1,2015,623,10000,16838,1616,3894] m=[1,4507,-1983,-1983,3122,1,0,2502,4815,8704,2771,2702,3542,3542,4507,273119,300441,-27322] v=[0,5879,3,4347,1,1,10,9,11758,8,10,1564,0,9,9,0,417,5,4,0,3195,1616,4389,0,16838,40269,0,5185,1616,521,722,4347,0] p=[2,0,2,0,1,1,4507,1,0,2,0,0,3,4347,1,3,0] sig=B05D2:546FE227DCE2A5E9 end=1
KN	0	02:30:10.830	Core 01	2026.07.28 20:00:00   [AdaptiveSurvivalEA][BRAIN_UPDATE] schema=B05T1 h=1785265200 d=[2,3793,1,1668,533,10000,17622,1665,3793] m=[4,845,-3662,-3662,441,1,0,487,909,1818,253,253,629,629,845,251431,273119,-21688] v=[0,5796,3,7577,1,1,10,9,11592,8,10,1405,0,9,9,0,773,5,4,0,3575,1665,4243,0,17622,39900,0,9091,1665,468,870,7577,0] p=[2,0,2,0,4,0,845,1,0,2,0,0,3,7577,1,3,0] sig=B05D2:7CB7E2300D686488 end=1
CM	0	02:30:10.830	Core 01	2026.07.28 21:00:30   [AdaptiveSurvivalEA][BRAIN_UPDATE] schema=B05T1 h=1785268800 d=[2,3310,1,1315,430,10000,10348,974,3310] m=[0,6105,5260,5260,-6243,1,0,2886,6042,10000,-3184,3081,9405,-9405,6105,221167,251431,-30264] v=[0,5658,3,3573,1,1,10,9,11317,8,10,1274,0,9,9,0,352,5,4,0,2529,974,3458,0,10348,34532,0,3958,974,425,576,3573,0] p=[2,0,2,0,0,0,6105,1,0,2,0,0,3,3573,1,3,0] sig=B05D2:67FD2B90E22C7E6A end=1
HJ	0	02:30:10.830	Core 01	2026.07.28 22:00:00   [AdaptiveSurvivalEA][BRAIN_UPDATE] schema=B05T1 h=1785272400 d=[2,3694,1,1462,524,10000,16909,1505,3694] m=[1,6059,-45,-45,-2160,1,0,6542,7471,9540,-1027,1023,3297,-3297,6059,207819,221167,-13348] v=[0,5583,3,2148,1,1,10,9,11165,9,10,1147,0,9,9,0,388,6,4,0,3397,1505,3923,0,16909,39792,0,2529,1505,382,757,2148,0] p=[2,0,2,0,1,0,6059,1,0,2,0,0,3,2148,1,3,0] sig=B05D2:334654D558CD783B end=1
RM	0	02:30:10.830	Core 01	2026.07.28 23:00:00   [AdaptiveSurvivalEA][BRAIN_UPDATE] schema=B05T1 h=1785276000 d=[2,3176,1,1410,539,10000,8211,720,3176] m=[1,5194,-866,-866,-1599,1,0,5170,7286,8000,-730,729,2469,-2469,5194,193170,207819,-14649] v=[0,5531,3,2519,1,1,10,9,11063,9,10,962,0,9,9,0,678,6,4,0,3224,720,3598,0,8211,39669,0,2714,720,321,780,2519,0] p=[2,0,2,0,1,1,5194,1,0,2,0,0,3,2519,1,3,0] sig=B05D2:FD7AC7A7A3C3BD1 end=1
IE	0	02:30:10.830	Core 01	2026.07.29 00:00:00   [AdaptiveSurvivalEA][BRAIN_UPDATE] schema=B05T1 h=1785279600 d=[2,3341,1,993,401,10000,12880,1037,3341] m=[4,2672,-2522,-2522,-249,1,0,1008,2143,9048,-22,22,476,-476,2672,196034,193170,2864] v=[0,5001,3,7042,1,1,9,9,10002,9,9,755,0,9,8,0,1004,6,4,0,4550,1037,2846,0,12880,30188,0,7857,1037,252,1111,7042,0] p=[2,0,2,0,4,0,2672,1,0,2,0,0,3,7042,1,3,0] sig=B05D2:35229ED6E202827D end=1
HI	0	02:30:10.830	Core 01	2026.07.29 01:00:00   [AdaptiveSurvivalEA][BRAIN_UPDATE] schema=B05T1 h=1785283200 d=[2,3897,1,1523,643,10000,25125,2022,3897] m=[2,5034,2362,2362,1399,1,0,5206,5542,9639,905,903,1895,1895,5034,172271,196034,-23763] v=[0,4943,3,3557,1,1,9,9,9885,9,9,524,0,9,8,0,1248,6,4,0,4388,2022,4330,0,25125,46620,0,4458,2022,175,1127,3557,0] p=[2,0,2,0,2,0,5034,1,0,2,0,0,3,3557,1,3,0] sig=B05D2:FAD32F00CB761D01 end=1
PJ	0	02:30:10.830	Core 01	2026.07.29 02:00:00   [AdaptiveSurvivalEA][BRAIN_UPDATE] schema=B05T1 h=1785286800 d=[2,4170,1,2027,886,10000,29967,2379,4170] m=[4,3100,-1935,-1935,3006,1,0,819,1000,8714,1779,1761,4251,4251,3100,159882,172271,-12389] v=[0,4771,3,6859,1,1,9,9,9542,9,9,262,0,9,8,0,1368,5,4,0,4676,2379,4124,0,29967,44119,0,9000,2379,87,1209,6859,0] p=[2,0,2,0,4,0,3100,1,0,2,0,0,3,6859,1,3,0] sig=B05D2:D90A903DD8D9AC1 end=1
JE	0	02:30:10.830	Core 01	2026.07.29 03:00:00   [AdaptiveSurvivalEA][BRAIN_UPDATE] schema=B05T1 h=1785290400 d=[2,4285,1,2283,1038,10000,30807,2400,4285] m=[2,4573,1473,1473,2129,1,0,3806,5614,7895,1023,1019,3239,3239,4573,173820,159882,13938] v=[0,4686,3,3333,1,1,8,9,9372,9,9,0,46,9,8,0,1238,5,4,0,4316,2400,3509,0,30807,39829,0,4386,2400,0,1120,3333,0] p=[2,0,2,0,2,0,4573,1,0,2,0,0,3,3333,1,3,0] sig=B05D2:D82D303EA1A84D24 end=1
FL	0	02:30:10.830	Core 01	2026.07.29 04:00:00   [AdaptiveSurvivalEA][BRAIN_UPDATE] schema=B05T1 h=1785294000 d=[3,4575,1,2737,1277,10000,39239,3051,4575] m=[2,4485,-88,-88,6391,1,0,2907,3810,4444,2858,2783,10000,10000,4485,207952,173820,34132] v=[0,4592,3,4302,1,1,8,9,9185,9,9,0,315,9,8,0,1018,5,4,0,5035,3051,3090,0,39239,33297,1784,6190,3051,0,1630,4302,10] p=[3,0,2,0,2,0,4485,1,0,2,0,0,3,4302,1,3,0] sig=B05D2:5A16D2A405F9B495 end=1
KJ	0	02:30:10.830	Core 01	2026.07.29 05:00:00   [AdaptiveSurvivalEA][BRAIN_UPDATE] schema=B05T1 h=1785297600 d=[3,4812,1,3428,1633,10000,37074,2793,4812] m=[2,5859,1373,1373,6830,1,0,5056,5132,6316,3837,3659,10000,10000,5859,247244,207952,39292] v=[0,4284,3,3509,1,1,8,9,8567,9,9,0,561,9,8,0,1426,5,4,0,3677,2793,1444,9346,37074,16251,10000,4868,2793,0,5002,3509,31] p=[3,1,2,0,2,0,5859,1,0,2,0,0,3,3509,1,2,1] sig=B05D2:4820AEB743C1EAD8 end=1
QM	0	02:30:10.830	Core 01	2026.07.29 06:00:00   [AdaptiveSurvivalEA][BRAIN_UPDATE] schema=B05T1 h=1785301200 d=[3,5212,1,3681,1847,10000,61305,4653,5212] m=[2,5212,-647,-647,3900,1,0,3979,5094,8868,2211,2175,5625,5625,5212,281297,247244,34053] v=[0,3766,3,2623,1,1,7,9,7532,9,8,0,698,8,8,0,436,5,4,0,972,4653,2160,10000,61305,23756,10000,4906,4653,0,4421,2623,49] p=[3,2,2,0,2,0,5212,1,0,2,0,0,3,2623,1,0,1] sig=B05D2:7406A06F895EF777 end=1
KG	0	02:30:10.830	Core 01	2026.07.29 07:00:00   [AdaptiveSurvivalEA][BRAIN_UPDATE] schema=B05T1 h=1785304800 d=[2,4432,1,2053,1244,10000,45649,3435,4432] m=[2,5477,265,265,195,1,0,9304,5926,8056,116,116,273,273,5477,266470,281297,-14827] v=[0,3816,3,2674,1,1,7,9,7631,9,8,0,758,8,8,0,394,5,4,0,933,3435,1405,10000,45649,15270,10000,4074,3435,0,4417,2674,57] p=[2,0,2,0,2,0,5477,1,0,2,0,0,3,2674,1,2,1] sig=B05D2:15502372F860C47A end=1
RN	0	02:30:10.830	Core 01	2026.07.29 08:00:00   [AdaptiveSurvivalEA][BRAIN_UPDATE] schema=B05T1 h=1785308400 d=[2,4338,1,1766,1152,10000,46667,3514,4338] m=[2,4989,-488,-488,1122,1,0,8041,5138,6789,804,802,1442,1442,4989,255074,266470,-11396] v=[0,3859,2,4384,1,1,7,9,7718,9,8,0,785,8,8,0,317,5,4,0,821,3514,1155,10000,46667,12489,10000,4862,3514,0,4384,3154,62] p=[2,0,2,0,2,0,4989,1,0,2,0,0,2,4384,1,2,0] sig=B05D2:4875AB35FE8F4320 end=1
RD	0	02:30:10.830	Core 01	2026.07.29 09:00:00   [AdaptiveSurvivalEA][BRAIN_UPDATE] schema=B05T1 h=1785312000 d=[2,4468,1,2169,1333,10000,43337,3312,4468] m=[4,1908,-3082,-3082,-227,1,0,1548,1486,5405,-197,197,256,-256,1908,245198,255074,-9876] v=[0,3932,2,4446,1,1,7,9,7864,9,8,0,795,8,8,0,560,5,4,0,1498,3312,1709,9378,43337,16959,10000,8514,3312,0,4446,5694,63] p=[2,0,2,0,4,0,1908,1,0,2,0,0,2,4446,1,3,1] sig=B05D2:4C632D077F15AB46 end=1
DQ	0	02:30:10.830	Core 01	2026.07.29 10:00:00   [AdaptiveSurvivalEA][BRAIN_UPDATE] schema=B05T1 h=1785315600 d=[2,3898,1,1173,956,10000,27606,2144,3898] m=[0,6806,4898,4898,-3522,1,0,6479,8519,10000,-2592,2535,4510,-4510,6806,219316,245198,-25882] v=[0,3922,2,4563,1,1,7,9,7844,9,8,0,778,8,8,0,578,5,4,0,1459,2144,25,10000,27606,229,10000,1481,2144,0,4563,1164,61] p=[2,0,2,0,0,0,6806,1,0,2,0,0,2,4563,1,2,0] sig=B05D2:6FD11359F80A5991 end=1
MG	0	02:30:10.830	Core 01	2026.07.29 11:00:00   [AdaptiveSurvivalEA][BRAIN_UPDATE] schema=B05T1 h=1785319200 d=[2,-1572,1,-409,292,-10000,-135,-12,-1572] m=[1,6516,-290,-290,-4291,1,0,8212,6489,7766,-3392,3268,5314,-5314,6516,225916,219316,6600] v=[0,4096,2,146,1,1,7,9,8192,9,8,0,728,8,8,338,0,4,5,586,0,12,1881,0,135,18458,0,3511,12,308,146,3506,53] p=[2,0,2,0,1,0,6516,1,0,2,0,0,2,146,1,3,1] sig=B05D2:C8A1C6E2FDAF6D38 end=1
FG	0	02:30:10.830	Core 01	2026.07.29 12:00:00   [AdaptiveSurvivalEA][BRAIN_UPDATE] schema=B05T1 h=1785322800 d=[2,-3893,1,-1623,-233,-10000,-24642,-2493,-3893] m=[1,5006,-1509,-1509,-3655,1,0,4874,4444,7901,-2654,2593,4717,-4717,5006,244023,225916,18107] v=[0,4066,3,4170,1,1,7,9,8133,9,8,0,573,7,9,1586,0,4,5,2819,0,2493,2911,0,24642,29979,0,5556,2493,1468,115,4170,33] p=[2,0,2,0,1,1,5006,1,0,2,0,0,3,4170,1,3,0] sig=B05D2:1C235184D405B09C end=1
EL	0	02:30:10.830	Core 01	2026.07.29 13:00:00   [AdaptiveSurvivalEA][BRAIN_UPDATE] schema=B05T1 h=1785326400 d=[2,-4173,1,-2337,-587,-10000,-23489,-2431,-4173] m=[2,5742,735,735,-7370,1,0,5205,4588,5412,-5152,4740,10000,-10000,5742,277814,244023,33791] v=[0,4123,3,4096,1,1,7,9,8247,8,8,0,372,7,9,1834,0,4,5,2995,0,2431,2703,0,23489,27883,0,5412,2431,1610,74,4096,14] p=[2,0,2,0,2,0,5742,1,0,2,0,0,3,4096,1,3,0] sig=B05D2:83DA26B466AFD089 end=1
CE	0	02:30:10.830	Core 01	2026.07.29 14:00:00   [AdaptiveSurvivalEA][BRAIN_UPDATE] schema=B05T1 h=1785330000 d=[2,1735,1,-794,-51,10000,3004,317,1735] m=[0,6909,1168,1168,-1374,1,0,15742,8291,9620,-1226,1220,1529,-1529,6909,272221,277814,-5593] v=[0,4574,3,1655,1,1,8,9,9149,8,8,0,170,8,9,1569,0,4,5,2562,0,317,1616,0,3004,16689,0,1709,317,1377,34,1655,3] p=[2,0,2,0,0,0,6909,1,0,2,0,0,3,1655,1,3,0] sig=B05D2:E6B69EEFE4BE79AF end=1
DS	0	02:30:10.830	Core 01	2026.07.29 15:00:00   [AdaptiveSurvivalEA][BRAIN_UPDATE] schema=B05T1 h=1785333600 d=[2,-2595,1,-415,60,-10000,-6752,-686,-2595] m=[1,6976,67,67,-2698,1,0,12154,6667,10000,-2543,2490,2907,-2907,6976,252483,272221,-19739] v=[0,4879,3,3105,1,1,9,9,9758,8,8,6,0,8,9,1074,0,4,5,1811,0,686,1616,0,6752,16838,0,3333,686,964,0,3105,0] p=[2,0,2,0,1,0,6976,1,0,2,0,0,3,3105,1,3,0] sig=B05D2:D4A7B52800C87A03 end=1
CP	0	02:30:10.830	Core 01	2026.07.29 16:00:00   [AdaptiveSurvivalEA][BRAIN_UPDATE] schema=B05T1 h=1785337200 d=[2,-2769,1,-1332,-337,-10000,-5144,-518,-2769] m=[1,2768,-4208,-4208,-754,1,0,2348,2692,6410,-693,692,816,-816,2768,249971,252483,-2511] v=[0,4911,3,6929,1,1,9,9,9822,8,8,187,0,8,9,1085,0,5,5,1694,0,518,1665,0,5144,17622,0,7308,518,989,0,6929,0] p=[2,0,2,0,1,1,2768,1,0,2,0,0,3,6929,1,3,0] sig=B05D2:CABCE8EEE4D243B end=1
IF	0	02:30:10.830	Core 01	2026.07.29 17:00:00   [AdaptiveSurvivalEA][BRAIN_UPDATE] schema=B05T1 h=1785340800 d=[2,-1669,1,-747,-140,-10000,543,57,-1669] m=[3,3005,237,237,715,1,0,2065,2043,8817,522,521,909,909,3005,251632,249971,1661] v=[0,5058,3,7912,1,1,9,9,10116,8,8,325,0,8,9,701,0,4,5,1624,0,57,974,0,543,10348,0,7957,57,884,0,7912,0] p=[2,0,2,0,3,0,3005,1,0,2,0,0,3,7912,1,3,0] sig=B05D2:7033E23B1D973F5F end=1
QS	0	02:30:10.830	Core 01	2026.07.29 18:00:00   [AdaptiveSurvivalEA][BRAIN_UPDATE] schema=B05T1 h=1785344400 d=[2,2692,1,645,400,10000,5986,631,2692] m=[0,6958,3953,3953,3913,1,0,11159,7097,7548,3510,3373,4453,4453,6958,227299,251632,-24334] v=[0,5428,3,2720,1,1,10,9,10856,8,9,426,0,9,9,444,0,5,6,1634,0,631,1505,0,5986,16909,0,2903,631,835,0,2720,0] p=[2,0,2,0,0,0,6958,1,0,2,0,0,3,2720,1,3,0] sig=B05D2:7257AB62B7D07B37 end=1
EL	0	02:30:10.830	Core 01	2026.07.29 19:00:00   [AdaptiveSurvivalEA][BRAIN_UPDATE] schema=B05T1 h=1785348000 d=[3,5621,1,5037,2177,10000,48288,4602,5621] m=[0,8902,1944,1944,7196,1,0,40882,9022,9936,8786,7057,7335,7335,8902,233956,227299,6657] v=[1,7566,3,528,1,1,14,9,15133,8,9,316,0,12,9,0,2583,7,6,0,2800,4602,720,10000,48288,8211,10000,978,4602,105,5077,528,0] p=[3,0,2,0,0,0,8902,1,1,0,1,0,3,528,1,2,1] sig=B05D2:1F26D70FF0C0CB4F end=1
PL	0	02:30:10.830	Core 01	2026.07.29 20:00:00   [AdaptiveSurvivalEA][BRAIN_UPDATE] schema=B05T1 h=1785351600 d=[3,6288,1,7351,3221,10000,40523,4212,6288] m=[0,4747,-4155,-4155,8058,1,0,2418,1386,6891,8837,7082,9034,9034,4747,253421,233956,19465] v=[1,8377,3,4986,1,1,15,9,16753,9,9,45,0,13,9,0,3978,7,6,0,3235,4212,1037,10000,40523,12880,10000,8614,4212,15,5443,4986,0] p=[3,1,2,0,0,1,4747,1,1,1,1,0,3,4986,1,3,0] sig=B05D2:A4752AEECC3E8945 end=1
IF	0	02:30:10.830	Core 01	2026.07.29 21:01:00   [AdaptiveSurvivalEA][BRAIN_UPDATE] schema=B05T1 h=1785355200 d=[3,6302,1,7048,3237,10000,45662,4655,6302] m=[0,8347,3600,3600,8446,1,0,10646,7178,7593,10191,7695,9196,9196,8347,274639,253421,21218] v=[1,8853,3,1508,1,1,16,9,17706,9,9,0,281,14,9,0,4701,8,6,0,4516,4655,2022,10000,45662,25125,8174,2822,4655,0,5534,1508,8] p=[3,2,2,0,0,0,8347,1,1,2,1,0,3,1508,1,2,1] sig=B05D2:824DFE72A2FFC542 end=1
OM	0	02:30:10.830	Core 01	2026.07.29 22:00:00   [AdaptiveSurvivalEA][BRAIN_UPDATE] schema=B05T1 h=1785358800 d=[3,6298,1,7096,3401,10000,42707,4319,6298] m=[0,4067,-4280,-4280,7916,1,0,1828,2273,3333,9492,7394,8438,8438,4067,293028,274639,18389] v=[1,8899,3,4390,1,1,16,9,17798,9,9,0,632,14,9,0,5046,8,5,0,4982,4319,2379,8154,42707,29967,4251,7727,4319,0,4613,4390,40] p=[3,2,2,0,0,1,4067,1,1,2,1,0,3,4390,1,3,0] sig=B05D2:62C2FEC95356934D end=1
ND	0	02:30:10.830	Core 01	2026.07.29 23:00:00   [AdaptiveSurvivalEA][BRAIN_UPDATE] schema=B05T1 h=1785362400 d=[3,6242,1,6678,3366,10000,45985,4535,6242] m=[0,7901,3834,3834,7823,1,0,5530,8762,9905,9149,7235,8412,8412,7901,321467,293028,28439] v=[1,8971,3,677,1,1,17,9,17943,10,9,0,989,14,9,0,5493,8,5,0,5506,4535,2400,8892,45985,30807,4927,1238,4535,0,5161,677,98] p=[3,2,2,0,0,0,7901,1,1,2,1,0,3,677,1,2,1] sig=B05D2:DCA3989292E9AE3B end=1
HL	0	02:30:10.830	Core 01	2026.07.30 00:00:00   [AdaptiveSurvivalEA][BRAIN_UPDATE] schema=B05T1 h=1785366000 d=[3,6055,1,6193,3279,10000,40966,4083,6055] m=[0,4068,-3833,-3833,2869,1,0,2586,4112,7664,1810,1791,3947,3947,4068,353614,321467,32147] v=[1,9124,3,3484,1,1,17,9,18247,10,9,0,1374,14,9,0,6090,9,5,0,5924,4083,3051,3384,40966,39239,440,5888,4083,0,3442,3484,189] p=[3,2,2,0,0,1,4068,1,1,2,1,0,3,3484,1,3,0] sig=B05D2:4B1D9FA000D020F9 end=1
MO	0	02:30:10.830	Core 01	2026.07.30 01:00:00   [AdaptiveSurvivalEA][BRAIN_UPDATE] schema=B05T1 h=1785369600 d=[3,5519,1,4827,2821,10000,33300,3269,5519] m=[2,5081,1013,1013,1802,1,0,4824,6860,8099,1255,1249,2354,2354,5081,338379,353614,-15236] v=[1,9169,3,2114,1,1,17,9,18338,11,9,0,1833,15,9,0,6381,9,5,0,6934,3269,2793,1703,33300,37074,0,3140,3269,0,3370,2114,336] p=[3,2,2,0,2,0,5081,1,1,2,1,0,3,2114,1,2,1] sig=B05D2:816B102FBCE747B4 end=1
NR	0	02:30:10.830	Core 01	2026.07.30 02:00:00   [AdaptiveSurvivalEA][BRAIN_UPDATE] schema=B05T1 h=1785373200 d=[3,5088,1,3612,2398,10000,31955,3104,5088] m=[2,4724,-357,-357,-2583,1,0,2842,5698,9070,-1322,1315,3851,-3851,4724,304677,338379,-33702] v=[1,9128,2,3973,1,1,17,9,18255,11,9,0,2457,15,8,0,7771,9,5,0,9635,3104,4653,0,31955,61305,0,4302,3104,0,3973,2967,604] p=[3,2,2,0,2,0,4724,1,1,2,1,0,2,3973,1,2,0] sig=B05D2:B089D92B21013A34 end=1
MH	0	02:30:10.830	Core 01	2026.07.30 03:00:00   [AdaptiveSurvivalEA][BRAIN_UPDATE] schema=B05T1 h=1785376800 d=[3,4954,1,3022,2221,10000,35887,3531,4954] m=[4,2364,-2360,-2360,-2119,1,0,296,1282,6667,-1052,1048,3190,-3190,2364,264611,304677,-40066] v=[1,8889,2,3819,1,1,17,10,17778,12,9,0,3078,14,8,0,7228,9,5,0,8510,3531,3435,278,35887,45649,0,8718,3531,0,3819,5640,948] p=[3,2,2,0,4,0,2364,1,1,2,1,0,2,3819,1,3,1] sig=B05D2:B3C90AB63C5C7F5 end=1
RM	0	02:30:10.830	Core 01	2026.07.30 04:00:00   [AdaptiveSurvivalEA][BRAIN_UPDATE] schema=B05T1 h=1785380400 d=[3,4762,1,2649,2141,10000,32151,3085,4762] m=[2,4842,2479,2479,-6265,1,0,1786,4603,6825,-2587,2531,10000,-10000,4842,253175,264611,-11436] v=[1,8476,2,3734,1,1,16,10,16952,12,9,0,3672,14,8,0,6972,8,5,0,8024,3085,3514,0,32151,46667,0,5397,3085,0,3734,3732,1349] p=[3,2,2,0,2,0,4842,1,1,2,1,0,2,3734,1,2,0] sig=B05D2:8B6C77FEB97225B6 end=1
RF	0	02:30:10.830	Core 01	2026.07.30 05:00:00   [AdaptiveSurvivalEA][BRAIN_UPDATE] schema=B05T1 h=1785384000 d=[3,4714,1,2416,2121,10000,35308,3219,4714] m=[4,3191,-1651,-1651,-5322,1,0,777,2400,4000,-1995,1969,8674,-8674,3191,243264,253175,-9911] v=[1,8011,2,3793,1,1,15,10,16022,13,9,0,4234,14,8,0,6847,8,5,0,7881,3219,3312,0,35308,43337,0,7600,3219,0,3793,5153,1792] p=[3,2,2,0,4,0,3191,1,1,2,1,0,2,3793,1,3,1] sig=B05D2:3D95198141281F02 end=1
PR	0	02:30:10.830	Core 01	2026.07.30 06:00:00   [AdaptiveSurvivalEA][BRAIN_UPDATE] schema=B05T1 h=1785387600 d=[3,4680,1,2198,2043,10000,37770,3523,4680] m=[3,3492,301,301,-4391,1,0,648,1282,8462,-1050,1046,7736,-7736,3492,215831,243264,-27433] v=[1,7954,2,6012,1,1,15,10,15908,13,9,0,4838,14,8,0,7294,8,5,0,7821,3523,2144,6427,37770,27606,3682,8718,3523,0,6012,5647,2341] p=[3,2,2,0,3,0,3492,1,1,2,1,0,2,6012,1,2,0] sig=B05D2:8B3241D15745DEB4 end=1
RH	0	02:30:10.830	Core 01	2026.07.30 07:00:00   [AdaptiveSurvivalEA][BRAIN_UPDATE] schema=B05T1 h=1785391200 d=[3,4551,1,1752,1871,10000,40130,3798,4551] m=[3,3654,162,162,-4001,1,0,1889,3580,5432,-795,793,7209,-7209,3654,220267,215831,4436] v=[1,7847,2,8463,1,1,15,10,15693,13,9,0,5449,14,8,0,7850,8,4,0,9014,3798,12,10000,40130,135,10000,6420,3798,0,8463,3982,2969] p=[3,2,2,0,3,0,3654,1,1,2,1,0,2,8463,1,2,0] sig=B05D2:5DD8363DF8DC6C62 end=1
IF	0	02:30:10.830	Core 01	2026.07.30 08:00:00   [AdaptiveSurvivalEA][BRAIN_UPDATE] schema=B05T1 h=1785394800 d=[2,4099,1,805,1471,10000,35972,3298,4099] m=[0,6149,2495,2495,-5278,1,0,6093,5663,8133,-1944,1920,8636,-8636,6149,240818,220267,20551] v=[1,7816,2,6731,1,1,15,10,15632,14,9,0,6162,14,7,0,9667,8,4,0,10000,3298,2493,3227,35972,24642,4598,4337,3298,0,6731,2907,3798] p=[2,0,2,0,0,0,6149,1,1,2,1,0,2,6731,1,2,0] sig=B05D2:998996BC09E30A end=1
FN	0	02:30:10.830	Core 01	2026.07.30 09:00:00   [AdaptiveSurvivalEA][BRAIN_UPDATE] schema=B05T1 h=1785398400 d=[2,4351,1,1017,1819,10000,56962,3983,4351] m=[0,5024,-1125,-1125,-400,1,0,8801,5934,6099,-212,212,588,-588,5024,243991,240818,3172] v=[0,6179,2,8619,1,1,12,10,12357,14,8,0,6710,15,7,0,10000,9,4,0,10000,3983,2431,6384,56962,23489,10000,4066,3983,0,8619,2447,4503] p=[2,0,2,0,0,1,5024,1,0,0,0,0,2,8619,1,2,0] sig=B05D2:71F3ACA89C057687 end=1
OL	0	02:30:10.830	Core 01	2026.07.30 10:00:00   [AdaptiveSurvivalEA][BRAIN_UPDATE] schema=B05T1 h=1785402000 d=[3,5192,1,3149,2726,10000,61957,4081,5192] m=[0,7148,2124,2124,2820,1,0,13872,8402,8505,2349,2307,3333,3333,7148,214564,243991,-29427] v=[0,5882,2,9403,1,1,12,10,11764,14,8,0,7133,15,8,0,9882,9,4,0,10000,4081,317,10000,61957,3004,10000,1598,4081,0,9403,946,5088] p=[3,0,2,0,0,0,7148,1,0,1,0,0,2,9403,1,2,0] sig=B05D2:1263D1C0C8CEB137 end=1
IK	0	02:30:10.830	Core 01	2026.07.30 11:00:00   [AdaptiveSurvivalEA][BRAIN_UPDATE] schema=B05T1 h=1785405600 d=[3,5973,1,4871,3462,10000,78873,5233,5973] m=[0,4979,-2169,-2169,4268,1,0,7116,3624,5066,3961,3766,4770,4770,4979,210969,214564,-3595] v=[0,5807,2,9246,1,1,12,10,11614,14,8,0,7457,15,8,0,8975,9,4,0,9797,5233,686,10000,78873,6752,10000,6376,5233,0,9246,3039,5561] p=[3,1,2,0,0,1,4979,1,0,2,0,0,2,9246,1,2,0] sig=B05D2:81CBCF6863EE0FDB end=1
GP	0	02:30:10.830	Core 01	2026.07.30 12:00:00   [AdaptiveSurvivalEA][BRAIN_UPDATE] schema=B05T1 h=1785409200 d=[3,6145,1,5348,3716,10000,80049,5266,6145] m=[2,4640,-338,-338,5340,1,0,2834,2558,8450,5033,4647,6033,6033,4640,207854,210969,-3115] v=[0,5767,2,9272,1,1,12,10,11534,15,8,0,7764,16,8,0,9019,9,5,0,9579,5266,518,10000,80049,5144,10000,7442,5266,0,9272,3523,6028] p=[3,2,2,0,2,0,4640,1,0,2,0,0,2,9272,1,2,0] sig=B05D2:560012330658D622 end=1
CF	0	02:30:10.830	Core 01	2026.07.30 13:00:00   [AdaptiveSurvivalEA][BRAIN_UPDATE] schema=B05T1 h=1785412800 d=[3,5880,1,4686,3474,10000,73361,4891,5880] m=[2,5014,374,374,6770,1,0,3025,2553,7943,5899,5298,8242,8242,5014,219016,207854,11163] v=[0,5865,2,9362,1,1,12,10,11729,15,8,0,8022,16,8,0,8798,9,4,0,9989,4891,57,10000,73361,543,10000,7447,4891,0,9362,3805,6435] p=[3,2,2,0,2,0,5014,1,0,2,0,0,2,9362,1,2,0] sig=B05D2:31C333A7BC0F8B23 end=1
CO	0	02:30:10.830	Core 01	2026.07.30 14:00:00   [AdaptiveSurvivalEA][BRAIN_UPDATE] schema=B05T1 h=1785416400 d=[3,6490,1,6376,3887,10000,84945,5832,6490] m=[0,9342,4328,4328,8365,1,0,33951,9375,9945,10026,7627,9104,9104,9342,249419,219016,30403] v=[1,7344,2,9670,1,1,15,10,14687,15,8,0,8348,18,9,0,10000,11,5,0,10000,5832,631,10000,84945,5986,10000,625,5832,0,9670,261,6969] p=[3,2,2,0,0,0,9342,1,1,0,1,0,2,9670,1,2,0] sig=B05D2:6BBCED6A70A9CD46 end=1
GM	0	02:30:10.830	Core 01	2026.07.30 15:00:00   [AdaptiveSurvivalEA][BRAIN_UPDATE] schema=B05T1 h=1785420000 d=[3,6194,1,6982,4104,10000,30843,2789,6194] m=[1,7310,-2032,-2032,4358,1,0,12530,6082,9912,4602,4303,4414,4414,7310,284228,249419,34808] v=[1,8043,2,2984,1,1,17,10,16087,15,8,0,8088,16,12,0,4217,9,7,0,2616,2789,4602,0,30843,48288,0,3918,2789,0,2984,2825,6541] p=[3,2,2,0,1,0,7310,1,1,1,1,0,2,2984,1,4,1] sig=B05D2:578D1F28CAAF6EA2 end=1
DD	0	02:30:10.830	Core 01	2026.07.30 16:00:00   [AdaptiveSurvivalEA][BRAIN_UPDATE] schema=B05T1 h=1785423600 d=[3,5965,1,5724,3604,10000,40679,3674,5965] m=[1,7293,-17,-17,4917,1,0,9848,6667,8447,5316,4866,4969,4969,7293,304061,284228,19833] v=[1,8580,4,5731,1,1,18,10,17161,15,9,0,7571,16,13,0,2948,10,7,0,3318,3674,4212,0,40679,40523,39,3333,3674,0,2775,2109,5731] p=[3,2,2,0,1,0,7293,1,1,2,1,0,4,5731,1,4,0] sig=B05D2:F51CFBCF24E81901 end=1
HL	0	02:30:10.830	Core 01	2026.07.30 17:00:00   [AdaptiveSurvivalEA][BRAIN_UPDATE] schema=B05T1 h=1785427200 d=[3,6128,1,6389,3931,10000,34617,3358,6128] m=[1,6113,-1180,-1180,5161,1,0,4156,7835,7835,5666,5128,5193,5193,6113,334887,304061,30827] v=[1,8701,4,4847,1,1,18,11,17401,15,9,0,6962,16,14,0,1658,9,8,0,1658,3358,4655,0,34617,45662,0,2165,3358,0,2056,1438,4847] p=[3,2,2,0,1,0,6113,1,1,2,1,0,4,4847,1,4,0] sig=B05D2:E985152BDB7520DE end=1
PK	0	02:30:10.830	Core 01	2026.07.30 18:00:00   [AdaptiveSurvivalEA][BRAIN_UPDATE] schema=B05T1 h=1785430800 d=[3,6063,1,5989,3805,10000,35721,3655,6063] m=[1,3836,-2277,-2277,5572,1,0,577,640,9302,5927,5319,5826,5826,3836,335086,334887,198] v=[1,8989,4,4089,1,1,19,11,17978,15,9,0,6394,16,14,0,1541,9,8,0,1377,3655,4319,0,35721,42707,0,9360,3655,0,1862,5939,4089] p=[3,2,2,0,1,1,3836,1,1,2,1,0,4,4089,1,3,1] sig=B05D2:29EB359DEB00BC90 end=1
MS	0	02:30:10.830	Core 01	2026.07.30 19:00:00   [AdaptiveSurvivalEA][BRAIN_UPDATE] schema=B05T1 h=1785434400 d=[3,5967,1,5697,3755,10000,33289,3520,5967] m=[2,5026,1190,1190,1696,1,0,3007,7160,9877,1172,1167,2226,2226,5026,350077,335086,14991] v=[1,9010,4,3414,1,1,19,11,18021,16,10,0,5843,16,14,0,1259,9,8,0,771,3520,4535,0,33289,45985,0,2840,3520,0,1575,1840,3414] p=[3,2,2,0,2,0,5026,1,1,2,1,0,4,3414,1,4,0] sig=B05D2:DB9284CC950D20AB end=1
EI	0	02:30:10.830	Core 01	2026.07.30 20:00:00   [AdaptiveSurvivalEA][BRAIN_UPDATE] schema=B05T1 h=1785438000 d=[3,5834,1,5221,3635,10000,33353,3527,5834] m=[2,4692,-334,-334,5232,1,0,2230,5584,5844,2884,2807,7657,7657,4692,363400,350077,13324] v=[1,8931,4,2786,1,1,19,11,17862,16,10,0,5278,16,14,0,980,9,9,0,639,3527,4083,0,33353,40966,0,4416,3527,0,1379,2858,2786] p=[3,2,2,0,2,0,4692,1,1,2,1,0,4,2786,1,4,0] sig=B05D2:C2225C849C2D3A89 end=1
JN	0	02:30:10.830	Core 01	2026.07.30 21:00:30   [AdaptiveSurvivalEA][BRAIN_UPDATE] schema=B05T1 h=1785441600 d=[3,5626,1,4368,3356,10000,36188,3909,5626] m=[2,4123,-569,-569,1841,1,0,1932,5873,8095,679,678,3004,3004,4123,358153,363400,-5247] v=[1,8799,4,2203,1,1,19,11,17598,16,11,0,4694,15,15,0,610,9,9,0,109,3909,3269,1958,36188,33300,867,4127,3909,0,1647,2514,2203] p=[3,2,2,0,2,0,4123,1,1,2,1,0,4,2203,1,0,1] sig=B05D2:94DE08702A7E3D7B end=1
FJ	0	02:30:10.830	Core 01	2026.07.30 22:00:00   [AdaptiveSurvivalEA][BRAIN_UPDATE] schema=B05T1 h=1785445200 d=[3,5494,1,3821,3240,10000,39222,4124,5494] m=[4,2472,-1650,-1650,-1121,1,0,1198,4000,4182,-360,359,1882,-1882,2472,310909,358153,-47244] v=[1,8375,0,4124,1,1,18,11,16751,16,11,0,4061,15,15,0,385,9,9,169,0,4124,3104,3284,39222,31955,2274,6000,4124,56,2001,3526,1649] p=[3,2,2,0,4,0,2472,1,1,2,1,0,0,4124,1,0,0] sig=B05D2:AD2691CF877B5CBF end=1
EQ	0	02:30:10.830	Core 01	2026.07.30 23:00:00   [AdaptiveSurvivalEA][BRAIN_UPDATE] schema=B05T1 h=1785448800 d=[3,5492,1,3683,3289,10000,43332,4273,5492] m=[3,3052,580,580,-379,1,0,1886,5410,5574,-126,126,632,-632,3052,293230,310909,-17678] v=[1,7930,0,4273,1,1,17,11,15860,16,12,0,3487,15,14,0,712,9,9,0,333,4273,3531,2100,43332,35887,2075,4590,4273,0,1741,2629,1216] p=[3,2,2,0,3,0,3052,1,1,2,1,0,0,4273,1,0,0] sig=B05D2:8DCBF8EA23DD9533 end=1
QG	0	02:30:10.830	Core 01	2026.07.31 00:00:00   [AdaptiveSurvivalEA][BRAIN_UPDATE] schema=B05T1 h=1785452400 d=[3,5357,1,3342,3246,10000,43578,4043,5357] m=[2,5629,2576,2576,-4035,1,0,3467,6667,9425,-1518,1507,6563,-6563,5629,261698,293230,-31533] v=[1,7539,0,4043,1,1,17,11,15078,16,12,0,2996,15,14,0,972,9,8,0,670,4043,3085,3106,43578,32151,3554,3333,4043,0,2259,1986,897] p=[3,2,2,0,2,0,5629,1,1,2,1,0,0,4043,1,0,0] sig=B05D2:44BF9E3DF0BF4530 end=1
LI	0	02:30:10.830	Core 01	2026.07.31 01:00:00   [AdaptiveSurvivalEA][BRAIN_UPDATE] schema=B05T1 h=1785456000 d=[3,5020,1,2537,3017,10000,41987,3623,5020] m=[2,4832,-797,-797,-4190,1,0,3273,4685,7928,-1712,1696,6683,-6683,4832,244535,261698,-17163] v=[1,7121,0,3623,1,1,16,11,14241,16,13,0,2586,16,14,0,1284,9,8,0,900,3623,3219,1255,41987,35308,1892,5315,3623,0,1583,3390,669] p=[3,2,2,0,2,0,4832,1,1,2,1,0,0,3623,1,0,0] sig=B05D2:BAB101F52D6363F5 end=1
OI	0	02:30:10.830	Core 01	2026.07.31 02:00:00   [AdaptiveSurvivalEA][BRAIN_UPDATE] schema=B05T1 h=1785459600 d=[3,4566,1,1543,2602,10000,38009,3145,4566] m=[0,6351,1519,1519,-4734,1,0,4941,6783,10000,-2243,2206,7261,-7261,6351,245501,244535,966] v=[1,7042,0,3145,1,1,16,11,14084,16,13,0,2198,16,14,0,1320,10,8,0,1550,3145,3523,0,38009,37770,63,3217,3145,0,1026,2206,483] p=[3,2,2,0,0,0,6351,1,1,2,1,0,0,3145,1,0,0] sig=B05D2:FEF2FB9A89F9B023 end=1
HH	0	02:30:10.830	Core 01	2026.07.31 03:00:00   [AdaptiveSurvivalEA][BRAIN_UPDATE] schema=B05T1 h=1785463200 d=[2,4439,1,1091,2446,10000,42703,3425,4439] m=[0,2700,-3651,-3651,-3670,1,0,1117,2787,3115,-1813,1794,5546,-5546,2700,246338,245501,837] v=[0,6763,0,3425,1,1,15,11,13525,16,13,0,1834,16,14,0,1301,9,8,0,1704,3425,3798,0,42703,40130,641,7213,3425,0,1096,4743,336] p=[2,0,2,0,0,1,2700,1,0,0,0,0,0,3425,1,3,1] sig=B05D2:401EF762597EEBBC end=1
QJ	0	02:30:10.830	Core 01	2026.07.31 04:00:00   [AdaptiveSurvivalEA][BRAIN_UPDATE] schema=B05T1 h=1785466800 d=[3,4841,1,1535,3130,10000,64005,4174,4841] m=[2,4141,1441,1441,-4790,1,0,1098,1831,9859,-2668,2607,6972,-6972,4141,264236,246338,17898] v=[0,5256,0,4174,1,1,12,11,10512,16,14,0,1362,15,14,0,640,9,8,0,816,4174,3298,2657,64005,35972,7793,8169,4174,0,2654,4759,185] p=[3,0,2,0,2,0,4141,1,0,1,0,0,0,4174,1,0,0] sig=B05D2:A9FE4DF05ABD874F end=1
PM	0	02:30:10.830	Core 01	2026.07.31 05:00:00   [AdaptiveSurvivalEA][BRAIN_UPDATE] schema=B05T1 h=1785470400 d=[3,4689,1,1241,3366,10000,59010,3383,4689] m=[2,5428,1287,1287,-4928,1,0,5248,5408,6429,-3030,2940,6916,-6916,5428,285291,264236,21055] v=[0,4487,0,3383,1,1,10,11,8973,16,14,0,1092,15,15,0,13,9,9,0,74,3383,3983,0,59010,56962,360,4592,3383,0,308,3039,119] p=[3,1,2,0,2,0,5428,1,0,2,0,0,0,3383,1,0,0] sig=B05D2:7B5FC23A452D9ABE end=1
RF	0	02:30:10.830	Core 01	2026.07.31 06:00:00   [AdaptiveSurvivalEA][BRAIN_UPDATE] schema=B05T1 h=1785474000 d=[2,4384,1,534,3484,10000,48609,2579,4384] m=[2,4220,-1208,-1208,-4540,1,0,2215,3725,6863,-2798,2727,6354,-6354,4220,303539,285291,18248] v=[0,3818,0,2579,1,1,9,11,7637,15,14,0,848,14,15,579,0,8,9,916,0,2579,4081,0,48609,61957,0,6275,2579,498,170,4656,72] p=[2,0,2,0,2,0,4220,1,0,2,0,0,0,2579,1,3,1] sig=B05D2:8322A6FFBB188E2B end=1
DK	0	02:30:10.830	Core 01	2026.07.31 07:00:00   [AdaptiveSurvivalEA][BRAIN_UPDATE] schema=B05T1 h=1785477600 d=[3,4672,1,1400,3549,10000,48538,2687,4672] m=[0,6123,1903,1903,2313,1,0,11447,6190,6905,1365,1356,3270,3270,6123,271221,303539,-32319] v=[0,4050,0,2687,1,1,9,11,8099,15,14,0,654,14,15,980,0,8,9,667,0,2687,5233,0,48538,78873,0,3810,2687,549,131,2786,43] p=[3,0,2,0,0,0,6123,1,0,2,0,0,0,2687,1,0,0] sig=B05D2:869EBF7C3FEA1CC6 end=1
OM	0	02:30:10.830	Core 01	2026.07.31 08:00:00   [AdaptiveSurvivalEA][BRAIN_UPDATE] schema=B05T1 h=1785481200 d=[3,4924,1,2191,3879,10000,43679,2355,4924] m=[0,3108,-3014,-3014,748,1,0,3177,2090,7836,386,386,1111,1111,3108,237738,271221,-33483] v=[0,3934,0,2355,1,1,9,11,7867,15,15,0,458,14,16,1111,0,8,9,759,0,2355,5266,0,43679,80049,0,7910,2355,623,92,6048,21] p=[3,1,2,0,0,1,3108,1,0,2,0,0,0,2355,1,3,1] sig=B05D2:4F2031A8B7D5DD51 end=1
JE	0	02:30:10.830	Core 01	2026.07.31 09:00:00   [AdaptiveSurvivalEA][BRAIN_UPDATE] schema=B05T1 h=1785484800 d=[3,4963,1,2259,3548,10000,50612,2967,4963] m=[2,5046,1938,1938,2324,1,0,7551,3379,8082,1592,1579,3069,3069,5046,220362,237738,-17376] v=[0,4373,3,4657,1,1,10,11,8746,15,15,0,290,14,16,1000,0,8,9,634,0,2967,4891,0,50612,73361,0,6621,2967,545,58,4657,8] p=[3,2,2,0,2,0,5046,1,0,2,0,0,3,4657,1,3,0] sig=B05D2:49A749F0E7D615D6 end=1
KI	0	02:30:10.830	Core 01	2026.07.31 10:00:00   [AdaptiveSurvivalEA][BRAIN_UPDATE] schema=B05T1 h=1785488400 d=[2,-625,1,1043,2758,0,-16933,-1381,-625] m=[0,6398,1352,1352,-661,1,0,15268,7569,9037,-629,628,694,-694,6398,207589,220362,-12773] v=[0,4815,3,2095,1,1,11,11,9631,15,15,28,0,13,18,2889,0,7,11,3930,0,1381,5832,0,16933,84945,0,2431,1381,2283,0,2095,0] p=[2,0,2,0,0,0,6398,1,0,2,0,0,3,2095,1,3,0] sig=B05D2:9D61D629F77CBE2B end=1
HD	0	02:30:10.830	Core 01	2026.07.31 11:00:00   [AdaptiveSurvivalEA][BRAIN_UPDATE] schema=B05T1 h=1785492000 d=[2,63,1,-815,1914,0,-1012,-95,63] m=[0,4080,-2318,-2318,-992,1,0,3130,4789,9014,-902,900,1084,-1084,4080,210500,207589,2911] v=[0,4834,3,5162,1,1,11,11,9669,15,15,312,0,11,16,3103,0,6,9,3704,0,95,2789,0,1012,30843,0,5211,95,2373,0,5162,0] p=[2,0,2,0,0,1,4080,1,0,2,0,0,3,5162,1,3,0] sig=B05D2:2BEFD8EC6ABC6469 end=1
NO	0	02:30:10.830	Core 01	2026.07.31 12:00:00   [AdaptiveSurvivalEA][BRAIN_UPDATE] schema=B05T1 h=1785495600 d=[2,-2388,1,-2316,1032,0,-30457,-3129,-2388] m=[0,8587,4507,4507,-5900,1,0,14247,9543,9657,-5460,4975,6824,-6824,8587,245654,210500,35154] v=[0,5206,3,314,1,1,12,11,10412,14,15,596,0,11,16,3367,0,6,10,4194,0,3129,3674,0,30457,40679,0,457,3129,2719,0,314,0] p=[2,0,2,0,0,0,8587,1,0,2,0,0,3,314,1,0,1] sig=B05D2:F4BFDAF42E310EE3 end=1
DD	0	02:30:10.830	Core 01	2026.07.31 13:00:00   [AdaptiveSurvivalEA][BRAIN_UPDATE] schema=B05T1 h=1785499200 d=[2,-2817,1,-3122,532,0,-33453,-3643,-2817] m=[0,4446,-4141,-4141,-4790,1,0,2676,3404,7447,-4349,4094,5485,-5485,4446,284045,245654,38390] v=[0,5301,3,4193,1,1,12,11,10603,14,15,865,0,11,16,3073,0,5,9,4128,0,3643,3358,848,33453,34617,0,6596,3643,2689,170,4193,0] p=[2,0,2,0,0,1,4446,1,0,2,0,0,3,4193,1,3,0] sig=B05D2:FBBB19E4DC12044F end=1
LH	0	02:30:10.830	Core 01	2026.07.31 14:00:00   [AdaptiveSurvivalEA][BRAIN_UPDATE] schema=B05T1 h=1785502800 d=[1,-4737,1,-3451,-69,-10000,-42412,-4831,-4737] m=[0,7400,2954,2954,-7614,1,0,14520,4424,7551,-7415,6301,8927,-8927,7400,328311,284045,44267] v=[0,6539,3,2882,1,1,15,11,13077,14,15,1081,0,12,16,2176,0,7,9,2966,0,4831,3655,3215,42412,35721,1873,5576,4831,2074,1018,2882,0] p=[1,0,2,0,0,0,7400,1,0,2,0,0,3,2882,1,0,1] sig=B05D2:ACAAB8446B4D8184 end=1
QD	0	02:30:10.830	Core 01	2026.07.31 15:00:00   [AdaptiveSurvivalEA][BRAIN_UPDATE] schema=B05T1 h=1785506400 d=[2,-666,1,-1808,309,10000,-18017,-1909,-666] m=[1,6575,-826,-826,-101,1,0,21866,8542,9544,-105,105,97,-97,6575,361635,328311,33324] v=[1,7529,3,1180,1,1,17,11,15058,14,16,1226,0,14,16,985,0,8,9,1090,0,1909,3520,0,18017,33289,0,1458,1909,1100,0,1180,0] p=[2,0,2,0,1,0,6575,1,1,0,1,0,3,1180,1,3,0] sig=B05D2:DCC8C2FD81F6EC38 end=1
IM	0	02:30:10.830	Core 01	2026.07.31 16:00:00   [AdaptiveSurvivalEA][BRAIN_UPDATE] schema=B05T1 h=1785510000 d=[2,1139,1,1148,1402,10000,-7324,-766,1139] m=[1,5852,-723,-723,1750,1,0,7492,6147,9587,1778,1759,1741,1741,5852,349689,361635,-11946] v=[1,7796,3,3558,1,1,18,11,15592,14,16,1333,0,15,16,450,0,9,9,584,0,766,3527,0,7324,33353,0,3853,766,789,0,3558,0] p=[2,0,2,0,1,1,5852,1,1,1,1,0,3,3558,1,3,0] sig=B05D2:82EE32B2391F999 end=1
KD	0	02:30:10.830	Core 01	2026.07.31 17:00:00   [AdaptiveSurvivalEA][BRAIN_UPDATE] schema=B05T1 h=1785513600 d=[2,1533,1,1709,1621,10000,-5796,-618,1533] m=[4,2182,-3670,-3670,3785,1,0,502,1286,3000,3533,3393,4178,4178,2182,335606,349689,-14084] v=[1,7766,3,8176,1,1,18,12,15532,14,16,1425,0,15,15,247,0,8,9,497,0,618,3909,0,5796,36188,0,8714,618,723,0,8176,0] p=[2,0,2,0,4,0,2182,1,1,2,1,0,3,8176,1,3,0] sig=B05D2:DCAF085D83F41579 end=1
FS	0	02:30:10.830	Core 01	2026.07.31 18:00:00   [AdaptiveSurvivalEA][BRAIN_UPDATE] schema=B05T1 h=1785517200 d=[2,3270,1,2238,1795,10000,4231,439,3270] m=[0,7086,4904,4904,4704,1,0,8515,7816,7961,4718,4396,5011,5011,7086,305061,335606,-30544] v=[1,8123,3,2089,1,1,19,12,16246,14,16,1438,0,16,15,0,348,9,9,0,448,439,4124,0,4231,39222,0,2184,439,479,159,2089,0] p=[2,0,2,0,0,0,7086,1,1,2,1,0,3,2089,1,3,0] sig=B05D2:B92F7818EAF40281 end=1
KM	0	02:30:10.830	Core 01	2026.07.31 19:00:00   [AdaptiveSurvivalEA][BRAIN_UPDATE] schema=B05T1 h=1785520800 d=[2,2959,1,2684,1989,10000,1102,116,2959] m=[0,4124,-2962,-2962,7424,1,0,1469,2353,4706,6643,5812,9035,9035,4124,278590,305061,-26472] v=[1,8121,3,7559,1,1,19,12,16243,14,16,1404,0,16,15,0,463,9,9,0,254,116,4273,0,1102,43332,0,7647,116,468,143,7559,0] p=[2,0,2,0,0,1,4124,1,1,2,1,0,3,7559,1,3,0] sig=B05D2:EFB1CC7A67BBA366 end=1
FI	0	02:30:10.830	Core 01	2026.07.31 20:00:00   [AdaptiveSurvivalEA][BRAIN_UPDATE] schema=B05T1 h=1785524400 d=[2,3333,1,2299,1844,10000,4446,488,3333] m=[4,2784,-1340,-1340,5323,1,0,310,659,4725,2730,2664,7982,7982,2784,255647,278590,-22942] v=[1,8174,3,8885,1,1,19,12,16348,14,16,1335,0,16,15,0,394,9,9,200,0,488,4043,0,4446,43578,0,9341,488,512,79,8885,0] p=[2,0,2,0,4,0,2784,1,1,2,1,0,3,8885,1,3,0] sig=B05D2:A7BC3692888490B4 end=1
LJ	0	02:30:10.830	Core 01	2026.08.02 21:05:00   [AdaptiveSurvivalEA][BRAIN_UPDATE] schema=B05T1 h=1785528000 d=[2,3344,1,1938,1691,10000,5548,632,3344] m=[3,3099,314,314,2881,1,0,1412,1186,7924,1029,1025,4737,4737,3099,258402,255647,2755] v=[1,8307,3,8256,1,1,20,12,16614,14,16,1224,0,17,16,0,590,9,9,543,0,632,3623,0,5548,41987,0,8814,632,589,118,8256,0] p=[2,0,2,0,3,0,3099,1,1,2,1,0,3,8256,1,3,0] sig=B05D2:DCAF6342D5DDD242 end=1
JJ	0	02:30:10.830	Core 01	2026.08.02 22:00:00   [AdaptiveSurvivalEA][BRAIN_UPDATE] schema=B05T1 h=1785704400 d=[2,4394,1,2425,1883,10000,17945,1974,4394] m=[4,2456,-643,-643,4199,1,0,346,1707,3415,1028,1025,7374,7374,2456,261483,258402,3081] v=[1,8403,3,6656,1,1,20,12,16805,14,16,1094,0,16,16,0,235,8,10,1253,0,1974,3145,0,17945,38009,0,8293,1974,782,47,6656,0] p=[2,0,2,0,4,0,2456,1,1,2,1,0,3,6656,1,3,0] sig=B05D2:2ADB6C05BB61F470 end=1
IL	0	02:30:10.830	Core 01	2026.08.02 23:00:00   [AdaptiveSurvivalEA][BRAIN_UPDATE] schema=B05T1 h=1785708000 d=[3,4715,1,3222,2265,10000,18530,1970,4715] m=[3,2967,511,511,2595,1,0,665,1066,7705,-717,715,5906,5906,2967,292757,261483,31274] v=[1,8052,3,7175,1,1,20,12,16105,14,16,955,0,17,16,0,492,8,9,1218,0,1970,3425,0,18530,42703,0,8934,1970,724,98,7175,0] p=[3,0,2,0,3,0,2967,1,1,2,1,0,3,7175,1,3,0] sig=B05D2:40FA823EF389577F end=1
PJ	0	02:30:10.830	Core 01	2026.08.03 00:00:00   [AdaptiveSurvivalEA][BRAIN_UPDATE] schema=B05T1 h=1785711600 d=[3,4531,1,2920,2226,10000,16272,1619,4531] m=[2,4307,1340,1340,1912,1,0,2363,4889,8222,-924,921,4745,4745,4307,292290,292757,-467] v=[1,7623,3,4283,1,1,19,12,15246,15,16,637,0,17,15,0,878,8,9,656,0,1619,4174,0,16272,64005,0,5111,1619,431,176,4283,0] p=[3,1,2,0,2,0,4307,1,1,2,1,0,3,4283,1,3,0] sig=B05D2:F2201686B654F984 end=1
OH	0	02:30:10.830	Core 01	2026.08.03 01:00:00   [AdaptiveSurvivalEA][BRAIN_UPDATE] schema=B05T1 h=1785715200 d=[2,4330,1,2231,1916,10000,17634,1893,4330] m=[4,2373,-1934,-1934,1481,1,0,663,616,6445,-1070,1066,4029,4029,2373,270767,292290,-21523] v=[1,7968,3,7608,1,1,20,12,15937,15,16,268,0,17,15,0,1561,8,9,591,0,1893,3383,0,17634,59010,0,9384,1893,286,312,7608,0] p=[2,0,2,0,4,0,2373,1,1,2,1,0,3,7608,1,3,0] sig=B05D2:6BC4DCF6C3CA3082 end=1
OG	0	02:30:10.830	Core 01	2026.08.03 02:00:00   [AdaptiveSurvivalEA][BRAIN_UPDATE] schema=B05T1 h=1785718800 d=[2,3850,1,1474,1622,10000,13328,1358,3850] m=[2,5144,2771,2771,-429,1,0,5383,6604,8616,-1866,1845,986,986,5144,235076,270767,-35691] v=[1,7857,3,2935,1,1,20,12,15715,16,15,0,185,18,14,0,2520,9,8,0,780,1358,2579,0,13328,48609,0,3396,1358,0,697,2935,3] p=[2,0,2,0,2,0,5144,1,1,2,1,0,3,2935,1,3,0] sig=B05D2:3C31375F409872E2 end=1
NG	0	02:30:10.830	Core 01	2026.08.03 03:00:00   [AdaptiveSurvivalEA][BRAIN_UPDATE] schema=B05T1 h=1785722400 d=[2,3101,1,769,1336,10000,7191,763,3101] m=[4,3516,-1628,-1628,-4981,1,0,724,2029,6667,-1956,1931,8031,-8031,3516,215618,235076,-19458] v=[1,7721,3,7363,1,1,19,13,15443,16,15,0,604,17,14,0,2439,8,8,0,92,763,2687,0,7191,48538,0,7971,763,0,627,7363,36] p=[2,0,2,0,4,0,3516,1,1,2,1,0,3,7363,1,3,0] sig=B05D2:F7F69D363BB03BE4 end=1
OJ	0	02:30:10.830	Core 01	2026.08.03 04:00:00   [AdaptiveSurvivalEA][BRAIN_UPDATE] schema=B05T1 h=1785726000 d=[2,3307,1,686,1476,10000,9478,847,3307] m=[3,3379,-137,-137,-6144,1,0,743,3000,3000,-2329,2288,10000,-10000,3379,217565,215618,1947] v=[0,6410,3,6407,1,1,16,13,12820,17,15,0,943,17,14,0,2080,8,8,0,25,847,2355,0,9478,43679,0,7000,847,0,610,6407,89] p=[2,0,2,0,3,0,3379,1,0,0,0,0,3,6407,1,3,0] sig=B05D2:C8D3EA2DD98A63AA end=1
LL	0	02:30:10.830	Core 01	2026.08.03 05:00:00   [AdaptiveSurvivalEA][BRAIN_UPDATE] schema=B05T1 h=1785729600 d=[2,3408,1,965,1784,10000,9013,687,3408] m=[2,4616,1237,1237,-3385,1,0,3103,5676,7027,-1507,1496,5275,-5275,4616,197625,217565,-19940] v=[0,5353,3,4027,1,1,14,13,10707,17,15,0,1143,16,14,0,1247,8,8,395,0,687,2967,0,9013,50612,0,4324,687,132,478,4027,131] p=[2,0,2,0,2,0,4616,1,0,1,0,0,3,4027,1,3,0] sig=B05D2:549484B6D974B8E8 end=1
RI	0	02:30:10.830	Core 01	2026.08.03 06:00:00   [AdaptiveSurvivalEA][BRAIN_UPDATE] schema=B05T1 h=1785733200 d=[2,4245,1,1520,2103,10000,25696,1944,4245] m=[2,4213,-403,-403,-1810,1,0,2417,4918,9180,-951,948,2673,-2673,4213,190566,197625,-7059] v=[0,4894,3,4094,1,1,12,13,9788,17,15,0,1354,15,13,0,2071,7,7,0,1087,1944,1381,4075,25696,16933,5175,5082,1944,0,2752,4094,183] p=[2,0,2,0,2,0,4213,1,0,2,0,0,3,4094,1,3,0] sig=B05D2:75D9D7CF52E5F30A end=1
GN	0	02:30:10.830	Core 01	2026.08.03 07:00:00   [AdaptiveSurvivalEA][BRAIN_UPDATE] schema=B05T1 h=1785736800 d=[2,2312,1,779,1711,0,19175,1455,2312] m=[2,5837,1625,1625,-1792,1,0,7932,6867,8000,-878,876,2709,-2709,5837,172880,190566,-17686] v=[0,5098,3,2677,1,1,13,13,10196,17,15,0,1650,16,11,0,3857,8,6,0,3362,1455,95,10000,19175,1012,10000,3133,1455,0,5774,2677,272] p=[2,0,2,0,2,0,5837,1,0,2,0,0,3,2677,1,2,1] sig=B05D2:9E39C6C4F7A0E847 end=1
LK	0	02:30:10.830	Core 01	2026.08.03 08:00:00   [AdaptiveSurvivalEA][BRAIN_UPDATE] schema=B05T1 h=1785740400 d=[2,2204,1,-107,1381,0,33237,2645,2204] m=[4,1705,-4133,-4133,-1585,1,0,324,348,5304,-762,761,2410,-2410,1705,169225,172880,-3655] v=[0,4824,3,7099,1,1,12,13,9647,17,14,0,1922,15,11,0,4146,7,6,0,2040,2645,3129,0,33237,30457,913,9652,2645,0,1804,7099,369] p=[2,0,2,0,4,0,1705,1,0,2,0,0,3,7099,1,3,0] sig=B05D2:DF778F8D6FDB7409 end=1
PL	0	02:30:10.830	Core 01	2026.08.03 09:00:00   [AdaptiveSurvivalEA][BRAIN_UPDATE] schema=B05T1 h=1785744000 d=[2,1995,1,-434,1228,0,28451,2196,1995] m=[2,4337,2632,2632,-2242,1,0,3170,5429,7571,-1218,1212,3273,-3273,4337,166057,169225,-3168] v=[0,4669,3,3568,1,1,12,13,9338,17,14,0,2192,15,11,0,4056,7,5,0,2577,2196,3643,0,28451,33453,0,4571,2196,0,1765,3568,481] p=[2,0,2,0,2,0,4337,1,0,2,0,0,3,3568,1,3,0] sig=B05D2:B889B3F6EF7C2072 end=1
NG	0	02:30:10.830	Core 01	2026.08.03 10:00:00   [AdaptiveSurvivalEA][BRAIN_UPDATE] schema=B05T1 h=1785747600 d=[2,2165,1,-704,1040,0,45674,4113,2165] m=[4,2952,-1385,-1385,-4251,1,0,248,286,7714,-1953,1928,6575,-6575,2952,148374,166057,-17683] v=[0,4689,3,5719,1,1,12,13,9378,17,14,0,2282,13,12,0,761,6,7,1022,0,4113,4831,0,45674,42412,769,9714,4113,341,762,5719,521] p=[2,0,2,0,4,0,2952,1,0,2,0,0,3,5719,1,3,0] sig=B05D2:903B385FF76B4659 end=1
JM	0	02:30:10.830	Core 01	2026.08.03 11:00:00   [AdaptiveSurvivalEA][BRAIN_UPDATE] schema=B05T1 h=1785751200 d=[2,1703,1,-746,1084,0,16052,1818,1703] m=[3,3212,260,260,-6318,1,0,0,0,6582,-2700,2636,10000,-10000,3212,152823,148374,4449] v=[0,4240,3,8182,1,1,11,13,8480,17,14,0,2152,12,14,1850,0,4,8,5096,0,1818,1909,0,16052,18017,0,10000,1818,2315,430,8182,463] p=[2,0,2,0,3,0,3212,1,0,2,0,0,3,8182,1,3,0] sig=B05D2:BD544424C25355D3 end=1
EG	0	02:30:10.830	Core 01	2026.08.03 12:00:00   [AdaptiveSurvivalEA][BRAIN_UPDATE] schema=B05T1 h=1785754800 d=[2,3490,1,230,1475,10000,13838,1547,3490] m=[0,7250,4039,4039,2439,1,0,9830,8443,9754,1107,1103,3775,3775,7250,146072,152823,-6751] v=[0,4040,3,1316,1,1,10,13,8080,16,14,0,1941,11,15,2554,0,4,9,5538,0,1547,766,10000,13838,7324,8893,1557,1547,2697,4167,1316,377] p=[2,0,2,0,0,0,7250,1,0,2,0,0,3,1316,1,2,1] sig=B05D2:42CFE41622C5AF25 end=1
KM	0	02:30:10.830	Core 01	2026.08.03 13:00:00   [AdaptiveSurvivalEA][BRAIN_UPDATE] schema=B05T1 h=1785758400 d=[2,3466,1,752,1639,10000,10388,1120,3466] m=[0,3226,-4025,-4025,684,1,0,4098,3468,5645,362,362,1005,1005,3226,148925,146072,2854] v=[0,4034,3,5800,1,1,10,13,8067,16,14,0,1720,11,15,2392,0,4,8,5262,0,1120,618,8139,10388,5796,7922,6532,1120,2551,3556,5800,296] p=[2,0,2,0,0,1,3226,1,0,2,0,0,3,5800,1,3,0] sig=B05D2:94A1593CD55B0867 end=1
QD	0	02:30:10.830	Core 01	2026.08.03 14:00:00   [AdaptiveSurvivalEA][BRAIN_UPDATE] schema=B05T1 h=1785762000 d=[2,1075,1,229,1352,10000,-5278,-698,1075] m=[4,1995,-1230,-1230,2053,1,0,556,451,5639,944,942,3165,3165,1995,146775,148925,-2150] v=[0,4141,3,8883,1,1,11,13,8283,15,14,0,1397,11,16,2988,0,3,9,6474,0,698,439,5890,5278,4231,2473,9549,698,3154,1952,8883,195] p=[2,0,2,0,4,0,1995,1,0,2,0,0,3,8883,1,3,0] sig=B05D2:4BFACA44528B75BD end=1
CR	0	02:30:10.830	Core 01	2026.08.03 15:00:00   [AdaptiveSurvivalEA][BRAIN_UPDATE] schema=B05T1 h=1785765600 d=[2,-1758,1,-1053,811,0,-15756,-1793,-1758] m=[0,6511,4516,4516,-2090,1,0,12054,7341,7746,-1386,1377,2803,-2803,6511,147622,146775,846] v=[0,4031,3,2182,1,1,11,13,8063,15,14,0,1020,11,16,2946,0,4,9,5920,0,1793,116,10000,15756,1102,10000,2659,1793,2955,4204,2182,104] p=[2,0,2,0,0,0,6511,1,0,2,0,0,3,2182,1,2,1] sig=B05D2:199A0D8014D9DC29 end=1
HD	0	02:30:10.830	Core 01	2026.08.03 16:00:00   [AdaptiveSurvivalEA][BRAIN_UPDATE] schema=B05T1 h=1785769200 d=[2,-4045,1,-2633,103,-10000,-21168,-2277,-4045] m=[0,3500,-3011,-3011,-3012,1,0,4330,3237,3525,-2271,2233,3791,-3791,3500,174944,147622,27322] v=[0,3970,3,5222,1,1,10,13,7939,15,14,0,590,12,16,2806,0,4,9,5578,0,2277,488,10000,21168,4446,10000,6763,2277,2795,4118,5222,35] p=[2,0,2,0,0,1,3500,1,0,2,0,0,3,5222,1,3,0] sig=B05D2:A6184BB3D12D232A end=1
NM	0	02:30:10.830	Core 01	2026.08.03 17:00:00   [AdaptiveSurvivalEA][BRAIN_UPDATE] schema=B05T1 h=1785772800 d=[2,-4225,1,-3048,-170,-10000,-21077,-2261,-4225] m=[2,5071,1571,1571,-7229,1,0,2610,4355,5806,-4796,4459,10000,-10000,5071,198623,174944,23679] v=[0,3944,3,4369,1,1,10,13,7889,14,14,0,101,11,17,3596,0,4,9,5523,0,2261,632,10000,21077,5548,10000,5645,2261,3040,4020,4369,1] p=[2,0,2,0,2,0,5071,1,0,2,0,0,3,4369,1,3,0] sig=B05D2:C8A3B4C24BD0A477 end=1
DO	0	02:30:10.830	Core 01	2026.08.03 18:00:00   [AdaptiveSurvivalEA][BRAIN_UPDATE] schema=B05T1 h=1785776400 d=[1,-4886,1,-3399,-439,-10000,-42430,-5298,-4886] m=[0,7320,2249,2249,-7261,1,0,4778,8772,8772,-4874,4521,10000,-10000,7320,235957,198623,37333] v=[0,3985,3,577,1,1,10,13,7971,14,14,400,0,11,16,3402,0,4,8,5075,0,5298,1974,10000,42430,17945,10000,1228,5298,2959,4000,577,0] p=[1,0,2,0,0,0,7320,1,0,2,0,0,3,577,1,0,1] sig=B05D2:DD841F5FAA847D15 end=1
IP	0	02:30:10.830	Core 01	2026.08.03 19:00:00   [AdaptiveSurvivalEA][BRAIN_UPDATE] schema=B05T1 h=1785780000 d=[2,-2801,1,-2391,-171,0,-32011,-3726,-2801] m=[1,7428,107,107,-3117,1,0,10486,8702,9084,-2484,2434,3801,-3801,7428,229790,235957,-6166] v=[0,4135,0,3726,1,1,11,13,8271,13,14,845,0,11,17,3496,0,5,8,4456,0,3726,1970,8918,32011,18530,7275,1298,3726,2932,3239,814,0] p=[2,0,2,0,1,0,7428,1,0,2,0,0,0,3726,1,0,0] sig=B05D2:BA4CD9A34DA1F02 end=1
GJ	0	02:30:10.830	Core 01	2026.08.03 20:00:00   [AdaptiveSurvivalEA][BRAIN_UPDATE] schema=B05T1 h=1785783600 d=[2,-2430,1,-1435,139,0,-30793,-3624,-2430] m=[1,4228,-3199,-3199,-1062,1,0,2959,6038,8302,-740,738,1386,-1386,4228,223306,229790,-6484] v=[0,4111,0,3624,1,1,11,13,8223,13,15,1320,0,11,17,3643,0,5,8,4629,0,3624,1619,10000,30793,16272,8924,3962,3624,3197,3785,2527,0] p=[2,0,2,0,1,1,4228,1,0,2,0,0,0,3624,1,0,0] sig=B05D2:B57DE5BE2A64432 end=1
CG	0	02:30:10.830	Core 01	2026.08.03 21:01:00   [AdaptiveSurvivalEA][BRAIN_UPDATE] schema=B05T1 h=1785787200 d=[2,-4240,1,-2113,-155,-10000,-36384,-3857,-4240] m=[2,5749,1520,1520,-1091,1,0,4647,9038,10000,-831,829,1353,-1353,5749,243691,223306,20385] v=[0,3846,0,3857,1,1,10,13,7691,12,15,1903,0,10,17,4310,0,5,8,4293,0,3857,1893,10000,36384,17634,10000,962,3857,3502,4000,591,0] p=[2,0,2,0,2,0,5749,1,0,2,0,0,0,3857,1,0,0] sig=B05D2:CA17A19B2CFB24C2 end=1
MQ	0	02:30:10.830	Core 01	2026.08.03 22:00:00   [AdaptiveSurvivalEA][BRAIN_UPDATE] schema=B05T1 h=1785790800 d=[2,-2476,1,-2021,-161,0,-22883,-2455,-2476] m=[2,5851,103,103,876,1,0,4577,9778,10000,603,603,1150,1150,5851,261358,243691,17667] v=[0,3658,0,2455,1,1,10,13,7316,12,16,2497,0,9,18,4802,0,4,9,4925,0,2455,1358,8075,22883,13328,7168,222,2455,4075,3049,168,0] p=[2,0,2,0,2,0,5851,1,0,2,0,0,0,2455,1,1,1] sig=B05D2:B153075E5FDB97FF end=1
RD	0	02:30:10.830	Core 01	2026.08.03 23:00:00   [AdaptiveSurvivalEA][BRAIN_UPDATE] schema=B05T1 h=1785794400 d=[2,-3815,1,-1560,-33,-10000,-23422,-2464,-3815] m=[4,3615,-2237,-2237,1929,1,0,2544,5333,5333,1166,1161,2698,2698,3615,261653,261358,295] v=[0,3593,1,4116,1,1,9,13,7185,11,16,3037,0,9,17,4723,0,4,8,4588,0,2464,763,10000,23422,7191,10000,4667,2464,4116,4000,3517,0] p=[2,0,2,0,4,0,3615,1,0,2,0,0,1,4116,1,1,0] sig=B05D2:1EC4E59EB5211FB0 end=1
PL	0	02:30:10.830	Core 01	2026.08.04 00:00:00   [AdaptiveSurvivalEA][BRAIN_UPDATE] schema=B05T1 h=1785798000 d=[2,-3948,1,-1832,-177,-10000,-25374,-2522,-3948] m=[2,4075,460,460,-2945,1,0,2003,4286,8095,-1714,1697,4194,-4194,4075,267133,261653,5481] v=[0,3425,1,4158,1,1,9,13,6849,11,17,3405,0,9,17,4570,0,5,8,4499,0,2522,847,10000,25374,9478,10000,5714,2522,4158,4000,4273,0] p=[2,0,2,0,2,0,4075,1,0,2,0,0,1,4158,1,1,0] sig=B05D2:BB5E0FD7F4980C7 end=1
EQ	0	02:30:10.830	Core 01	2026.08.04 01:00:00   [AdaptiveSurvivalEA][BRAIN_UPDATE] schema=B05T1 h=1785801600 d=[2,-4149,1,-1977,-312,-10000,-31293,-3273,-4149] m=[4,3399,-676,-676,-2447,1,0,1745,1524,9238,-1330,1322,3571,-3571,3399,239302,267133,-27831] v=[0,3498,1,4130,1,1,9,13,6996,11,17,3608,0,9,16,4230,0,4,8,4551,0,3273,687,10000,31293,9013,10000,8476,3273,4130,4000,5702,0] p=[2,0,2,0,4,0,3399,1,0,2,0,0,1,4130,1,3,1] sig=B05D2:DA74C6BD4D3EBB2A end=1
JG	0	02:30:10.830	Core 01	2026.08.04 02:00:00   [AdaptiveSurvivalEA][BRAIN_UPDATE] schema=B05T1 h=1785805200 d=[2,-2275,1,-1224,-69,0,-26957,-2707,-2275] m=[2,5812,2413,2413,2639,1,0,7826,5714,8175,1261,1254,4024,4024,5812,226172,239302,-13130] v=[0,3511,1,3741,1,1,9,13,7021,11,17,3733,0,10,15,3724,0,5,7,3764,0,2707,1944,3928,26957,25696,490,4286,2707,3741,884,3125,0] p=[2,0,2,0,2,0,5812,1,0,2,0,0,1,3741,1,1,0] sig=B05D2:97F4A399B0EAF8FF end=1
GD	0	02:30:10.830	Core 01	2026.08.04 03:00:00   [AdaptiveSurvivalEA][BRAIN_UPDATE] schema=B05T1 h=1785808800 d=[2,-3521,1,-848,60,-10000,-21126,-2169,-3521] m=[2,4942,-870,-870,-933,1,0,4682,6613,9194,-617,616,1250,-1250,4942,214792,226172,-11380] v=[0,3344,1,4168,1,1,9,13,6689,10,17,3896,0,9,16,4161,0,4,8,4447,0,2169,1455,4903,21126,19175,1017,3387,2169,4168,1184,2652,0] p=[2,0,2,0,2,0,4942,1,0,2,0,0,1,4168,1,1,0] sig=B05D2:E706D6BE92089199 end=1
FR	0	02:30:10.830	Core 01	2026.08.04 04:00:00   [AdaptiveSurvivalEA][BRAIN_UPDATE] schema=B05T1 h=1785812400 d=[2,-3694,1,-1283,-133,-10000,-21603,-2113,-3694] m=[4,365,-4577,-4577,-197,1,0,121,149,1194,-48,48,345,-345,365,207865,214792,-6927] v=[0,3166,1,4013,1,1,8,13,6332,10,17,4026,0,9,15,4203,0,4,7,3811,0,2113,2645,0,21603,33237,0,9851,2113,4013,0,7769,0] p=[2,0,2,0,4,0,365,1,0,2,0,0,1,4013,1,3,1] sig=B05D2:69FAAC08C43E8243 end=1
JG	0	02:30:10.830	Core 01	2026.08.04 05:00:00   [AdaptiveSurvivalEA][BRAIN_UPDATE] schema=B05T1 h=1785816000 d=[2,-1927,1,-1027,-32,0,-16455,-1466,-1927] m=[2,4067,3701,3701,1659,1,0,2967,4231,8846,1025,1021,2297,2297,4067,221681,207865,13816] v=[0,2836,1,4110,1,1,7,13,5672,10,17,4161,0,9,15,4216,0,4,7,3954,0,1466,2196,0,16455,28451,0,5769,1466,4110,0,4923,0] p=[2,0,2,0,2,0,4067,1,0,2,0,0,1,4110,1,1,0] sig=B05D2:8888F7B0A492F397 end=1
QN	0	02:30:10.830	Core 01	2026.08.04 06:00:00   [AdaptiveSurvivalEA][BRAIN_UPDATE] schema=B05T1 h=1785819600 d=[2,-3583,1,-1138,-90,-10000,-21617,-1735,-3583] m=[4,3513,-554,-554,916,1,0,4497,4697,4697,667,666,1166,1166,3513,248306,221681,26625] v=[0,2640,1,3475,1,1,7,13,5280,10,17,4267,0,9,13,3541,0,4,6,2618,0,1735,4113,0,21617,45674,0,5303,1735,3475,0,4383,0] p=[2,0,2,0,4,0,3513,1,0,2,0,0,1,3475,1,1,0] sig=B05D2:C4713EB157962E32 end=1
II	0	02:30:10.830	Core 01	2026.08.04 07:00:00   [AdaptiveSurvivalEA][BRAIN_UPDATE] schema=B05T1 h=1785823200 d=[2,-3723,1,-1464,-267,-10000,-21505,-1735,-3723] m=[4,2125,-1388,-1388,-3454,1,0,144,149,5075,-1386,1377,5532,-5532,2125,269678,248306,21371] v=[0,2657,1,2291,1,1,7,13,5313,9,17,4282,0,9,12,2592,0,4,4,0,882,1735,1818,0,21505,16052,3397,9851,1735,2291,856,8142,0] p=[2,0,2,0,4,0,2125,1,0,2,0,0,1,2291,1,3,1] sig=B05D2:CD6E751B39B7A18D end=1
NM	0	02:30:10.830	Core 01	2026.08.04 08:00:00   [AdaptiveSurvivalEA][BRAIN_UPDATE] schema=B05T1 h=1785826800 d=[2,-2157,1,-800,-55,0,-29726,-2743,-2157] m=[3,3320,1196,1196,1774,1,0,4658,3119,4220,740,738,2809,2809,3320,234861,269678,-34816] v=[0,2801,3,4993,1,1,7,13,5602,9,16,4249,0,9,11,2332,0,4,4,0,419,2743,1547,7728,29726,13838,10000,6881,2743,2194,3629,4993,0] p=[2,0,2,0,3,0,3320,1,0,2,0,0,3,4993,1,3,0] sig=B05D2:29DC89C0B043781B end=1
IH	0	02:30:10.830	Core 01	2026.08.04 09:00:00   [AdaptiveSurvivalEA][BRAIN_UPDATE] schema=B05T1 h=1785830400 d=[2,-3570,1,-637,-5,-10000,-28777,-2584,-3570] m=[3,3432,112,112,-115,1,0,4029,3415,7683,-58,58,172,-172,3432,204687,234861,-30174] v=[0,2668,3,4884,1,1,7,13,5337,9,16,4226,0,8,11,2697,0,4,4,213,0,2584,1120,10000,28777,10388,10000,6585,2584,2379,4000,4884,0] p=[2,0,2,0,3,0,3432,1,0,2,0,0,3,4884,1,3,0] sig=B05D2:BC43C6F5122F129B end=1
PN	0	02:30:10.830	Core 01	2026.08.04 10:00:00   [AdaptiveSurvivalEA][BRAIN_UPDATE] schema=B05T1 h=1785834000 d=[2,-3688,1,-934,-158,-10000,-27413,-2545,-3688] m=[4,1636,-1796,-1796,-1585,1,0,0,0,5802,-671,670,2500,-2500,1636,201678,204687,-3009] v=[0,2744,3,7455,1,1,7,13,5489,9,15,4193,0,8,11,2691,0,4,3,0,2056,2545,698,10000,27413,5278,10000,10000,2545,2295,4411,7455,0] p=[2,0,2,0,4,0,1636,1,0,2,0,0,3,7455,1,3,0] sig=B05D2:955FDF7AC09FF4AD end=1
HS	0	02:30:10.830	Core 01	2026.08.04 11:00:00   [AdaptiveSurvivalEA][BRAIN_UPDATE] schema=B05T1 h=1785837600 d=[2,1475,1,-68,157,10000,-264,-29,1475] m=[2,5321,3685,3685,3497,1,0,7514,5044,5664,1687,1672,5323,5323,5321,195458,201678,-6220] v=[0,2910,3,4941,1,1,8,13,5820,9,15,4126,0,8,11,3130,0,4,4,499,0,29,1793,0,264,15756,0,4956,29,2585,0,4941,0] p=[2,0,2,0,2,0,5321,1,0,2,0,0,3,4941,1,3,0] sig=B05D2:ABB2EF62F6A95EA6 end=1
KN	0	02:30:10.830	Core 01	2026.08.04 12:00:00   [AdaptiveSurvivalEA][BRAIN_UPDATE] schema=B05T1 h=1785841200 d=[2,3083,1,904,536,10000,8373,1015,3083] m=[4,3136,-2185,-2185,4114,1,0,2709,1833,3833,2093,2063,6164,6164,3136,208924,195458,13465] v=[0,3113,3,7338,1,1,8,13,6226,9,15,4024,0,8,12,3355,0,3,4,1269,0,1015,2277,0,8373,21168,0,8167,1015,2883,0,7338,0] p=[2,0,2,0,4,0,3136,1,0,2,0,0,3,7338,1,3,0] sig=B05D2:2C52A6AE147AF1E2 end=1
MJ	0	02:30:10.830	Core 01	2026.08.04 13:00:00   [AdaptiveSurvivalEA][BRAIN_UPDATE] schema=B05T1 h=1785844800 d=[2,3146,1,871,529,10000,9051,1165,3146] m=[3,3172,35,35,1982,1,0,1763,1515,8788,846,844,3120,3120,3172,220594,208924,11670] v=[0,3257,3,7496,1,1,9,13,6514,9,14,3888,0,8,11,2641,0,3,4,1412,0,1165,2261,0,9051,21077,0,8485,1165,2647,0,7496,0] p=[2,0,2,0,3,0,3172,1,0,2,0,0,3,7496,1,3,0] sig=B05D2:B6596AF7F5F5C360 end=1
MR	0	02:30:10.830	Core 01	2026.08.04 14:00:00   [AdaptiveSurvivalEA][BRAIN_UPDATE] schema=B05T1 h=1785848400 d=[2,4052,1,1449,763,10000,22820,3076,4052] m=[0,6933,3761,3761,5680,1,0,9128,5059,8412,3184,3081,8280,8280,6933,209359,220594,-11234] v=[0,3601,3,3421,1,1,9,13,7202,9,14,3707,0,8,11,2172,0,4,4,1423,0,3076,5298,0,22820,42430,0,4941,3076,2434,0,3421,0] p=[2,0,2,0,0,0,6933,1,0,2,0,0,3,3421,1,3,0] sig=B05D2:1CFD0BF183F6799F end=1
II	0	02:30:10.830	Core 01	2026.08.04 15:00:00   [AdaptiveSurvivalEA][BRAIN_UPDATE] schema=B05T1 h=1785852000 d=[2,3790,1,2136,1070,10000,10075,1633,3790] m=[0,3282,-3651,-3651,5452,1,0,735,583,6583,3001,2914,7989,7989,3282,220801,209359,11441] v=[0,3636,3,7879,1,1,10,13,7272,9,13,3552,0,8,11,2255,0,3,5,3521,0,1633,3726,0,10075,32011,0,9417,1633,3109,0,7879,0] p=[2,0,2,0,0,1,3282,1,0,2,0,0,3,7879,1,3,0] sig=B05D2:8F9A4597010C4258 end=1
MP	0	02:30:10.830	Core 01	2026.08.04 16:00:00   [AdaptiveSurvivalEA][BRAIN_UPDATE] schema=B05T1 h=1785855600 d=[2,4235,1,2204,1139,10000,16624,2699,4235] m=[2,4976,1694,1694,5046,1,0,3450,2519,9847,2488,2438,7654,7654,4976,198794,220801,-22007] v=[0,3644,3,5461,1,1,10,13,7287,8,13,3404,0,9,11,1754,0,3,5,3425,0,2699,3624,0,16624,30793,0,7481,2699,2861,0,5461,0] p=[2,0,2,0,2,0,4976,1,0,2,0,0,3,5461,1,3,0] sig=B05D2:2C1B4D2E7E186F8A end=1
PJ	0	02:30:10.830	Core 01	2026.08.04 17:00:00   [AdaptiveSurvivalEA][BRAIN_UPDATE] schema=B05T1 h=1785859200 d=[2,3780,1,1511,888,10000,13096,2084,3780] m=[2,5626,650,650,784,1,0,7817,7549,7745,406,406,1163,1163,5626,180334,198794,-18460] v=[0,3746,3,1940,1,1,10,13,7491,8,12,3160,0,9,10,833,0,3,5,3344,0,2084,3857,0,13096,36384,0,2451,2084,2446,0,1940,0] p=[2,0,2,0,2,0,5626,1,0,2,0,0,3,1940,1,3,0] sig=B05D2:EA0E9B3FEA75C1A0 end=1
LK	0	02:30:10.830	Core 01	2026.08.04 18:00:00   [AdaptiveSurvivalEA][BRAIN_UPDATE] schema=B05T1 h=1785862800 d=[2,3668,1,1126,751,10000,13698,2173,3668] m=[2,5117,-509,-509,2693,1,0,5237,6667,6667,1753,1735,3651,3651,5117,164335,180334,-15999] v=[0,3771,3,2609,1,1,10,13,7542,8,12,2861,0,9,9,92,0,3,4,2794,0,2173,2455,0,13698,22883,0,3333,2173,1916,0,2609,0] p=[2,0,2,0,2,0,5117,1,0,2,0,0,3,2609,1,3,0] sig=B05D2:149201079EB6F9D4 end=1
FQ	0	02:30:10.830	Core 01	2026.08.04 19:00:00   [AdaptiveSurvivalEA][BRAIN_UPDATE] schema=B05T1 h=1785866400 d=[2,4455,1,2264,1222,10000,23076,3419,4455] m=[0,6695,1578,1578,2676,1,0,8497,7857,9018,1719,1702,3651,3651,6695,188197,164335,23862] v=[0,3929,3,1410,1,1,10,13,7859,8,11,2509,0,10,9,0,404,4,4,2159,0,3419,2464,3878,23076,23422,0,2143,3419,1556,856,1410,0] p=[2,0,2,0,0,0,6695,1,0,2,0,0,3,1410,1,0,1] sig=B05D2:2AC6BE8E0052B1 end=1
PS	0	02:30:10.830	Core 01	2026.08.04 20:00:00   [AdaptiveSurvivalEA][BRAIN_UPDATE] schema=B05T1 h=1785870000 d=[3,4630,1,2711,1453,10000,23186,3362,4630] m=[0,4063,-2632,-2632,2106,1,0,2260,5610,7317,1434,1425,2788,2788,4063,208877,188197,20680] v=[0,3858,3,2914,1,1,10,13,7716,9,11,2211,0,10,9,0,388,4,5,2156,0,3362,2522,3329,23186,25374,0,4390,3362,1455,743,2914,0] p=[3,0,2,0,0,1,4063,1,0,2,0,0,3,2914,1,3,0] sig=B05D2:17191F59EA74D98F end=1
HD	0	02:30:10.830	Core 01	2026.08.04 21:00:30   [AdaptiveSurvivalEA][BRAIN_UPDATE] schema=B05T1 h=1785873600 d=[3,4574,1,2356,1365,10000,25829,3719,4574] m=[4,1201,-2861,-2861,1443,1,0,503,1429,1429,905,902,1983,1983,1201,233873,208877,24995] v=[0,3769,3,5384,1,1,10,13,7538,9,11,2017,0,9,9,161,0,3,4,2048,0,3719,3273,1365,25829,31293,0,8571,3719,1409,273,5384,0] p=[3,1,2,0,4,0,1201,1,0,2,0,0,3,5384,1,3,0] sig=B05D2:4711E3682C1D9CDE end=1
GP	0	02:30:10.830	Core 01	2026.08.04 22:00:00   [AdaptiveSurvivalEA][BRAIN_UPDATE] schema=B05T1 h=1785877200 d=[2,4286,1,2113,1314,10000,18001,2765,4286] m=[3,2768,1567,1567,4219,1,0,1646,2078,2857,2181,2147,6292,6292,2768,213963,233873,-19910] v=[0,3683,3,5732,1,1,10,13,7366,9,11,1871,0,9,10,747,0,3,5,3024,0,2765,2707,211,18001,26957,0,7922,2765,1881,42,5732,0] p=[2,0,2,0,3,0,2768,1,0,2,0,0,3,5732,1,3,0] sig=B05D2:2B23FAAE9CF475B1 end=1
FM	0	02:30:10.830	Core 01	2026.08.04 23:00:00   [AdaptiveSurvivalEA][BRAIN_UPDATE] schema=B05T1 h=1785880800 d=[3,4551,1,2148,1378,10000,26056,3935,4551] m=[0,6098,3329,3329,3734,1,0,3097,9062,9687,1773,1754,5714,5714,6098,188251,213963,-25711] v=[0,3560,3,569,1,1,9,13,7119,9,10,1676,0,9,9,467,0,3,4,2658,0,3935,2169,8146,26056,21126,2334,938,3935,1601,2096,569,0] p=[3,0,2,0,0,0,6098,1,0,2,0,0,3,569,1,0,1] sig=B05D2:FC3183446E86D447 end=1
RI	0	02:30:10.830	Core 01	2026.08.05 00:00:00   [AdaptiveSurvivalEA][BRAIN_UPDATE] schema=B05T1 h=1785884400 d=[3,4568,1,2228,1461,10000,26160,3758,4568] m=[0,1760,-4337,-4337,-685,1,0,887,2424,3636,-288,288,1081,-1081,1760,171794,188251,-16457] v=[0,3446,3,4729,1,1,9,13,6891,9,10,1475,0,9,9,402,0,3,4,2550,0,3758,2113,7782,26160,21603,2109,7576,3758,1476,1978,4729,0] p=[3,1,2,0,0,1,1760,1,0,2,0,0,3,4729,1,3,0] sig=B05D2:1E999929D687A7FB end=1
JE	0	02:30:10.830	Core 01	2026.08.05 01:00:00   [AdaptiveSurvivalEA][BRAIN_UPDATE] schema=B05T1 h=1785888000 d=[2,4423,1,1964,1408,10000,24338,3431,4423] m=[3,1930,169,169,759,1,0,464,690,7069,139,139,1379,1379,1930,181212,171794,9418] v=[0,3315,3,6116,1,1,9,13,6630,9,10,1218,0,9,9,271,0,3,4,2623,0,3431,1466,10000,24338,16455,4791,9310,3431,1371,2958,6116,0] p=[2,0,2,0,3,0,1930,1,0,2,0,0,3,6116,1,3,0] sig=B05D2:56D98833D3A3DD05 end=1
JF	0	02:30:10.830	Core 01	2026.08.05 02:00:00   [AdaptiveSurvivalEA][BRAIN_UPDATE] schema=B05T1 h=1785891600 d=[2,4157,1,1337,1211,10000,24503,3194,4157] m=[0,6251,4321,4321,-2580,1,0,5418,8980,9388,-1059,1055,4105,-4105,6251,163211,181212,-18001] v=[0,3140,3,694,1,1,8,13,6280,9,10,920,0,9,9,150,0,3,4,2711,0,3194,1735,8415,24503,21617,1335,1020,3194,1260,1950,694,0] p=[2,0,2,0,0,0,6251,1,0,2,0,0,3,694,1,0,1] sig=B05D2:D3F942F73D040C87 end=1
CL	0	02:30:10.830	Core 01	2026.08.05 03:00:00   [AdaptiveSurvivalEA][BRAIN_UPDATE] schema=B05T1 h=1785895200 d=[2,4377,1,1566,1288,10000,32976,3963,4377] m=[0,5507,-744,-744,2155,1,0,9167,5580,5870,1190,1185,3125,3125,5507,167408,163211,4197] v=[0,3269,0,3963,1,1,8,13,6537,9,9,650,0,9,9,0,331,4,4,1840,0,3963,1735,10000,32976,21505,5334,4420,3963,830,3133,2669,0] p=[2,0,2,0,0,1,5507,1,0,2,0,0,0,3963,1,0,0] sig=B05D2:7418EF1F43A40A7F end=1
PL	0	02:30:10.830	Core 01	2026.08.05 04:00:00   [AdaptiveSurvivalEA][BRAIN_UPDATE] schema=B05T1 h=1785898800 d=[3,4864,1,2820,1884,10000,34737,3848,4864] m=[4,3139,-2368,-2368,2015,1,0,2895,3793,4310,1132,1127,2903,2903,3139,171045,167408,3637] v=[0,2979,0,3848,1,1,8,13,5958,9,9,474,0,9,9,0,111,3,4,1283,0,3848,2743,4028,34737,29726,1686,6207,3848,586,1165,3818,0] p=[3,0,2,0,4,0,3139,1,0,2,0,0,0,3848,1,0,0] sig=B05D2:87B1BD71211F3673 end=1
DD	0	02:30:10.830	Core 01	2026.08.05 05:00:00   [AdaptiveSurvivalEA][BRAIN_UPDATE] schema=B05T1 h=1785902400 d=[3,4972,1,2898,2001,10000,39441,4222,4972] m=[3,2711,-427,-427,1995,1,0,1259,1579,7018,1175,1169,2821,2821,2711,172865,171045,1820] v=[0,2825,0,4222,1,1,7,13,5650,9,9,279,0,9,8,0,216,3,4,1359,0,4222,2584,6337,39441,28777,3706,8421,4222,546,2052,4866,0] p=[3,1,2,0,3,0,2711,1,0,2,0,0,0,4222,1,0,0] sig=B05D2:38EEA7CABDD64927 end=1
KM	0	02:30:10.830	Core 01	2026.08.05 06:00:00   [AdaptiveSurvivalEA][BRAIN_UPDATE] schema=B05T1 h=1785906000 d=[3,4858,1,2584,1968,10000,41415,4095,4858] m=[4,1939,-772,-772,1912,1,0,1050,1111,4127,1170,1165,2658,2658,1939,155324,172865,-17542] v=[0,2655,0,4095,1,1,7,13,5311,9,9,109,0,8,8,0,433,3,4,1202,0,4095,2545,6087,41415,27413,5108,8889,4095,437,2326,5249,0] p=[3,2,2,0,4,0,1939,1,0,2,0,0,0,4095,1,3,1] sig=B05D2:79841CCD97BAD444 end=1
GG	0	02:30:10.830	Core 01	2026.08.05 07:00:00   [AdaptiveSurvivalEA][BRAIN_UPDATE] schema=B05T1 h=1785909600 d=[3,5205,1,3415,2305,10000,44631,4355,5205] m=[0,7957,6018,6018,6523,1,0,12793,6667,9167,4972,4599,8447,8447,7957,160470,155324,5147] v=[0,2763,0,4355,1,1,7,12,5526,9,9,0,16,9,8,0,958,4,4,0,114,4355,29,10000,44631,264,10000,3333,4355,0,4217,1882,0] p=[3,2,2,0,0,0,7957,1,0,2,0,0,0,4355,1,0,0] sig=B05D2:DFFA166135A6FAE0 end=1
JF	0	02:30:10.830	Core 01	2026.08.05 08:00:00   [AdaptiveSurvivalEA][BRAIN_UPDATE] schema=B05T1 h=1785913200 d=[3,4918,1,3246,2235,10000,30049,2897,4918] m=[0,5337,-2620,-2620,1152,1,0,9139,5238,6984,775,774,1531,1531,5337,168707,160470,8236] v=[0,2922,0,2897,1,1,7,12,5843,9,9,0,95,9,8,0,1132,4,3,0,1101,2897,1015,10000,30049,8373,10000,4762,2897,0,4466,3382,1] p=[3,2,2,0,0,1,5337,1,0,2,0,0,0,2897,1,2,1] sig=B05D2:88240E458D11A6AB end=1
RK	0	02:30:10.830	Core 01	2026.08.05 09:00:00   [AdaptiveSurvivalEA][BRAIN_UPDATE] schema=B05T1 h=1785916800 d=[2,4307,1,1700,1618,10000,28190,2744,4307] m=[4,2750,-2587,-2587,-662,1,0,3117,1716,6716,-461,460,863,-863,2750,159123,168707,-9584] v=[0,3005,0,2744,1,1,7,12,6010,9,9,0,137,9,8,0,1093,4,3,0,1420,2744,1165,10000,28190,9051,10000,8284,2744,0,4530,6011,2] p=[2,0,2,0,4,0,2750,1,0,2,0,0,0,2744,1,3,1] sig=B05D2:F0FCE1136E666860 end=1
RN	0	02:30:10.830	Core 01	2026.08.05 10:00:00   [AdaptiveSurvivalEA][BRAIN_UPDATE] schema=B05T1 h=1785920400 d=[2,4183,1,1679,1571,10000,20851,2264,4183] m=[2,4043,1293,1293,1121,1,0,5051,4382,6742,803,801,1441,1441,4043,150817,159123,-8306] v=[0,3164,3,4346,1,1,8,12,6329,9,9,0,100,8,8,130,0,4,4,0,170,2264,3076,0,20851,22820,0,5618,2264,43,54,4346,1] p=[2,0,2,0,2,0,4043,1,0,2,0,0,3,4346,1,3,0] sig=B05D2:E016C805EECA435B end=1
IG	0	02:30:10.830	Core 01	2026.08.05 11:00:00   [AdaptiveSurvivalEA][BRAIN_UPDATE] schema=B05T1 h=1785924000 d=[2,4292,1,1959,1672,10000,20670,2299,4292] m=[4,1163,-2879,-2879,1291,1,0,380,517,2759,888,885,1696,1696,1163,143619,150817,-7198] v=[0,3252,3,7303,1,1,8,12,6503,9,9,0,83,8,8,436,0,4,3,0,1923,2299,1633,4081,20670,10075,10000,9483,2299,145,3217,7303,1] p=[2,0,2,0,4,0,1163,1,0,2,0,0,3,7303,1,3,0] sig=B05D2:57331B2B958E5B1E end=1
JK	0	02:30:10.830	Core 01	2026.08.05 12:00:00   [AdaptiveSurvivalEA][BRAIN_UPDATE] schema=B05T1 h=1785927600 d=[3,4905,1,3116,2101,10000,31098,3251,4905] m=[0,7012,5848,5848,2427,1,0,15608,8408,8408,1868,1847,3008,3008,7012,184028,143619,40410] v=[0,3507,3,1075,1,1,8,12,7015,9,8,0,92,8,9,713,0,4,3,0,3556,3251,2699,2043,31098,16624,8706,1592,3251,238,2879,1075,1] p=[3,0,2,0,0,0,7012,1,0,2,0,0,3,1075,1,0,1] sig=B05D2:1997EDB8BDE3993F end=1
DR	0	02:30:10.830	Core 01	2026.08.05 13:00:00   [AdaptiveSurvivalEA][BRAIN_UPDATE] schema=B05T1 h=1785931200 d=[3,4980,1,3285,2148,10000,29734,3383,4980] m=[0,5786,-1226,-1226,2316,1,0,7461,5484,9274,1690,1674,2959,2959,5786,225036,184028,41008] v=[0,3790,3,2988,1,1,9,12,7580,8,8,0,64,8,9,848,0,4,3,0,2766,3383,2084,6234,29734,13096,10000,4516,3383,283,3813,2988,0] p=[3,1,2,0,0,1,5786,1,0,2,0,0,3,2988,1,3,0] sig=B05D2:F9AC76F53811D30 end=1
HK	0	02:30:10.830	Core 01	2026.08.05 14:00:00   [AdaptiveSurvivalEA][BRAIN_UPDATE] schema=B05T1 h=1785934800 d=[2,4277,1,1887,1553,10000,20072,2571,4277] m=[4,3191,-2595,-2595,2327,1,0,2332,1667,7464,1561,1549,3106,3106,3191,230280,225036,5244] v=[0,4108,3,6190,1,1,10,12,8216,8,8,0,41,9,9,686,0,4,3,0,2151,2571,2173,1836,20072,13698,4654,8333,2571,229,1736,6190,0] p=[2,0,2,0,4,0,3191,1,0,2,0,0,3,6190,1,3,0] sig=B05D2:B94039798380A8FD end=1
GL	0	02:30:10.830	Core 01	2026.08.05 15:00:00   [AdaptiveSurvivalEA][BRAIN_UPDATE] schema=B05T1 h=1785938400 d=[2,4446,1,2310,1692,10000,19891,2676,4446] m=[0,6676,3486,3486,3467,1,0,9613,6824,7635,2646,2586,4348,4348,6676,244393,230280,14113] v=[0,4380,3,2326,1,1,11,12,8760,8,8,4,0,9,10,825,0,4,4,0,1227,2676,3419,0,19891,23076,0,3176,2676,276,245,2326,0] p=[2,0,2,0,0,0,6676,1,0,2,0,0,3,2326,1,3,0] sig=B05D2:D69780A5B2EAD4F8 end=1
KJ	0	02:30:10.830	Core 01	2026.08.05 16:00:00   [AdaptiveSurvivalEA][BRAIN_UPDATE] schema=B05T1 h=1785942000 d=[2,4124,1,2153,1609,10000,13659,1814,4124] m=[0,5134,-1542,-1542,1385,1,0,6919,5662,7868,1168,1163,1608,1608,5134,256625,244393,12232] v=[0,4641,3,3551,1,1,11,12,9282,9,9,18,0,9,10,321,0,4,4,0,1912,1814,3362,0,13659,23186,0,4338,1814,113,382,3551,0] p=[2,0,2,0,0,1,5134,1,0,2,0,0,3,3551,1,3,0] sig=B05D2:C393D0E90CFC5108 end=1
PM	0	02:30:10.830	Core 01	2026.08.05 17:00:00   [AdaptiveSurvivalEA][BRAIN_UPDATE] schema=B05T1 h=1785945600 d=[2,3844,1,1369,1344,10000,14132,1794,3844] m=[4,1698,-3436,-3436,-1818,1,0,188,303,5152,-1225,1219,2416,-2416,1698,263939,256625,7315] v=[0,4431,3,7957,1,1,11,12,8863,9,9,25,0,9,9,0,218,4,3,0,2058,1794,3719,0,14132,25829,0,9697,1794,8,455,7957,0] p=[2,0,2,0,4,0,1698,1,0,2,0,0,3,7957,1,3,0] sig=B05D2:87A5E8B6AD7EE11 end=1
DD	0	02:30:10.830	Core 01	2026.08.05 18:00:00   [AdaptiveSurvivalEA][BRAIN_UPDATE] schema=B05T1 h=1785949200 d=[2,4392,1,2041,1577,10000,23289,2835,4392] m=[0,6434,4735,4735,2599,1,0,8711,6667,9048,1796,1777,3422,3422,6434,296119,263939,32180] v=[0,4712,3,2388,1,1,11,12,9423,9,9,0,34,10,9,0,891,5,3,0,4397,2835,2765,256,23289,18001,2937,3333,2835,0,1703,2388,0] p=[2,0,2,0,0,0,6434,1,0,2,0,0,3,2388,1,3,0] sig=B05D2:8A9EB226A5868409 end=1
IN	0	02:30:10.830	Core 01	2026.08.05 19:00:00   [AdaptiveSurvivalEA][BRAIN_UPDATE] schema=B05T1 h=1785952800 d=[2,4445,1,2487,1776,10000,18673,2296,4445] m=[0,4044,-2390,-2390,2542,1,0,2124,3750,9063,1770,1752,3333,3333,4044,334589,296119,38469] v=[0,4754,3,4815,1,1,11,12,9507,9,9,0,110,10,9,0,1260,5,3,0,4593,2296,3935,0,18673,26056,0,6250,2296,0,1193,4815,1] p=[2,0,2,0,0,1,4044,1,0,2,0,0,3,4815,1,3,0] sig=B05D2:F9C3BF42B8FB603F end=1
DF	0	02:30:10.830	Core 01	2026.08.05 20:00:00   [AdaptiveSurvivalEA][BRAIN_UPDATE] schema=B05T1 h=1785956400 d=[2,4111,1,1801,1516,10000,16709,2021,4111] m=[4,2921,-1123,-1123,-834,1,0,2462,3836,5479,-510,510,1159,-1159,2921,304118,334589,-30471] v=[0,4810,3,4918,1,1,11,12,9620,9,9,0,203,10,9,0,1715,5,3,0,4748,2021,3758,0,16709,26160,0,6164,2021,0,1333,4918,4] p=[2,0,2,0,4,0,2921,1,0,2,0,0,3,4918,1,3,0] sig=B05D2:D1BAF8393DA5B95F end=1
GS	0	02:30:10.830	Core 01	2026.08.05 21:01:00   [AdaptiveSurvivalEA][BRAIN_UPDATE] schema=B05T1 h=1785960000 d=[2,4081,1,1543,1465,10000,18939,2161,4081] m=[3,2468,-453,-453,2356,1,0,836,1875,5417,1058,1054,3659,3659,2468,277710,304118,-26408] v=[0,4585,3,6369,1,1,11,12,9171,9,9,0,254,10,9,0,1616,5,3,0,5260,2161,3431,0,18939,24338,0,8125,2161,0,1426,6369,6] p=[2,0,2,0,3,0,2468,1,0,2,0,0,3,6369,1,3,0] sig=B05D2:41F533CCF2CA0BCE end=1
IF	0	02:30:10.830	Core 01	2026.08.05 22:00:00   [AdaptiveSurvivalEA][BRAIN_UPDATE] schema=B05T1 h=1785963600 d=[2,4330,1,1744,1606,10000,26139,2870,4330] m=[2,5585,3117,3117,2900,1,0,2673,8438,9688,1624,1610,4190,4190,5585,254822,277710,-22887] v=[0,4333,3,1114,1,1,10,12,8665,9,9,0,295,10,9,0,1633,5,3,0,4674,2870,3194,0,26139,24503,667,1562,2870,0,1454,1114,9] p=[2,0,2,0,2,0,5585,1,0,2,0,0,3,1114,1,0,1] sig=B05D2:EEECF3DAC46E2F93 end=1
ML	0	02:30:10.830	Core 01	2026.08.05 23:00:00   [AdaptiveSurvivalEA][BRAIN_UPDATE] schema=B05T1 h=1785967200 d=[2,4327,1,1978,1770,10000,20952,2319,4327] m=[4,2959,-2626,-2626,-841,1,0,1058,2326,9302,-127,127,1556,-1556,2959,253412,254822,-1411] v=[0,4088,3,5895,1,1,9,12,8176,9,9,0,269,9,9,0,635,4,4,0,2142,2319,3963,0,20952,32976,0,7674,2319,0,609,5895,7] p=[2,0,2,0,4,0,2959,1,0,2,0,0,3,5895,1,3,0] sig=B05D2:1950B22EAF355715 end=1
LP	0	02:30:10.830	Core 01	2026.08.06 00:00:00   [AdaptiveSurvivalEA][BRAIN_UPDATE] schema=B05T1 h=1785970800 d=[2,4426,1,2199,1908,10000,21589,2300,4426] m=[2,4097,1138,1138,2133,1,0,2313,5676,7297,859,857,3409,3409,4097,283292,253412,29880] v=[0,3963,3,3330,1,1,9,11,7925,9,9,0,335,9,9,0,827,4,3,0,2338,2300,3848,0,21589,34737,0,4324,2300,0,700,3330,11] p=[2,0,2,0,2,0,4097,1,0,2,0,0,3,3330,1,3,0] sig=B05D2:CC66062BD5361B3A end=1
QO	0	02:30:10.830	Core 01	2026.08.06 01:00:00   [AdaptiveSurvivalEA][BRAIN_UPDATE] schema=B05T1 h=1785974400 d=[2,4439,1,2180,1917,10000,22263,2373,4439] m=[4,3344,-753,-753,5037,1,0,665,1176,6863,1351,1343,8730,8730,3344,320496,283292,37205] v=[0,3976,3,6730,1,1,9,11,7952,9,9,0,429,9,9,0,951,4,3,0,2641,2373,4222,0,22263,39441,0,8824,2373,0,804,6730,18] p=[2,0,2,0,4,0,3344,1,0,2,0,0,3,6730,1,3,0] sig=B05D2:CB2236E6534C4F10 end=1
JO	0	02:30:10.830	Core 01	2026.08.06 02:00:00   [AdaptiveSurvivalEA][BRAIN_UPDATE] schema=B05T1 h=1785978000 d=[2,4362,1,1941,1934,10000,23435,2243,4362] m=[3,3713,369,369,2581,1,0,1953,4000,7250,879,877,4286,4286,3713,329580,320496,9084] v=[0,3640,3,4654,1,1,8,11,7281,9,9,0,543,9,8,0,931,4,3,0,2643,2243,4095,0,23435,41415,0,6000,2243,0,824,4654,30] p=[2,0,2,0,3,0,3713,1,0,2,0,0,3,4654,1,3,0] sig=B05D2:E127337BFB544404 end=1
GM	0	02:30:10.830	Core 01	2026.08.06 03:00:00   [AdaptiveSurvivalEA][BRAIN_UPDATE] schema=B05T1 h=1785981600 d=[2,3816,1,1522,1835,10000,11688,1157,3816] m=[4,2665,-1048,-1048,-52,1,0,1688,2364,8182,-104,104,0,0,2665,321652,329580,-7928] v=[0,3451,3,6753,1,1,8,11,6903,9,9,0,632,9,9,0,358,4,4,0,1039,1157,4355,0,11688,44631,0,7636,1157,0,406,6753,40] p=[2,0,2,0,4,0,2665,1,0,2,0,0,3,6753,1,3,0] sig=B05D2:70903AE26A5B15F9 end=1
MF	0	02:30:10.830	Core 01	2026.08.06 04:00:00   [AdaptiveSurvivalEA][BRAIN_UPDATE] schema=B05T1 h=1785985200 d=[2,3687,1,704,1566,10000,15386,1466,3687] m=[2,5776,3111,3111,-3703,1,0,6376,6571,7143,-1663,1648,5758,-5758,5776,290602,321652,-31050] v=[0,3262,3,2926,1,1,7,11,6523,9,9,0,686,9,9,6,0,4,4,0,132,1466,2897,0,15386,30049,0,3429,1466,2,164,2926,47] p=[2,0,2,0,2,0,5776,1,0,2,0,0,3,2926,1,3,0] sig=B05D2:D702EF2455856E4 end=1
RM	0	02:30:10.830	Core 01	2026.08.06 05:00:00   [AdaptiveSurvivalEA][BRAIN_UPDATE] schema=B05T1 h=1785988800 d=[2,3605,1,49,1427,10000,21345,1853,3605] m=[4,3420,-2356,-2356,-6103,1,0,157,333,7333,-2511,2460,9747,-9747,3420,265321,290602,-25281] v=[0,2905,3,7876,1,1,6,11,5811,9,9,0,697,8,9,802,0,4,4,262,0,1853,2744,0,21345,28190,0,9667,1853,355,139,7876,49] p=[2,0,2,0,4,0,3420,1,0,2,0,0,3,7876,1,3,0] sig=B05D2:FC560F1223A93DF3 end=1
MK	0	02:30:10.830	Core 01	2026.08.06 06:00:00   [AdaptiveSurvivalEA][BRAIN_UPDATE] schema=B05T1 h=1785992400 d=[2,3525,1,114,1529,10000,16855,1408,3525] m=[3,3538,117,117,-5701,1,0,344,345,8276,-2477,2427,8974,-8974,3538,262037,265321,-3284] v=[0,2676,3,8296,1,1,6,11,5351,9,9,0,692,8,8,541,0,4,4,139,0,1408,2264,0,16855,20851,0,9655,1408,227,138,8296,48] p=[2,0,2,0,3,0,3538,1,0,2,0,0,3,8296,1,3,0] sig=B05D2:B68E468855DB074D end=1
IG	0	02:30:10.830	Core 01	2026.08.06 07:00:00   [AdaptiveSurvivalEA][BRAIN_UPDATE] schema=B05T1 h=1785996000 d=[2,1340,1,-555,1164,0,9400,759,1340] m=[0,6632,3094,3094,-6256,1,0,7554,5233,7791,-3391,3267,9245,-9245,6632,266591,262037,4554] v=[0,2765,3,4406,1,1,6,11,5530,9,9,0,682,8,8,0,0,4,4,0,505,759,2299,0,9400,20670,0,4767,759,0,237,4406,46] p=[2,0,2,0,0,0,6632,1,0,2,0,0,3,4406,1,3,0] sig=B05D2:3EB3C1BB7483AA03 end=1
ML	0	02:30:10.830	Core 01	2026.08.06 08:00:00   [AdaptiveSurvivalEA][BRAIN_UPDATE] schema=B05T1 h=1785999600 d=[2,-1826,1,-1515,864,0,-16016,-1382,-1826] m=[0,3566,-3065,-3065,-6346,1,0,1507,1429,4643,-3618,3468,9223,-9223,3566,284358,266591,17767] v=[0,2478,3,7387,1,1,5,11,4957,9,9,0,566,8,8,780,0,3,4,2303,0,1382,3251,0,16016,31098,0,8571,1382,1028,113,7387,32] p=[2,0,2,0,0,1,3566,1,0,2,0,0,3,7387,1,3,0] sig=B05D2:7146E0AFAEC95904 end=1
EH	0	02:30:10.830	Core 01	2026.08.06 09:00:00   [AdaptiveSurvivalEA][BRAIN_UPDATE] schema=B05T1 h=1786003200 d=[2,-1013,1,-1653,710,0,-4510,-433,-1013] m=[4,2829,-737,-737,-5430,1,0,1315,1061,3030,-2142,2110,8750,-8750,2829,311137,284358,26779] v=[0,2496,3,8552,1,1,5,11,4992,9,8,0,389,7,8,1254,0,3,4,2976,0,433,3383,0,4510,29734,0,8939,433,1410,78,8552,15] p=[2,0,2,0,4,0,2829,1,0,2,0,0,3,8552,1,3,0] sig=B05D2:8B77E96EE228541D end=1
HN	0	02:30:10.830	Core 01	2026.08.06 10:00:00   [AdaptiveSurvivalEA][BRAIN_UPDATE] schema=B05T1 h=1786006800 d=[2,-3404,1,-2473,276,-10000,-9558,-878,-3404] m=[0,7104,4275,4275,-6586,1,0,8621,6133,7200,-3898,3712,9459,-9459,7104,343007,311137,31870] v=[0,2511,3,3527,1,1,5,11,5021,9,8,0,126,7,9,1929,0,3,4,2416,0,878,2571,0,9558,20072,0,3867,878,1448,25,3527,2] p=[2,0,2,0,0,0,7104,1,0,2,0,0,3,3527,1,3,0] sig=B05D2:972CFC8E0ADA8BDC end=1
OI	0	02:30:10.830	Core 01	2026.08.06 11:00:00   [AdaptiveSurvivalEA][BRAIN_UPDATE] schema=B05T1 h=1786010400 d=[2,-2591,1,-2617,87,0,-23180,-2490,-2591] m=[0,4836,-2269,-2269,-4663,1,0,4231,3710,7258,-3054,2962,6364,-6364,4836,370628,343007,27621] v=[0,2566,3,4724,1,1,5,11,5133,8,8,182,0,6,9,2587,0,3,4,3532,0,2490,2676,0,23180,19891,1653,6290,2490,2100,331,4724,0] p=[2,0,2,0,0,1,4836,1,0,2,0,0,3,4724,1,3,0] sig=B05D2:72AE1EE59D84DC89 end=1
IR	0	02:30:10.830	Core 01	2026.08.06 12:00:00   [AdaptiveSurvivalEA][BRAIN_UPDATE] schema=B05T1 h=1786014000 d=[2,-448,1,-1155,505,0,-1364,-171,-448] m=[2,4336,-500,-500,17,1,0,6650,4239,8043,34,34,0,0,4336,354006,370628,-16622] v=[0,2777,3,5662,1,1,6,11,5553,8,9,545,0,6,9,3208,0,2,4,4400,0,171,1814,0,1364,13659,0,5761,171,2718,0,5662,0] p=[2,0,2,0,2,0,4336,1,0,2,0,0,3,5662,1,3,0] sig=B05D2:FEF1C6611F777508 end=1
OM	0	02:30:10.830	Core 01	2026.08.06 13:00:00   [AdaptiveSurvivalEA][BRAIN_UPDATE] schema=B05T1 h=1786017600 d=[2,-3282,1,-1345,315,-10000,-11963,-1402,-3282] m=[0,6651,2315,2315,-2379,1,0,10508,7386,7955,-1811,1791,2967,-2967,6651,343506,354006,-10500] v=[0,2939,3,2247,1,1,6,11,5877,8,9,840,0,6,9,3203,0,3,4,3628,0,1402,1794,0,11963,14132,0,2614,1402,2557,0,2247,0] p=[2,0,2,0,0,0,6651,1,0,2,0,0,3,2247,1,3,0] sig=B05D2:239C62FDBBC0B443 end=1
QG	0	02:30:10.830	Core 01	2026.08.06 14:00:00   [AdaptiveSurvivalEA][BRAIN_UPDATE] schema=B05T1 h=1786021200 d=[2,-2248,1,-1434,165,0,-19913,-2781,-2248] m=[0,4323,-2328,-2328,-213,1,0,6232,4457,7935,-243,243,183,-183,4323,341022,343506,-2484] v=[0,3138,3,4002,1,1,7,10,6276,8,9,1191,0,6,10,3731,0,2,5,4815,0,2781,2835,0,19913,23289,0,5543,2781,3246,0,4002,0] p=[2,0,2,0,0,1,4323,1,0,2,0,0,3,4002,1,3,0] sig=B05D2:39E0192C2F2AD1EA end=1
FN	0	02:30:10.830	Core 01	2026.08.06 15:00:00   [AdaptiveSurvivalEA][BRAIN_UPDATE] schema=B05T1 h=1786024800 d=[2,-4031,1,-1677,-57,-10000,-26137,-3561,-4031] m=[2,5671,1348,1348,-1288,1,0,10983,5766,6715,-1140,1135,1440,-1440,5671,355695,341022,14672] v=[0,3443,3,2726,1,1,7,10,6886,7,9,1523,0,6,10,3463,0,3,5,4186,0,3561,2296,5508,26137,18673,3998,4234,3561,3057,1901,2726,0] p=[2,0,2,0,2,0,5671,1,0,2,0,0,3,2726,1,3,0] sig=B05D2:BB85A12B46B6B7D6 end=1
NP	0	02:30:10.830	Core 01	2026.08.06 16:00:00   [AdaptiveSurvivalEA][BRAIN_UPDATE] schema=B05T1 h=1786028400 d=[1,-5111,1,-3957,-1123,-10000,-37160,-4696,-5111] m=[0,7967,2296,2296,-5099,1,0,17654,8563,8982,-5111,4708,5489,-5489,7967,388866,355695,33171] v=[0,3891,3,762,1,1,8,10,7782,7,9,1820,0,7,10,3127,0,3,5,3080,0,4696,2021,10000,37160,16709,10000,1437,4696,2676,4000,762,0] p=[1,0,2,0,0,0,7967,1,0,2,0,0,3,762,1,0,1] sig=B05D2:BAC52ABE093AEC6 end=1
RH	0	02:30:10.830	Core 01	2026.08.06 17:00:00   [AdaptiveSurvivalEA][BRAIN_UPDATE] schema=B05T1 h=1786032000 d=[1,-5591,1,-5160,-1738,-10000,-37688,-4921,-5591] m=[0,2587,-5380,-5380,-6379,1,0,242,250,2750,-5991,5364,7394,-7394,2587,428293,388866,39427] v=[0,3991,3,4952,1,1,8,10,7981,7,9,2056,0,7,10,2933,0,3,5,3191,0,4921,2161,10000,37688,18939,9900,9750,4921,2727,3980,4952,0] p=[1,1,2,0,0,1,2587,1,0,2,0,0,3,4952,1,3,0] sig=B05D2:5B1371210A99DEDE end=1
GR	0	02:30:10.830	Core 01	2026.08.06 18:00:00   [AdaptiveSurvivalEA][BRAIN_UPDATE] schema=B05T1 h=1786035600 d=[1,-5369,1,-4477,-1588,-10000,-37480,-4781,-5369] m=[2,5064,2478,2478,-4573,1,0,2695,4074,10000,-3944,3751,5395,-5395,5064,458904,428293,30611] v=[0,3961,3,3093,1,1,8,10,7922,7,9,2250,0,7,10,2762,0,3,5,3120,0,4781,2870,6662,37480,26139,4339,5926,4781,2711,2200,3093,0] p=[1,2,2,0,2,0,5064,1,0,2,0,0,3,3093,1,0,1] sig=B05D2:7008A8F28F633D01 end=1
LF	0	02:30:10.830	Core 01	2026.08.06 19:00:00   [AdaptiveSurvivalEA][BRAIN_UPDATE] schema=B05T1 h=1786039200 d=[1,-5127,1,-3679,-1373,-10000,-37871,-4874,-5127] m=[4,3817,-1247,-1247,-6001,1,0,855,2121,6364,-4764,4434,7569,-7569,3817,436513,458904,-22391] v=[0,4006,3,4038,1,1,8,10,8012,7,9,2364,0,7,9,2451,0,3,4,2617,0,4874,2319,10000,37871,20952,8075,7879,4874,2477,3615,4038,0] p=[1,2,2,0,4,0,3817,1,0,2,0,0,3,4038,1,3,0] sig=B05D2:E897D1BC24E8A6C9 end=1
KF	0	02:30:10.830	Core 01	2026.08.06 20:00:00   [AdaptiveSurvivalEA][BRAIN_UPDATE] schema=B05T1 h=1786042800 d=[1,-5060,1,-3215,-1274,-10000,-39949,-5412,-5060] m=[4,2379,-1439,-1439,-4694,1,0,835,814,2791,-2934,2852,6536,-6536,2379,434915,436513,-1598] v=[0,4143,3,4215,1,1,8,10,8285,7,9,2463,0,7,9,2105,0,3,4,2772,0,5412,2300,10000,39949,21589,8504,9186,5412,2446,3701,4215,0] p=[1,2,2,0,4,0,2379,1,0,2,0,0,3,4215,1,0,1] sig=B05D2:54791B70FEA96BB7 end=1
QR	0	02:30:10.830	Core 01	2026.08.06 21:01:00   [AdaptiveSurvivalEA][BRAIN_UPDATE] schema=B05T1 h=1786046400 d=[1,-5084,1,-3200,-1344,-10000,-42320,-5478,-5084] m=[3,2159,-220,-220,1298,1,0,1476,2400,4000,197,197,2400,2400,2159,433530,434915,-1385] v=[0,4055,0,5478,1,1,8,10,8110,7,9,2587,0,7,9,2085,0,3,4,2676,0,5478,2373,10000,42320,22263,9009,7600,5478,2449,3802,3437,0] p=[1,2,2,0,3,0,2159,1,0,2,0,0,0,5478,1,0,0] sig=B05D2:66628357FFBB3272 end=1
QF	0	02:30:10.830	Core 01	2026.08.06 22:00:00   [AdaptiveSurvivalEA][BRAIN_UPDATE] schema=B05T1 h=1786050000 d=[1,-5134,1,-3274,-1447,-10000,-42672,-5513,-5134] m=[3,3202,1043,1043,-691,1,0,3057,3968,6190,-367,367,1014,-1014,3202,440188,433530,6658] v=[0,4124,0,5513,1,1,8,10,8248,7,9,2649,0,8,9,1861,0,3,4,2648,0,5513,2243,10000,42672,23435,8209,6032,5513,2386,3642,2706,0] p=[1,2,2,0,3,0,3202,1,0,2,0,0,0,5513,1,0,0] sig=B05D2:7F92F388C98B40F6 end=1
CN	0	02:30:10.830	Core 01	2026.08.06 23:00:00   [AdaptiveSurvivalEA][BRAIN_UPDATE] schema=B05T1 h=1786053600 d=[1,-5002,1,-3088,-1448,-10000,-40217,-4969,-5002] m=[3,3922,721,721,-1178,1,0,2276,6667,6667,-481,480,1875,-1875,3922,445958,440188,5770] v=[0,4032,0,4969,1,1,8,10,8065,7,9,2670,0,7,9,1665,0,3,4,1883,0,4969,1157,10000,40217,11688,10000,3333,4969,2073,4000,1677,0] p=[1,2,2,0,3,0,3922,1,0,2,0,0,0,4969,1,0,0] sig=B05D2:C51B71B4940278EF end=1
DE	0	02:30:10.830	Core 01	2026.08.07 00:00:00   [AdaptiveSurvivalEA][BRAIN_UPDATE] schema=B05T1 h=1786057200 d=[1,-4596,1,-2366,-1226,-10000,-32653,-3990,-4596] m=[2,5181,1258,1258,353,1,0,3305,9259,9630,-26,26,732,732,5181,398538,445958,-47420] v=[0,3904,0,3990,1,1,8,10,7809,7,9,2651,0,7,9,1643,0,3,4,1945,0,3990,1466,10000,32653,15386,10000,741,3990,2080,4000,445,0] p=[1,2,2,0,2,0,5181,1,0,2,0,0,0,3990,1,0,0] sig=B05D2:5850EE698FB89B29 end=1
GD	0	02:30:10.830	Core 01	2026.08.07 01:00:00   [AdaptiveSurvivalEA][BRAIN_UPDATE] schema=B05T1 h=1786060800 d=[1,-4722,1,-2471,-1314,-10000,-39565,-4469,-4722] m=[0,6055,874,874,-2169,1,0,6616,8333,8333,-1164,1159,3178,-3178,6055,383875,398538,-14663] v=[0,3951,0,4469,1,1,8,10,7902,7,9,2548,0,7,8,915,0,3,4,1048,0,4469,1853,10000,39565,21345,8536,1667,4469,1504,3707,922,0] p=[1,2,2,0,0,0,6055,1,0,2,0,0,0,4469,1,0,0] sig=B05D2:4D46D15DAEB8894A end=1
NI	0	02:30:10.830	Core 01	2026.08.07 02:00:00   [AdaptiveSurvivalEA][BRAIN_UPDATE] schema=B05T1 h=1786064400 d=[1,-4720,1,-2612,-1424,-10000,-37360,-4009,-4720] m=[0,2660,-3395,-3395,-201,1,0,3372,3472,4444,-189,189,213,-213,2660,356792,383875,-27083] v=[0,3929,0,4009,1,1,7,9,7858,7,9,2385,0,7,8,648,0,3,4,255,0,4009,1408,10000,37360,16855,10000,6528,4009,1096,4000,3911,0] p=[1,2,2,0,0,1,2660,1,0,2,0,0,0,4009,1,0,0] sig=B05D2:88645E79DBBBB057 end=1
IR	0	02:30:10.830	Core 01	2026.08.07 03:00:00   [AdaptiveSurvivalEA][BRAIN_UPDATE] schema=B05T1 h=1786068000 d=[1,-4510,1,-2181,-1317,-10000,-33497,-3611,-4510] m=[4,1002,-1658,-1658,960,1,0,0,0,3571,515,515,1405,1405,1002,333320,356792,-23472] v=[0,3752,0,3611,1,1,7,9,7503,7,9,2249,0,7,8,1173,0,3,4,1402,0,3611,759,10000,33497,9400,10000,10000,3611,1608,4000,6389,0] p=[1,2,2,0,4,0,1002,1,0,2,0,0,0,3611,1,3,1] sig=B05D2:876FF0C365A11B54 end=1
LL	0	02:30:10.830	Core 01	2026.08.07 04:00:00   [AdaptiveSurvivalEA][BRAIN_UPDATE] schema=B05T1 h=1786071600 d=[2,-4325,1,-1850,-1243,-10000,-31466,-3151,-4325] m=[2,4366,3363,3363,955,1,0,2888,5429,10000,578,577,1333,1333,4366,323530,333320,-9790] v=[0,3579,0,3151,1,1,7,9,7159,7,9,2043,0,7,8,719,0,3,3,0,480,3151,1382,10000,31466,16016,9646,4571,3151,921,4025,3131,0] p=[2,0,2,0,2,0,4366,1,0,2,0,0,0,3151,1,0,0] sig=B05D2:B15C91646B64B796 end=1
QF	0	02:30:10.830	Core 01	2026.08.07 05:00:00   [AdaptiveSurvivalEA][BRAIN_UPDATE] schema=B05T1 h=1786075200 d=[2,-4232,1,-1586,-1226,-10000,-34310,-3057,-4232] m=[4,1712,-2654,-2654,-503,1,0,172,357,7143,-172,172,833,-833,1712,289524,323530,-34006] v=[0,3204,0,3057,1,1,6,9,6408,7,9,1844,0,7,7,609,0,3,3,0,1507,3057,433,10000,34310,4510,10000,9643,3057,818,4301,6695,0] p=[2,0,2,0,4,0,1712,1,0,2,0,0,0,3057,1,3,1] sig=B05D2:902B93BD6F5EC8DF end=1
FN	0	02:30:10.830	Core 01	2026.08.07 06:00:00   [AdaptiveSurvivalEA][BRAIN_UPDATE] schema=B05T1 h=1786078800 d=[2,-4303,1,-1860,-1456,-10000,-32619,-2626,-4303] m=[3,3280,1568,1568,3724,1,0,1823,1957,6087,1459,1448,6000,6000,3280,256890,289524,-32634] v=[0,2771,3,5931,1,1,5,9,5542,7,9,1653,0,7,7,391,0,3,3,0,426,2626,878,10000,32619,9558,10000,8043,2626,681,4085,5931,0] p=[2,0,2,0,3,0,3280,1,0,2,0,0,3,5931,1,3,0] sig=B05D2:FEA0BFAA7BA86E3D end=1
FI	0	02:30:10.830	Core 01	2026.08.07 07:00:00   [AdaptiveSurvivalEA][BRAIN_UPDATE] schema=B05T1 h=1786082400 d=[2,-4481,1,-2059,-1599,-10000,-40555,-3176,-4481] m=[4,1833,-1447,-1447,973,1,0,216,263,7105,431,431,1515,1515,1833,228607,256890,-28283] v=[0,2646,3,6645,1,1,5,9,5293,7,8,1447,0,7,6,0,62,3,3,0,1591,3176,2490,2753,40555,23180,7496,9737,3176,482,2380,6645,0] p=[2,0,2,0,4,0,1833,1,0,2,0,0,3,6645,1,3,0] sig=B05D2:3C626E86778652BF end=1
JK	0	02:30:10.830	Core 01	2026.08.07 08:00:00   [AdaptiveSurvivalEA][BRAIN_UPDATE] schema=B05T1 h=1786086000 d=[1,-4550,1,-1872,-1527,-10000,-48152,-4105,-4550] m=[3,1797,-36,-36,1273,1,0,0,0,7077,424,424,2121,2121,1797,227467,228607,-1140] v=[0,2727,3,5895,1,1,5,9,5453,7,8,1239,0,6,6,0,200,3,2,0,1699,4105,171,10000,48152,1364,10000,10000,4105,413,4380,5895,0] p=[1,0,2,0,3,0,1797,1,0,2,0,0,3,5895,1,3,0] sig=B05D2:1AA74F1F17F9DD6A end=1
MM	0	02:30:10.830	Core 01	2026.08.07 09:00:00   [AdaptiveSurvivalEA][BRAIN_UPDATE] schema=B05T1 h=1786089600 d=[2,-4193,1,-1390,-1299,-10000,-30844,-3080,-4193] m=[3,2161,364,364,-220,1,0,1602,1111,7083,-40,40,400,-400,2161,212612,227467,-14855] v=[0,2917,3,6151,1,1,5,9,5833,7,8,1068,0,6,6,102,0,2,3,749,0,3080,1402,10000,30844,11963,10000,8889,3080,640,4000,6151,0] p=[2,0,2,0,3,0,2161,1,0,2,0,0,3,6151,1,3,0] sig=B05D2:B7B82627F2E3F673 end=1
LS	0	02:30:10.830	Core 01	2026.08.07 10:00:00   [AdaptiveSurvivalEA][BRAIN_UPDATE] schema=B05T1 h=1786093200 d=[2,-2084,1,2,-733,0,-28362,-2749,-2084] m=[0,6894,4733,4733,4406,1,0,10862,6506,7229,2092,2062,6750,6750,6894,212240,212612,-372] v=[0,2930,3,2534,1,1,5,8,5859,7,8,900,0,6,6,0,271,3,2,0,629,2749,2781,0,28362,19913,4243,3494,2749,300,1029,2534,0] p=[2,0,2,0,0,0,6894,1,0,2,0,0,3,2534,1,3,0] sig=B05D2:236D6BF2C94D138 end=1
QM	0	02:30:10.830	Core 01	2026.08.07 11:00:00   [AdaptiveSurvivalEA][BRAIN_UPDATE] schema=B05T1 h=1786096800 d=[2,-1530,1,743,-412,0,-16193,-1752,-1530] m=[0,4320,-2575,-2575,3486,1,0,3690,4865,5676,1763,1745,5227,5227,4320,211918,212240,-322] v=[0,2903,3,4236,1,1,5,8,5805,7,7,804,0,6,6,1084,0,2,3,1617,0,1752,3561,0,16193,26137,0,5135,1752,1168,0,4236,0] p=[2,0,2,0,0,1,4320,1,0,2,0,0,3,4236,1,3,0] sig=B05D2:E128B4AFBF3D4589 end=1
MI	0	02:30:10.830	Core 01	2026.08.07 12:00:00   [AdaptiveSurvivalEA][BRAIN_UPDATE] schema=B05T1 h=1786100400 d=[2,3906,1,1480,-58,10000,24993,3333,3906] m=[0,8342,4023,4023,5754,1,0,12192,8696,9710,4226,3992,7517,7517,8342,237813,211918,25895] v=[0,2954,3,870,1,1,5,8,5908,7,7,815,0,5,7,2397,0,2,3,4389,0,3333,4696,0,24993,37160,0,1304,3333,2534,0,870,0] p=[2,0,2,0,0,0,8342,1,0,2,0,0,3,870,1,0,1] sig=B05D2:472348AB533C12CF end=1
JG	0	02:30:10.830	Core 01	2026.08.07 13:00:00   [AdaptiveSurvivalEA][BRAIN_UPDATE] schema=B05T1 h=1786104000 d=[3,6109,1,5841,2057,10000,60849,6832,6109] m=[1,8655,312,312,8778,1,0,46045,7315,8463,11634,8221,9335,9335,8655,283950,237813,46137] v=[0,5171,0,6832,1,1,9,8,10341,7,7,634,0,8,7,0,677,4,3,0,1812,6832,4921,3884,60849,37688,6146,2685,6832,211,2504,851,0] p=[3,0,2,0,1,0,8655,1,0,2,0,0,0,6832,1,0,0] sig=B05D2:A98146F254777887 end=1
OQ	0	02:30:10.830	Core 01	2026.08.07 14:00:00   [AdaptiveSurvivalEA][BRAIN_UPDATE] schema=B05T1 h=1786107600 d=[3,6085,1,7088,2743,10000,35874,3926,6085] m=[1,8004,-651,-651,5589,1,0,15110,7819,9362,7072,6089,5088,5088,8004,323936,283950,39986] v=[0,5880,0,3926,1,1,10,8,11761,7,7,393,0,8,7,0,1445,4,3,0,3874,3926,4781,0,35874,37480,0,2181,3926,131,1064,1325,0] p=[3,1,2,0,1,0,8004,1,0,2,0,0,0,3926,1,0,0] sig=B05D2:8BFDACF3EC3E9932 end=1
CF	0	02:30:10.830	Core 01	2026.08.07 15:00:00   [AdaptiveSurvivalEA][BRAIN_UPDATE] schema=B05T1 h=1786111200 d=[3,5108,1,4260,1749,10000,28778,3190,5108] m=[1,4791,-3212,-3212,4022,1,0,4569,3381,7986,4725,4402,3642,3642,4791,323283,323936,-653] v=[0,6222,0,3190,1,1,10,8,12445,7,7,155,0,9,7,0,2267,5,3,0,4573,3190,4874,0,28778,37871,0,6619,3190,52,1368,4508,0] p=[3,2,2,0,1,1,4791,1,0,2,0,0,0,3190,1,3,1] sig=B05D2:A44A2761A0D10340 end=1
PM	0	02:30:10.830	Core 01	2026.08.07 16:00:00   [AdaptiveSurvivalEA][BRAIN_UPDATE] schema=B05T1 h=1786114800 d=[3,5012,1,3740,1629,10000,32716,3600,5012] m=[2,4846,55,55,4852,1,0,4847,3881,6045,5835,5252,4452,4452,4846,321589,323283,-1694] v=[0,6488,0,3600,1,1,11,8,12976,7,7,0,63,9,7,0,2185,5,3,0,5631,3600,5412,0,32716,39949,0,6119,3600,0,1576,3916,0] p=[3,2,2,0,2,0,4846,1,0,2,0,0,0,3600,1,0,0] sig=B05D2:C5FFC44261F5A874 end=1
MM	0	02:30:10.830	Core 01	2026.08.07 17:00:00   [AdaptiveSurvivalEA][BRAIN_UPDATE] schema=B05T1 h=1786118400 d=[3,5056,1,3719,1696,10000,32973,3822,5056] m=[4,1843,-3003,-3003,4152,1,0,535,619,1546,4616,4314,3991,3991,1843,334071,321589,12482] v=[0,6780,0,3822,1,1,11,8,13561,7,7,0,353,9,7,0,2512,5,3,0,5385,3822,5478,0,32973,42320,0,9381,3822,0,1650,5796,12] p=[3,2,2,0,4,0,1843,1,0,2,0,0,0,3822,1,3,1] sig=B05D2:4F49277DE1CADA45 end=1
QG	0	02:30:10.830	Core 01	2026.08.07 18:00:00   [AdaptiveSurvivalEA][BRAIN_UPDATE] schema=B05T1 h=1786122000 d=[3,5081,1,3550,1702,10000,36274,4262,5081] m=[3,3445,1601,1601,-3122,1,0,1757,3448,6034,-2038,2010,4234,-4234,3445,344889,334071,10818] v=[0,6875,0,4262,1,1,11,8,13749,7,7,0,587,9,8,0,2287,5,3,0,5087,4262,5513,0,36274,42672,0,6552,4262,0,1592,3759,34] p=[3,2,2,0,3,0,3445,1,0,2,0,0,0,4262,1,0,0] sig=B05D2:535AA34BA03AA67F end=1
PF	0	02:30:10.830	Core 01	2026.08.07 19:00:00   [AdaptiveSurvivalEA][BRAIN_UPDATE] schema=B05T1 h=1786125600 d=[3,5141,1,3622,1796,10000,37009,4378,5141] m=[2,4747,1302,1302,2791,1,0,3333,5417,8611,1197,1191,4390,4390,4747,367379,344889,22490] v=[1,7055,0,4378,1,1,12,8,14109,7,7,0,846,9,7,0,2826,5,3,0,5298,4378,4969,0,37009,40217,0,4583,4378,0,1794,2577,72] p=[3,2,2,0,2,0,4747,1,1,0,1,0,0,4378,1,0,0] sig=B05D2:324583165EEA74C4 end=1
KP	0	02:30:10.830	Core 01	2026.08.07 20:00:00   [AdaptiveSurvivalEA][BRAIN_UPDATE] schema=B05T1 h=1786129200 d=[3,4918,1,3237,1699,10000,31194,3761,4918] m=[2,4516,-231,-231,3501,1,0,2828,3736,9121,1381,1372,5629,5629,4516,399264,367379,31885] v=[1,7234,0,3761,1,1,12,8,14468,8,7,0,1141,10,7,0,3660,5,3,0,5964,3761,3990,0,31194,32653,0,6264,3761,0,2153,3908,130] p=[3,2,2,0,2,0,4516,1,1,1,1,0,0,3761,1,0,0] sig=B05D2:BE484162B9D31E21 end=1
EP	0	02:30:10.830	Core 01	2026.08.09 21:05:00   [AdaptiveSurvivalEA][BRAIN_UPDATE] schema=B05T1 h=1786132800 d=[3,4642,1,2371,1396,10000,32213,4014,4642] m=[4,3019,-1497,-1497,29,1,0,2623,5079,5397,-16,16,75,75,3019,362493,399264,-36772] v=[1,7325,0,4014,1,1,12,8,14651,8,7,0,1379,10,7,0,3400,5,3,0,4520,4014,4469,0,32213,39565,0,4921,4014,0,1860,2945,190] p=[3,2,2,0,4,0,3019,1,1,2,1,0,0,4014,1,0,0] sig=B05D2:D763549384777CE3 end=1
JQ	0	02:30:10.830	Core 01	2026.08.09 22:00:00   [AdaptiveSurvivalEA][BRAIN_UPDATE] schema=B05T1 h=1786309200 d=[2,4495,1,1996,1284,10000,31386,3934,4495] m=[3,2912,-107,-107,62,1,0,1322,3265,8163,-380,380,504,504,2912,344986,362493,-17507] v=[1,7255,0,3934,1,1,12,8,14510,8,7,0,1583,10,7,0,3116,5,3,0,3904,3934,4009,0,31386,37360,0,6735,3934,0,1721,4085,251] p=[2,0,2,0,3,0,2912,1,1,2,1,0,0,3934,1,0,0] sig=B05D2:D036C4256548FBD3 end=1
KQ	0	02:30:10.830	Core 01	2026.08.09 23:00:00   [AdaptiveSurvivalEA][BRAIN_UPDATE] schema=B05T1 h=1786312800 d=[2,4238,1,1561,1132,10000,27901,3353,4238] m=[0,6067,3155,3155,-2671,1,0,5118,8493,9315,-1733,1716,3625,-3625,6067,300338,344986,-44648] v=[1,7249,0,3353,1,1,12,8,14497,8,7,0,1860,10,7,0,3972,5,3,0,5839,3353,3611,0,27901,33497,0,1507,3353,0,2334,1002,346] p=[2,0,2,0,0,0,6067,1,1,2,1,0,0,3353,1,0,0] sig=B05D2:51C6295BBBDF74AA end=1
KD	0	02:30:10.830	Core 01	2026.08.10 00:00:00   [AdaptiveSurvivalEA][BRAIN_UPDATE] schema=B05T1 h=1786316400 d=[2,4047,1,1109,976,10000,27154,3239,4047] m=[0,2236,-3831,-3831,-5121,1,0,85,238,3095,-2419,2373,7869,-7869,2236,267119,300338,-33219] v=[1,7065,0,3239,1,1,12,8,14130,9,7,0,2121,10,7,0,4232,5,3,0,5298,3239,3151,281,27154,31466,0,9762,3239,0,2386,6600,450] p=[2,0,2,0,0,1,2236,1,1,2,1,0,0,3239,1,3,1] sig=B05D2:9D68904BC1434D06 end=1
DJ	0	02:30:10.830	Core 01	2026.08.10 01:00:00   [AdaptiveSurvivalEA][BRAIN_UPDATE] schema=B05T1 h=1786320000 d=[2,4121,1,1218,1021,10000,29090,3412,4121] m=[3,3978,1742,1742,-2251,1,0,2096,4808,7885,-1408,1399,3103,-3103,3978,234181,267119,-32938] v=[1,7114,0,3412,1,1,12,8,14227,9,7,0,2507,10,7,0,4808,5,3,0,5809,3412,3057,1162,29090,34310,0,5192,3412,0,2857,3421,628] p=[2,0,2,0,3,0,3978,1,1,2,1,0,0,3412,1,0,0] sig=B05D2:69EF18E432910DE0 end=1
LF	0	02:30:10.830	Core 01	2026.08.10 02:00:00   [AdaptiveSurvivalEA][BRAIN_UPDATE] schema=B05T1 h=1786323600 d=[2,3971,1,997,937,10000,26527,3028,3971] m=[2,4426,448,448,-2520,1,0,3431,5694,6944,-1556,1544,3496,-3496,4426,216123,234181,-18058] v=[1,7107,0,3028,1,1,12,8,14213,9,7,0,3031,10,7,0,5328,5,3,0,7288,3028,2626,1528,26527,32619,0,4306,3028,0,3435,3002,918] p=[2,0,2,0,2,0,4426,1,1,2,1,0,0,3028,1,0,0] sig=B05D2:F1070A4D072D6572 end=1
LS	0	02:30:10.830	Core 01	2026.08.10 03:00:00   [AdaptiveSurvivalEA][BRAIN_UPDATE] schema=B05T1 h=1786327200 d=[2,3819,1,546,977,10000,35149,2760,3819] m=[2,5047,620,620,-4122,1,0,2860,5714,8333,-2407,2361,5882,-5882,5047,212354,216123,-3769] v=[0,4997,0,2760,1,1,8,8,9995,10,7,0,3367,10,7,0,5641,5,3,0,8322,2760,3176,0,35149,40555,0,4286,2760,0,3466,3103,1134] p=[2,0,2,0,2,0,5047,1,0,0,0,0,0,2760,1,0,0] sig=B05D2:7AE4D19EDFA44982 end=1
NO	0	02:30:10.830	Core 01	2026.08.10 04:00:00   [AdaptiveSurvivalEA][BRAIN_UPDATE] schema=B05T1 h=1786330800 d=[2,2036,1,-96,799,0,36427,2450,2036] m=[2,5266,219,219,-3521,1,0,3534,6047,9070,-1767,1749,5294,-5294,5266,231180,212354,18825] v=[0,4389,0,2450,1,1,7,8,8778,10,7,0,3663,10,6,0,5799,6,3,0,10000,2450,4105,0,36427,48152,0,3953,2450,0,3892,2985,1341] p=[2,0,2,0,2,0,5266,1,0,1,0,0,0,2450,1,2,1] sig=B05D2:90191A21082F4F02 end=1
JQ	0	02:30:10.830	Core 01	2026.08.10 05:00:00   [AdaptiveSurvivalEA][BRAIN_UPDATE] schema=B05T1 h=1786334400 d=[2,3538,1,-153,822,10000,41880,2532,3538] m=[2,4025,-1241,-1241,-2169,1,0,3141,4667,7111,-1346,1338,3000,-3000,4025,252272,231180,21093] v=[0,4000,2,4653,1,1,7,8,8001,10,7,0,3899,10,6,0,5786,6,2,0,10000,2532,3080,0,41880,30844,3578,5333,2532,0,4653,3983,1521] p=[2,0,2,0,2,0,4025,1,0,2,0,0,2,4653,1,2,0] sig=B05D2:BAD719E7F7C4F106 end=1
EF	0	02:30:10.830	Core 01	2026.08.10 06:00:00   [AdaptiveSurvivalEA][BRAIN_UPDATE] schema=B05T1 h=1786338000 d=[2,3879,1,731,1219,10000,42016,2387,3879] m=[2,4723,698,698,-1746,1,0,5353,5410,7541,-1200,1195,2297,-2297,4723,228803,252272,-23469] v=[0,3702,2,4937,1,1,6,8,7404,10,7,0,4146,10,6,0,5723,5,3,0,10000,2387,2749,0,42016,28362,4814,4590,2387,0,4937,3494,1719] p=[2,0,2,0,2,0,4723,1,0,2,0,0,2,4937,1,2,0] sig=B05D2:862054B9E353438 end=1
LL	0	02:30:10.830	Core 01	2026.08.10 07:00:00   [AdaptiveSurvivalEA][BRAIN_UPDATE] schema=B05T1 h=1786341600 d=[2,4140,1,1284,1477,10000,47579,2603,4140] m=[4,1309,-3414,-3414,424,1,0,342,385,5000,205,205,642,642,1309,201048,228803,-27755] v=[0,3521,2,7307,1,1,6,8,7042,10,7,0,4457,10,6,0,7220,5,2,0,10000,2603,1752,4860,47579,16193,10000,9615,2603,0,7307,7113,1987] p=[2,0,2,0,4,0,1309,1,0,2,0,0,2,7307,1,2,0] sig=B05D2:B180805E338F59C end=1
FE	0	02:30:10.830	Core 01	2026.08.10 08:00:00   [AdaptiveSurvivalEA][BRAIN_UPDATE] schema=B05T1 h=1786345200 d=[2,4388,1,1971,1671,10000,43486,2603,4388] m=[0,6022,4713,4713,4537,1,0,9073,4296,6593,2753,2686,6389,6389,6022,204491,201048,3443] v=[0,3861,2,6352,1,1,6,8,7723,10,7,0,4913,10,5,0,9449,5,2,0,10000,2603,3333,0,43486,24993,7399,5704,2603,0,6352,4219,2414] p=[2,0,2,0,0,0,6022,1,0,2,0,0,2,6352,1,2,0] sig=B05D2:738EA92E1ED242D5 end=1
FS	0	02:30:10.830	Core 01	2026.08.10 09:00:00   [AdaptiveSurvivalEA][BRAIN_UPDATE] schema=B05T1 h=1786348800 d=[2,1108,1,2737,2009,10000,-18508,-1738,1108] m=[0,2567,-3455,-3455,6729,1,0,0,0,2742,3607,3458,10000,10000,2567,208152,204491,3661] v=[0,3823,2,1017,1,1,6,8,7647,10,7,0,4710,8,8,0,377,3,4,926,0,1738,6832,0,18508,60849,0,10000,1738,309,1017,8262,2219] p=[2,0,2,0,0,1,2567,1,0,2,0,0,2,1017,1,3,1] sig=B05D2:5C67B3F3857D77A9 end=1
LD	0	02:30:10.830	Core 01	2026.08.10 10:00:00   [AdaptiveSurvivalEA][BRAIN_UPDATE] schema=B05T1 h=1786352400 d=[2,2227,1,1917,1721,10000,-1618,-177,2227] m=[0,6038,3471,3471,2802,1,0,6960,6056,9718,1618,1605,4000,4000,6038,186419,208152,-21733] v=[0,3740,3,3874,1,1,6,8,7480,10,7,0,4277,7,8,1178,0,3,4,3394,0,177,3926,0,1618,35874,0,3944,177,1524,855,3874,1829] p=[2,0,2,0,0,0,6038,1,0,2,0,0,3,3874,1,3,0] sig=B05D2:36425171DE80740 end=1
IQ	0	02:30:10.830	Core 01	2026.08.10 11:00:00   [AdaptiveSurvivalEA][BRAIN_UPDATE] schema=B05T1 h=1786356000 d=[2,2659,1,883,1331,10000,3504,393,2659] m=[0,3130,-2909,-2909,283,1,0,2503,4054,7027,67,67,500,500,3130,187571,186419,1152] v=[0,3632,3,5713,1,1,6,8,7264,9,7,0,3745,7,9,2293,0,3,5,4028,0,393,3190,0,3504,28778,0,5946,393,2107,749,5713,1403] p=[2,0,2,0,0,1,3130,1,0,2,0,0,3,5713,1,3,0] sig=B05D2:16168C24B2C28854 end=1
NM	0	02:30:10.830	Core 01	2026.08.10 12:00:00   [AdaptiveSurvivalEA][BRAIN_UPDATE] schema=B05T1 h=1786359600 d=[2,-998,1,112,971,0,-9420,-1133,-998] m=[3,3481,351,351,-1236,1,0,4548,3733,5200,-910,907,1565,-1565,3481,212627,187571,25056] v=[0,3737,3,5557,1,1,6,8,7473,9,7,0,3187,6,9,2826,0,3,5,4555,0,1133,3600,0,9420,32716,0,6267,1133,2460,637,5557,1016] p=[2,0,2,0,3,0,3481,1,0,2,0,0,3,5557,1,3,0] sig=B05D2:1071F95165283656 end=1
EI	0	02:30:10.830	Core 01	2026.08.10 13:00:00   [AdaptiveSurvivalEA][BRAIN_UPDATE] schema=B05T1 h=1786363200 d=[2,-1994,1,-1147,392,0,-18740,-2121,-1994] m=[0,7224,3743,3743,-6944,1,0,8661,5500,8000,-4441,4170,9718,-9718,7224,244743,212627,32116] v=[0,3856,3,3545,1,1,6,8,7713,9,7,0,2559,6,9,2992,0,3,5,4010,0,2121,3822,0,18740,32973,0,4500,2121,2334,512,3545,655] p=[2,0,2,0,0,0,7224,1,0,2,0,0,3,3545,1,3,0] sig=B05D2:651D80C45A8687F2 end=1
PQ	0	02:30:10.830	Core 01	2026.08.10 14:00:00   [AdaptiveSurvivalEA][BRAIN_UPDATE] schema=B05T1 h=1786366800 d=[2,-4028,1,-2030,-81,-10000,-23801,-2880,-4028] m=[0,5275,-1949,-1949,-7239,1,0,3252,2200,8700,-4819,4478,10000,-10000,5275,275917,244743,31174] v=[0,4110,3,5553,1,1,7,8,8220,9,7,0,1966,7,9,2746,0,3,5,3958,0,2880,4262,0,23801,36274,0,7800,2880,2235,393,5553,386] p=[2,0,2,0,0,1,5275,1,0,2,0,0,3,5553,1,3,0] sig=B05D2:F655C08A0E23ED16 end=1
CJ	0	02:30:10.830	Core 01	2026.08.10 15:00:00   [AdaptiveSurvivalEA][BRAIN_UPDATE] schema=B05T1 h=1786370400 d=[2,-2030,1,-1076,193,0,-18176,-2224,-2030] m=[2,5809,534,534,-2027,1,0,9435,5965,6754,-1443,1433,2620,-2620,5809,290416,275917,14498] v=[0,4381,3,3138,1,1,7,8,8762,8,7,0,1362,7,9,2696,0,3,5,3791,0,2224,4378,0,18176,37009,0,4035,2224,2162,272,3138,185] p=[2,0,2,0,2,0,5809,1,0,2,0,0,3,3138,1,3,0] sig=B05D2:ADE2E081FB9F4E2 end=1
IN	0	02:30:10.830	Core 01	2026.08.10 16:00:00   [AdaptiveSurvivalEA][BRAIN_UPDATE] schema=B05T1 h=1786374000 d=[2,-1506,1,-115,540,0,-14153,-1821,-1506] m=[4,1253,-4555,-4555,-1632,1,0,416,417,2778,-1110,1105,2159,-2159,1253,302981,290416,12565] v=[0,4386,3,7838,1,1,7,8,8772,8,8,0,721,7,10,3033,0,3,5,4162,0,1821,3761,0,14153,31194,0,9583,1821,2398,144,7838,52] p=[2,0,2,0,4,0,1253,1,0,2,0,0,3,7838,1,3,0] sig=B05D2:25D81C8CBA02413 end=1
GJ	0	02:30:10.830	Core 01	2026.08.10 17:00:00   [AdaptiveSurvivalEA][BRAIN_UPDATE] schema=B05T1 h=1786377600 d=[2,-1801,1,-702,245,0,-14910,-1979,-1801] m=[2,4838,3584,3584,-2153,1,0,5938,4787,7553,-1504,1493,2812,-2812,4838,320015,302981,17034] v=[0,4617,3,4181,1,1,8,8,9234,8,8,0,116,7,10,2885,0,3,5,3919,0,1979,4014,0,14910,32213,0,5213,1979,2268,23,4181,1] p=[2,0,2,0,2,0,4838,1,0,2,0,0,3,4181,1,3,0] sig=B05D2:43D67B905115F5E1 end=1
LS	0	02:30:10.830	Core 01	2026.08.10 18:00:00   [AdaptiveSurvivalEA][BRAIN_UPDATE] schema=B05T1 h=1786381200 d=[2,-3935,1,-1690,-210,-10000,-21677,-2791,-3935] m=[2,4978,140,140,-1745,1,0,5548,6418,7313,-1161,1156,2333,-2333,4978,352611,320015,32597] v=[0,4731,3,2582,1,1,8,8,9463,8,8,442,0,7,10,2707,0,3,5,3580,0,2791,3934,0,21677,31386,0,3582,2791,2243,0,2582,0] p=[2,0,2,0,2,0,4978,1,0,2,0,0,3,2582,1,3,0] sig=B05D2:CBBBF81EB2868FA3 end=1
MD	0	02:30:10.830	Core 01	2026.08.10 19:00:00   [AdaptiveSurvivalEA][BRAIN_UPDATE] schema=B05T1 h=1786384800 d=[2,-4007,1,-2150,-459,-10000,-17114,-2346,-4007] m=[4,2404,-2574,-2574,-1316,1,0,1287,2083,5833,-849,847,1786,-1786,2404,386121,352611,33509] v=[0,4755,3,6060,1,1,8,8,9509,8,8,990,0,7,10,2999,0,3,5,4480,0,2346,3353,0,17114,27901,0,7917,2346,2823,0,6060,0] p=[2,0,2,0,4,0,2404,1,0,2,0,0,3,6060,1,3,0] sig=B05D2:536928A55021439E end=1
QS	0	02:30:10.830	Core 01	2026.08.10 20:00:00   [AdaptiveSurvivalEA][BRAIN_UPDATE] schema=B05T1 h=1786388400 d=[2,-4063,1,-2168,-522,-10000,-18428,-2434,-4063] m=[3,3611,1207,1207,-6369,1,0,663,1724,5517,-2811,2739,10000,-10000,3611,415162,386121,29041] v=[0,4626,3,6261,1,1,8,8,9252,7,9,1508,0,7,10,3090,0,3,5,4341,0,2434,3239,0,18428,27154,0,8276,2434,2980,0,6261,0] p=[2,0,2,0,3,0,3611,1,0,2,0,0,3,6261,1,3,0] sig=B05D2:13BA0F5007243C0D end=1
KE	0	02:30:10.830	Core 01	2026.08.10 21:01:00   [AdaptiveSurvivalEA][BRAIN_UPDATE] schema=B05T1 h=1786392000 d=[2,-4105,1,-1990,-503,-10000,-21665,-2862,-4105] m=[3,3815,203,203,-5559,1,0,823,3529,5294,-2660,2599,8519,-8519,3815,440331,415162,25169] v=[0,4487,3,4618,1,1,7,8,8974,7,9,2055,0,7,10,3347,0,3,5,4659,0,2862,3412,0,21665,29090,0,6471,2862,3354,0,4618,0] p=[2,0,2,0,3,0,3815,1,0,2,0,0,3,4618,1,3,0] sig=B05D2:11767C62DD506A58 end=1
MM	0	02:30:10.830	Core 01	2026.08.10 22:00:00   [AdaptiveSurvivalEA][BRAIN_UPDATE] schema=B05T1 h=1786395600 d=[2,-3893,1,-1823,-462,-10000,-17327,-2186,-3893] m=[3,3931,116,116,-3817,1,0,920,2222,10000,-1411,1401,6232,-6232,3931,474993,440331,34662] v=[0,4029,3,6078,1,1,7,8,8058,7,9,2644,0,6,10,3653,0,3,5,5151,0,2186,3028,0,17327,26527,0,7778,2186,3816,0,6078,0] p=[2,0,2,0,3,0,3931,1,0,2,0,0,3,6078,1,3,0] sig=B05D2:57F99E716AB686DC end=1
RG	0	02:30:10.830	Core 01	2026.08.10 23:00:00   [AdaptiveSurvivalEA][BRAIN_UPDATE] schema=B05T1 h=1786399200 d=[2,-3530,1,-1484,-364,-10000,-12377,-1531,-3530] m=[3,3932,1,1,1599,1,0,1607,5000,9000,225,225,2973,2973,3932,442727,474993,-32266] v=[0,3864,3,4235,1,1,6,8,7727,7,10,2903,0,6,10,3773,0,2,5,5384,0,1531,2760,0,12377,35149,0,5000,1531,4020,0,4235,0] p=[2,0,2,0,3,0,3932,1,0,2,0,0,3,4235,1,3,0] sig=B05D2:1F5798AD320AE73D end=1
MG	0	02:30:10.830	Core 01	2026.08.11 00:00:00   [AdaptiveSurvivalEA][BRAIN_UPDATE] schema=B05T1 h=1786402800 d=[2,-2611,1,-896,-159,-10000,-5142,-624,-2611] m=[2,5173,1242,1242,4607,1,0,3483,4773,8636,1261,1254,7959,7959,5173,387184,442727,-55544] v=[0,3763,3,4901,1,1,6,8,7526,7,10,3069,0,6,10,3700,0,2,6,5537,0,624,2450,0,5142,36427,0,5227,624,4102,0,4901,0] p=[2,0,2,0,2,0,5173,1,0,2,0,0,3,4901,1,3,0] sig=B05D2:7E6AB6EEE93694C9 end=1
DJ	0	02:30:10.830	Core 01	2026.08.11 01:00:00   [AdaptiveSurvivalEA][BRAIN_UPDATE] schema=B05T1 h=1786406400 d=[2,-2851,1,-475,-16,-10000,-8555,-1092,-2851] m=[4,2177,-2996,-2996,5719,1,0,165,227,1818,1448,1438,10000,10000,2177,370018,387184,-17166] v=[0,3813,3,8705,1,1,6,8,7626,7,10,3160,0,6,10,3620,0,2,6,5768,0,1092,2532,0,8555,41880,0,9773,1092,4183,0,8705,0] p=[2,0,2,0,4,0,2177,1,0,2,0,0,3,8705,1,3,0] sig=B05D2:D0F0A362F8645FC0 end=1
HE	0	02:30:10.830	Core 01	2026.08.11 02:00:00   [AdaptiveSurvivalEA][BRAIN_UPDATE] schema=B05T1 h=1786410000 d=[2,-1704,1,-355,17,0,-13800,-1865,-1704] m=[3,3026,849,849,5694,1,0,665,606,5000,1397,1388,10000,10000,3026,336591,370018,-33427] v=[0,3790,3,7642,1,1,6,8,7580,7,10,3209,0,6,10,3523,0,2,5,5951,0,1865,2387,0,13800,42016,0,9394,1865,4228,0,7642,0] p=[2,0,2,0,3,0,3026,1,0,2,0,0,3,7642,1,3,0] sig=B05D2:C0C18186F6A81CDF end=1
JK	0	02:30:10.830	Core 01	2026.08.11 03:00:00   [AdaptiveSurvivalEA][BRAIN_UPDATE] schema=B05T1 h=1786413600 d=[2,-3922,1,-1338,-399,-10000,-25610,-2941,-3922] m=[0,6902,3876,3876,-1981,1,0,11268,8462,8462,-1024,1021,2941,-2941,6902,303838,336591,-32753] v=[0,3708,3,1086,1,1,6,8,7415,7,10,3242,0,7,10,3441,0,3,5,5300,0,2941,2603,1299,25610,47579,0,1538,2941,3994,260,1086,0] p=[2,0,2,0,0,0,6902,1,0,2,0,0,3,1086,1,1,1] sig=B05D2:FD56FA737BACB5EA end=1
GF	0	02:30:10.830	Core 01	2026.08.11 04:00:00   [AdaptiveSurvivalEA][BRAIN_UPDATE] schema=B05T1 h=1786417200 d=[2,-4296,1,-1915,-667,-10000,-32655,-3779,-4296] m=[0,4026,-2876,-2876,-698,1,0,5232,5179,6071,-397,397,1000,-1000,4026,275452,303838,-28386] v=[0,3524,1,4311,1,1,6,8,7048,7,10,3335,0,6,10,4038,0,2,5,5560,0,3779,2603,4517,32655,43486,0,4821,3779,4311,903,3000,0] p=[2,0,2,0,0,1,4026,1,0,2,0,0,1,4311,1,1,0] sig=B05D2:625C9CB464257B94 end=1
JN	0	02:30:10.830	Core 01	2026.08.11 05:00:00   [AdaptiveSurvivalEA][BRAIN_UPDATE] schema=B05T1 h=1786420800 d=[2,-4086,1,-1327,-468,-10000,-35485,-3836,-4086] m=[4,1832,-2195,-2195,-2217,1,0,0,0,5833,-1241,1235,3200,-3200,1832,247765,275452,-27687] v=[0,3293,1,2852,1,1,5,8,6587,7,10,3317,0,6,8,2236,0,2,3,3003,0,3836,1738,10000,35485,18508,9172,10000,3836,2852,3834,6164,0] p=[2,0,2,0,4,0,1832,1,0,2,0,0,1,2852,1,3,1] sig=B05D2:18CB1E34B80753C8 end=1
LS	0	02:30:10.830	Core 01	2026.08.11 06:00:00   [AdaptiveSurvivalEA][BRAIN_UPDATE] schema=B05T1 h=1786424400 d=[2,-4127,1,-1552,-592,-10000,-31580,-3481,-4127] m=[3,3585,1753,1753,-3123,1,0,3420,3696,4348,-2011,1985,4261,-4261,3585,232388,247765,-15377] v=[0,3188,3,4110,1,1,5,8,6375,7,10,3257,0,6,7,1783,0,2,3,2199,0,3481,177,10000,31580,1618,10000,6304,3481,2413,4000,4110,0] p=[2,0,2,0,3,0,3585,1,0,2,0,0,3,4110,1,3,0] sig=B05D2:8A3BC406AE67834 end=1
QL	0	02:30:10.830	Core 01	2026.08.11 07:00:00   [AdaptiveSurvivalEA][BRAIN_UPDATE] schema=B05T1 h=1786428000 d=[1,-4557,1,-2480,-1012,-10000,-36487,-3849,-4557] m=[2,5956,2371,2371,-4956,1,0,8725,4231,6154,-3887,3702,6209,-6209,5956,244582,232388,12194] v=[0,3247,3,3548,1,1,5,8,6495,6,9,3154,0,6,7,666,0,2,3,1218,0,3849,393,10000,36487,3504,10000,5769,3849,1679,4000,3548,0] p=[1,0,2,0,2,0,5956,1,0,2,0,0,3,3548,1,3,0] sig=B05D2:3F54183714BF774D end=1
QJ	0	02:30:10.830	Core 01	2026.08.11 08:00:00   [AdaptiveSurvivalEA][BRAIN_UPDATE] schema=B05T1 h=1786431600 d=[1,-5132,1,-3880,-1645,-10000,-39806,-4108,-5132] m=[0,7201,1244,1244,-4408,1,0,9709,6098,9634,-3184,3081,5735,-5735,7201,260983,244582,16402] v=[0,3327,3,2299,1,1,5,8,6654,6,9,3038,0,6,6,186,0,3,3,399,0,4108,1133,10000,39806,9420,10000,3902,4108,1208,4000,2299,0] p=[1,1,2,0,0,0,7201,1,0,2,0,0,3,2299,1,0,1] sig=B05D2:B0B0D920DD33F1A end=1
FQ	0	02:30:10.830	Core 01	2026.08.11 09:00:00   [AdaptiveSurvivalEA][BRAIN_UPDATE] schema=B05T1 h=1786435200 d=[1,-4712,1,-3553,-1594,-10000,-20643,-2273,-4712] m=[0,5505,-1696,-1696,-3598,1,0,7319,5342,6301,-2702,2638,4558,-4558,5505,276930,260983,15947] v=[0,3450,3,3599,1,1,5,8,6901,6,9,2906,0,6,6,417,0,2,3,1496,0,2273,2121,714,20643,18740,1016,4658,2273,1606,346,3599,0] p=[1,2,2,0,0,1,5505,1,0,2,0,0,3,3599,1,3,0] sig=B05D2:29BD59079B994BD1 end=1
QL	0	02:30:10.830	Core 01	2026.08.11 10:00:00   [AdaptiveSurvivalEA][BRAIN_UPDATE] schema=B05T1 h=1786438800 d=[2,-4056,1,-2273,-1139,-10000,-14698,-1688,-4056] m=[4,3570,-1936,-1936,-2970,1,0,1470,1778,9333,-2352,2309,3631,-3631,3570,290750,276930,13820] v=[0,3530,3,6835,1,1,5,8,7060,6,9,2794,0,6,7,1129,0,2,3,1768,0,1688,2880,0,14698,23801,0,8222,1688,1897,0,6835,0] p=[2,0,2,0,4,0,3570,1,0,2,0,0,3,6835,1,3,0] sig=B05D2:BA395A8ED8016C85 end=1
OR	0	02:30:10.830	Core 01	2026.08.11 11:00:00   [AdaptiveSurvivalEA][BRAIN_UPDATE] schema=B05T1 h=1786442400 d=[2,-4352,1,-1868,-1006,-10000,-26910,-3741,-4352] m=[4,1810,-1760,-1760,-2439,1,0,704,784,3529,-1794,1775,3103,-3103,1810,279628,290750,-11123] v=[0,3693,3,5768,1,1,6,8,7386,6,8,2693,0,6,7,1856,0,2,3,3218,0,3741,2224,6819,26910,18176,4805,9216,3741,2589,2325,5768,0] p=[2,0,2,0,4,0,1810,1,0,2,0,0,3,5768,1,3,0] sig=B05D2:597E661711D89816 end=1
IO	0	02:30:10.830	Core 01	2026.08.11 12:00:00   [AdaptiveSurvivalEA][BRAIN_UPDATE] schema=B05T1 h=1786446000 d=[2,-4270,1,-1675,-941,-10000,-24773,-3725,-4270] m=[3,1888,79,79,-430,1,0,326,222,8111,-293,293,566,-566,1888,259690,279628,-19938] v=[0,3991,3,6135,1,1,6,8,7982,6,8,2545,0,6,7,1610,0,2,3,2870,0,3725,1821,10000,24773,14153,7504,9778,3725,2342,3501,6135,0] p=[2,0,2,0,3,0,1888,1,0,2,0,0,3,6135,1,3,0] sig=B05D2:254D46D4FF1147EF end=1
FD	0	02:30:10.830	Core 01	2026.08.11 13:00:00   [AdaptiveSurvivalEA][BRAIN_UPDATE] schema=B05T1 h=1786449600 d=[2,-1565,1,-688,-539,0,-8323,-1346,-1565] m=[0,6270,4382,4382,5678,1,0,7431,4854,7476,2705,2641,8716,8716,6270,236150,259690,-23540] v=[0,4380,3,4453,1,1,7,8,8761,6,8,2383,0,6,7,1733,0,2,3,2942,0,1346,1979,0,8323,14910,0,5146,1346,2353,0,4453,0] p=[2,0,2,0,0,0,6270,1,0,2,0,0,3,4453,1,3,0] sig=B05D2:1E4785525B175BA end=1
OJ	0	02:30:10.830	Core 01	2026.08.11 14:00:00   [AdaptiveSurvivalEA][BRAIN_UPDATE] schema=B05T1 h=1786453200 d=[2,1854,1,417,-76,10000,1411,253,1854] m=[0,4008,-2262,-2262,5282,1,0,3246,2447,5000,2117,2086,8478,8478,4008,243151,236150,7001] v=[0,4617,3,7362,1,1,7,8,9234,6,8,2213,0,6,7,1647,0,2,3,3577,0,253,2791,0,1411,21677,0,7553,253,2479,0,7362,0] p=[2,0,2,0,0,1,4008,1,0,2,0,0,3,7362,1,3,0] sig=B05D2:F84797824CC462F8 end=1
QQ	0	02:30:10.830	Core 01	2026.08.11 15:00:00   [AdaptiveSurvivalEA][BRAIN_UPDATE] schema=B05T1 h=1786456800 d=[2,238,1,488,-23,0,553,100,238] m=[4,2656,-1352,-1352,3540,1,0,1937,2188,2813,1466,1456,5625,5625,2656,231880,243151,-11271] v=[0,4714,3,7735,1,1,7,8,9428,6,8,2026,0,6,7,1380,0,2,3,2913,0,100,2346,0,553,17114,0,7812,100,2106,0,7735,0] p=[2,0,2,0,4,0,2656,1,0,2,0,0,3,7735,1,3,0] sig=B05D2:4064793467CEA90F end=1
LD	0	02:30:10.830	Core 01	2026.08.11 16:00:00   [AdaptiveSurvivalEA][BRAIN_UPDATE] schema=B05T1 h=1786460400 d=[2,412,1,318,-70,0,1903,348,412] m=[3,2979,324,324,4056,1,0,408,357,7857,1631,1617,6495,6495,2979,207767,231880,-24113] v=[0,4805,3,9307,1,1,7,8,9609,6,7,1807,0,6,7,897,0,2,3,2998,0,348,2434,0,1903,18428,0,9643,348,1901,0,9307,0] p=[2,0,2,0,3,0,2979,1,0,2,0,0,3,9307,1,3,0] sig=B05D2:8D5FE4A9CED357D1 end=1
PP	0	02:30:10.830	Core 01	2026.08.11 17:00:00   [AdaptiveSurvivalEA][BRAIN_UPDATE] schema=B05T1 h=1786464000 d=[2,-2217,1,-78,-224,-10000,-3795,-632,-2217] m=[2,5582,2603,2603,1664,1,0,5060,8182,8864,731,730,2598,2598,5582,186869,207767,-20898] v=[0,4658,3,1703,1,1,7,8,9316,6,7,1554,0,6,7,457,0,2,3,2208,0,632,2862,0,3795,21665,0,1818,632,1406,0,1703,0] p=[2,0,2,0,2,0,5582,1,0,2,0,0,3,1703,1,3,0] sig=B05D2:A7A8076820708C68 end=1
DO	0	02:30:10.830	Core 01	2026.08.11 18:00:00   [AdaptiveSurvivalEA][BRAIN_UPDATE] schema=B05T1 h=1786467600 d=[2,-2904,1,-737,-489,-10000,-6867,-1116,-2904] m=[4,2854,-2728,-2728,-2529,1,0,2382,2881,3898,-1149,1144,3913,-3913,2854,205640,186869,18771] v=[0,4689,3,6324,1,1,7,8,9378,6,7,1176,0,7,6,0,124,2,3,1462,0,1116,2186,0,6867,17327,0,7119,1116,879,25,6324,0] p=[2,0,2,0,4,0,2854,1,0,2,0,0,3,6324,1,3,0] sig=B05D2:52A2093AA1385178 end=1
CF	0	02:30:10.830	Core 01	2026.08.11 19:00:00   [AdaptiveSurvivalEA][BRAIN_UPDATE] schema=B05T1 h=1786471200 d=[2,-2565,1,-556,-422,-10000,-4866,-773,-2565] m=[3,3963,1109,1109,-2349,1,0,3476,3676,7353,-1084,1080,3617,-3617,3963,198780,205640,-6861] v=[0,4747,3,5835,1,1,7,8,9494,6,7,962,0,7,6,0,678,2,2,922,0,773,1531,0,4866,12377,0,6324,773,628,136,5835,0] p=[2,0,2,0,3,0,3963,1,0,2,0,0,3,5835,1,3,0] sig=B05D2:3D66CB18518C6E45 end=1
JS	0	02:30:10.830	Core 01	2026.08.11 20:00:00   [AdaptiveSurvivalEA][BRAIN_UPDATE] schema=B05T1 h=1786474800 d=[2,-789,1,108,-157,0,-4798,-749,-789] m=[2,4320,357,357,7,1,0,3105,7097,8710,-85,85,99,99,4320,176870,198780,-21910] v=[0,4702,3,2686,1,1,7,8,9403,6,7,794,0,7,6,0,567,2,2,810,0,749,624,2007,4798,5142,0,2903,749,535,515,2686,0] p=[2,0,2,0,2,0,4320,1,0,2,0,0,3,2686,1,3,0] sig=B05D2:AE04138B071EAC04 end=1
RP	0	02:30:10.830	Core 01	2026.08.11 21:01:30   [AdaptiveSurvivalEA][BRAIN_UPDATE] schema=B05T1 h=1786478400 d=[2,-831,1,348,-61,0,-5877,-853,-831] m=[4,1498,-2822,-2822,-581,1,0,904,1463,3659,-362,362,800,-800,1498,160140,176870,-16730] v=[0,4426,3,7808,1,1,7,7,8853,6,7,710,0,7,6,0,552,2,2,316,0,853,1092,0,5877,8555,0,8537,853,342,110,7808,0] p=[2,0,2,0,4,0,1498,1,0,2,0,0,3,7808,1,3,0] sig=B05D2:FF8E9409C4C6A7C5 end=1
IR	0	02:30:10.830	Core 01	2026.08.11 22:00:00   [AdaptiveSurvivalEA][BRAIN_UPDATE] schema=B05T1 h=1786482000 d=[2,-2838,1,14,-190,-10000,-9406,-1277,-2838] m=[3,2636,1138,1138,586,1,0,2665,3696,4348,219,219,952,952,2636,156004,160140,-4136] v=[0,4283,3,5500,1,1,6,7,8565,6,7,672,0,7,6,0,353,2,2,0,607,1277,1865,0,9406,13800,0,6304,1277,224,192,5500,0] p=[2,0,2,0,3,0,2636,1,0,2,0,0,3,5500,1,3,0] sig=B05D2:D91227D2EF2F0041 end=1
DM	0	02:30:10.830	Core 01	2026.08.11 23:00:00   [AdaptiveSurvivalEA][BRAIN_UPDATE] schema=B05T1 h=1786485600 d=[2,2406,1,186,-121,10000,5607,787,2406] m=[0,6591,3955,3955,3639,1,0,4617,9655,9655,1715,1698,5579,5579,6591,139461,156004,-16543] v=[0,4100,3,318,1,1,6,7,8201,6,7,658,0,6,7,231,0,2,3,1473,0,787,2941,0,5607,25610,0,345,787,787,0,318,0] p=[2,0,2,0,0,0,6591,1,0,2,0,0,3,318,1,3,0] sig=B05D2:FF5C3042FD59FA09 end=1
DH	0	02:30:10.830	Core 01	2026.08.12 00:00:00   [AdaptiveSurvivalEA][BRAIN_UPDATE] schema=B05T1 h=1786489200 d=[2,1883,1,639,73,10000,1013,149,1883] m=[0,1206,-5384,-5384,2480,1,0,169,400,1600,878,876,4085,4085,1206,135218,139461,-4242] v=[0,4034,3,9457,1,1,6,7,8067,6,7,569,0,6,6,0,147,2,2,1542,0,149,3779,0,1013,32655,0,9600,149,704,29,9457,0] p=[2,0,2,0,0,1,1206,1,0,2,0,0,3,9457,1,3,0] sig=B05D2:434934F99EEA5F07 end=1
PN	0	02:30:10.830	Core 01	2026.08.12 01:00:00   [AdaptiveSurvivalEA][BRAIN_UPDATE] schema=B05T1 h=1786492800 d=[2,-1996,1,192,-89,-10000,-3205,-443,-1996] m=[2,4241,3034,3034,-1487,1,0,4217,4808,7692,-708,707,2267,-2267,4241,124677,135218,-10542] v=[0,4065,3,4962,1,1,6,7,8131,6,7,427,0,6,6,0,98,2,2,1021,0,443,3836,0,3205,35485,0,5192,443,483,20,4962,0] p=[2,0,2,0,2,0,4241,1,0,2,0,0,3,4962,1,3,0] sig=B05D2:62DFA6E193CB2C99 end=1
GO	0	02:30:10.830	Core 01	2026.08.12 02:00:00   [AdaptiveSurvivalEA][BRAIN_UPDATE] schema=B05T1 h=1786496400 d=[2,-2570,1,-651,-434,-10000,-4834,-618,-2570] m=[2,4595,354,354,-2659,1,0,4476,5952,5952,-1432,1423,3895,-3895,4595,150386,124677,25709] v=[0,3854,3,3798,1,1,6,7,7708,6,7,291,0,6,6,0,276,2,2,330,0,618,3481,0,4834,31580,0,4048,618,207,55,3798,0] p=[2,0,2,0,2,0,4595,1,0,2,0,0,3,3798,1,3,0] sig=B05D2:40DB52F8922B9B73 end=1
QR	0	02:30:10.830	Core 01	2026.08.12 03:00:00   [AdaptiveSurvivalEA][BRAIN_UPDATE] schema=B05T1 h=1786500000 d=[2,-1462,1,-1053,-621,-10000,3073,404,-1462] m=[4,1945,-2650,-2650,-1624,1,0,192,200,6800,-845,843,2405,-2405,1945,184403,150386,34017] v=[0,3614,3,9404,1,1,5,7,7228,6,6,206,0,6,6,698,0,2,2,1801,0,404,3849,0,3073,36487,0,9800,404,902,0,9404,0] p=[2,0,2,0,4,0,1945,1,0,2,0,0,3,9404,1,3,0] sig=B05D2:7A1692326182A489 end=1
KD	0	02:30:10.830	Core 01	2026.08.12 04:00:00   [AdaptiveSurvivalEA][BRAIN_UPDATE] schema=B05T1 h=1786503600 d=[2,-1126,1,-1609,-884,-10000,7292,928,-1126] m=[0,7173,5228,5228,-6361,1,0,6250,8108,8378,-3333,3215,9506,-9506,7173,215829,184403,31425] v=[0,3351,3,1716,1,1,5,7,6703,6,6,157,0,6,6,1104,0,2,3,2554,0,928,4108,0,7292,39806,0,1892,928,1272,0,1716,0] p=[2,0,2,0,0,0,7173,1,0,2,0,0,3,1716,1,3,0] sig=B05D2:E00C0899C8771353 end=1
GR	0	02:30:10.830	Core 01	2026.08.12 05:00:00   [AdaptiveSurvivalEA][BRAIN_UPDATE] schema=B05T1 h=1786507200 d=[2,-2467,1,-2078,-1117,-10000,-435,-59,-2467] m=[0,3872,-3302,-3302,-6113,1,0,652,833,8333,-3304,3189,9036,-9036,3872,261150,215829,45321] v=[0,3232,3,9113,1,1,5,7,6463,6,6,135,0,5,6,1209,0,2,2,3047,0,59,2273,0,435,20643,0,9167,59,1464,0,9113,0] p=[2,0,2,0,0,1,3872,1,0,2,0,0,3,9113,1,3,0] sig=B05D2:53254B346D5B16FC end=1
IF	0	02:30:10.830	Core 01	2026.08.12 06:00:00   [AdaptiveSurvivalEA][BRAIN_UPDATE] schema=B05T1 h=1786510800 d=[2,-3525,1,-2345,-1288,-10000,-6812,-836,-3525] m=[2,4927,1055,1055,-6012,1,0,3993,4722,4722,-3195,3090,8933,-8933,4927,304669,261150,43519] v=[0,3007,3,4837,1,1,4,7,6015,6,6,126,0,5,6,877,0,2,2,2653,0,836,1688,0,6812,14698,0,5278,836,1218,0,4837,0] p=[2,0,2,0,2,0,4927,1,0,2,0,0,3,4837,1,3,0] sig=B05D2:75BA350FFFEC81C6 end=1
HO	0	02:30:10.830	Core 01	2026.08.12 07:00:00   [AdaptiveSurvivalEA][BRAIN_UPDATE] schema=B05T1 h=1786514400 d=[2,-2133,1,-1852,-1131,-10000,1188,134,-2133] m=[0,6383,1456,1456,-1064,1,0,7606,8649,10000,-523,522,1605,-1605,6383,310992,304669,6322] v=[0,2987,3,1333,1,1,4,7,5974,6,6,124,0,5,6,490,0,2,2,827,0,134,3741,0,1188,26910,0,1351,134,480,0,1333,0] p=[2,0,2,0,0,0,6383,1,0,2,0,0,3,1333,1,3,0] sig=B05D2:5E1068B9762E00F8 end=1
FS	0	02:30:10.830	Core 01	2026.08.12 08:00:00   [AdaptiveSurvivalEA][BRAIN_UPDATE] schema=B05T1 h=1786518000 d=[2,-1549,1,-965,-809,-10000,2716,295,-1549] m=[0,1572,-4811,-4811,-885,1,0,741,811,4595,-444,444,1325,-1325,1572,274573,310992,-36418] v=[0,2888,3,8918,1,1,4,7,5777,6,6,207,0,5,6,1104,0,2,2,780,0,295,3725,0,2716,24773,0,9189,295,697,0,8918,0] p=[2,0,2,0,0,1,1572,1,0,2,0,0,3,8918,1,3,0] sig=B05D2:B2EEFD36F478D74B end=1
CK	0	02:30:10.830	Core 01	2026.08.12 09:00:00   [AdaptiveSurvivalEA][BRAIN_UPDATE] schema=B05T1 h=1786521600 d=[2,-3295,1,-823,-768,-10000,-10380,-1277,-3295] m=[3,1734,161,161,2322,1,0,0,0,5185,1063,1059,3585,3585,1734,253373,274573,-21200] v=[0,2827,3,8723,1,1,4,7,5653,6,6,366,0,5,6,1600,0,2,2,2096,0,1277,1346,0,10380,8323,2472,10000,1277,1354,494,8723,0] p=[2,0,2,0,3,0,1734,1,0,2,0,0,3,8723,1,3,0] sig=B05D2:6AA894086C2D4CA end=1
FQ	0	02:30:10.830	Core 01	2026.08.12 10:00:00   [AdaptiveSurvivalEA][BRAIN_UPDATE] schema=B05T1 h=1786525200 d=[2,-3677,1,-851,-705,-10000,-15833,-2452,-3677] m=[3,2759,1026,1026,448,1,0,2500,800,9000,250,250,645,645,2759,238142,253373,-15231] v=[0,3440,3,6945,1,1,5,7,6880,6,6,502,0,5,6,1317,0,2,2,1975,0,2452,253,10000,15833,1411,10000,9200,2452,1264,4000,6945,0] p=[2,0,2,0,3,0,2759,1,0,2,0,0,3,6945,1,3,0] sig=B05D2:AED32CC27C7C31AF end=1
FI	0	02:30:10.830	Core 01	2026.08.12 11:00:00   [AdaptiveSurvivalEA][BRAIN_UPDATE] schema=B05T1 h=1786528800 d=[2,-3796,1,-1215,-846,-10000,-15000,-2427,-3796] m=[3,2525,-234,-234,910,1,0,2400,1739,6087,440,440,1379,1379,2525,207374,238142,-30768] v=[0,3588,3,6256,1,1,5,7,7177,6,6,643,0,5,6,1391,0,2,2,2105,0,2427,100,10000,15000,553,10000,8261,2427,1380,4000,6256,0] p=[2,0,2,0,3,0,2525,1,0,2,0,0,3,6256,1,3,0] sig=B05D2:1366F60179B8B224 end=1
RR	0	02:30:10.830	Core 01	2026.08.12 12:00:00   [AdaptiveSurvivalEA][BRAIN_UPDATE] schema=B05T1 h=1786532400 d=[2,1673,1,247,-226,10000,909,129,1673] m=[0,7193,4668,4668,3948,1,0,15636,7414,8276,2364,2321,5575,5575,7193,203183,207374,-4191] v=[0,3946,3,2553,1,1,6,7,7892,6,6,782,0,5,6,1514,0,2,2,0,25,129,348,0,909,1903,0,2586,129,766,5,2553,0] p=[2,0,2,0,0,0,7193,1,0,2,0,0,3,2553,1,3,0] sig=B05D2:C20655AD387A5D05 end=1
EG	0	02:30:10.830	Core 01	2026.08.12 13:00:00   [AdaptiveSurvivalEA][BRAIN_UPDATE] schema=B05T1 h=1786536000 d=[3,4782,1,3269,1118,10000,26284,3813,4782] m=[1,7539,346,346,6697,1,0,20920,5149,8713,5847,5261,8134,8134,7539,219794,203183,16611] v=[0,5334,3,3002,1,1,7,7,10668,6,6,740,0,7,6,0,337,3,2,0,2131,3813,632,10000,26284,3795,10000,4851,3813,247,4494,3002,0] p=[3,0,2,0,1,0,7539,1,0,2,0,0,3,3002,1,2,1] sig=B05D2:AE7E439584CC8622 end=1
PP	0	02:30:10.830	Core 01	2026.08.12 14:00:00   [AdaptiveSurvivalEA][BRAIN_UPDATE] schema=B05T1 h=1786539600 d=[3,4609,1,3545,1333,10000,16394,2434,4609] m=[1,5715,-1824,-1824,3741,1,0,8728,4405,6548,3397,3272,4211,4211,5715,234190,219794,14396] v=[0,6037,3,4233,1,1,8,7,12075,6,6,677,0,7,7,0,918,3,2,0,3128,2434,1116,10000,16394,6867,10000,5595,2434,226,4809,4233,0] p=[3,1,2,0,1,1,5715,1,0,2,0,0,3,4233,1,3,0] sig=B05D2:7F28D753F99A614D end=1
LO	0	02:30:10.830	Core 01	2026.08.12 15:00:00   [AdaptiveSurvivalEA][BRAIN_UPDATE] schema=B05T1 h=1786543200 d=[2,2457,1,1268,486,10000,2717,394,2457] m=[2,5900,185,185,1501,1,0,9891,5948,7451,1413,1404,1599,1599,5900,218138,234190,-16053] v=[0,6516,3,3893,1,1,9,7,13032,6,6,586,0,8,7,0,1159,3,2,0,4150,394,773,0,2717,4866,0,4052,394,195,1062,3893,0] p=[2,0,2,0,2,0,5900,1,0,2,0,0,3,3893,1,3,0] sig=B05D2:9ADB9FED6F6EB74E end=1
FS	0	02:30:10.830	Core 01	2026.08.12 16:00:00   [AdaptiveSurvivalEA][BRAIN_UPDATE] schema=B05T1 h=1786546800 d=[2,-2077,1,-122,-56,-10000,-3148,-463,-2077] m=[4,3047,-2854,-2854,994,1,0,3358,3636,5000,945,942,1045,1045,3047,196546,218138,-21591] v=[0,6714,3,6069,1,1,10,7,13428,6,6,469,0,8,7,0,1692,3,2,0,4339,463,749,0,3148,4798,0,6364,463,156,1206,6069,0] p=[2,0,2,0,4,0,3047,1,0,2,0,0,3,6069,1,3,0] sig=B05D2:865D5AFC36173322 end=1
KL	0	02:30:10.830	Core 01	2026.08.12 17:00:00   [AdaptiveSurvivalEA][BRAIN_UPDATE] schema=B05T1 h=1786550400 d=[2,-3684,1,-1472,-614,-10000,-13611,-1847,-3684] m=[0,6794,3747,3747,-3094,1,0,11083,7308,7692,-3014,2926,3262,-3262,6794,204588,196546,8042] v=[1,7206,3,2195,1,1,10,7,14412,6,6,217,0,8,7,0,2577,4,2,0,6536,1847,853,10000,13611,5877,10000,2692,1847,72,5822,2195,0] p=[2,0,2,0,0,0,6794,1,1,0,1,0,3,2195,1,2,1] sig=B05D2:E32B04DBFFD72A52 end=1
QD	0	02:30:10.830	Core 01	2026.08.12 18:00:00   [AdaptiveSurvivalEA][BRAIN_UPDATE] schema=B05T1 h=1786554000 d=[2,-4414,1,-2885,-1227,-10000,-17675,-2342,-4414] m=[0,7646,852,852,-8038,1,0,6172,7021,9681,-7051,6076,10000,-10000,7646,222703,204588,18115] v=[1,7448,2,5497,1,1,11,7,14896,6,6,0,101,9,7,0,3131,4,2,0,7119,2342,1277,8346,17675,9406,8791,2979,2342,0,5497,2281,1] p=[2,0,2,0,0,0,7646,1,1,1,1,0,2,5497,1,2,0] sig=B05D2:8698FF2C70D1BF3E end=1
KH	0	02:30:10.830	Core 01	2026.08.12 19:00:00   [AdaptiveSurvivalEA][BRAIN_UPDATE] schema=B05T1 h=1786557600 d=[1,-4633,1,-3153,-1401,-10000,-20118,-2813,-4633] m=[0,4009,-3637,-3637,-7539,1,0,274,429,7857,-5596,5077,10000,-10000,4009,244858,222703,22155] v=[1,7578,2,6496,1,1,11,7,15155,7,6,0,476,9,6,0,3961,4,2,0,8041,2813,787,10000,20118,5607,10000,9571,2813,0,6496,6879,23] p=[1,0,2,0,0,1,4009,1,1,2,1,0,2,6496,1,2,0] sig=B05D2:D67E360B67FB2C75 end=1
QH	0	02:30:10.830	Core 01	2026.08.12 20:00:00   [AdaptiveSurvivalEA][BRAIN_UPDATE] schema=B05T1 h=1786561200 d=[2,-4460,1,-2756,-1305,-10000,-18988,-2636,-4460] m=[3,3915,-94,-94,-6233,1,0,1181,2826,5217,-3670,3514,8952,-8952,3915,264060,244858,19201] v=[1,7597,2,6982,1,1,11,7,15193,7,6,0,851,9,6,0,4479,4,2,0,9581,2636,149,10000,18988,1013,10000,7174,2636,0,6982,5283,72] p=[2,0,2,0,3,0,3915,1,1,2,1,0,2,6982,1,2,0] sig=B05D2:37FC208BEA40EE97 end=1
MF	0	02:30:10.830	Core 01	2026.08.12 21:05:00   [AdaptiveSurvivalEA][BRAIN_UPDATE] schema=B05T1 h=1786564800 d=[2,-4088,1,-2194,-1129,-10000,-14713,-2066,-4088] m=[2,4346,431,431,-4786,1,0,1896,4468,6596,-2690,2627,6944,-6944,4346,257171,264060,-6889] v=[1,7616,2,6816,1,1,11,7,15233,7,6,0,1195,9,6,0,4533,4,2,0,8353,2066,443,10000,14713,3205,10000,5532,2066,0,6816,4389,143] p=[2,0,2,0,2,0,4346,1,1,2,1,0,2,6816,1,2,0] sig=B05D2:B5A999658A616C65 end=1
MJ	0	02:30:10.830	Core 01	2026.08.12 22:00:00   [AdaptiveSurvivalEA][BRAIN_UPDATE] schema=B05T1 h=1786568400 d=[2,-3998,1,-1973,-1078,-10000,-14359,-2036,-3998] m=[4,3414,-931,-931,-2818,1,0,1885,4565,4783,-1005,1002,4634,-4634,3414,264082,257171,6911] v=[1,7629,2,6824,1,1,11,7,15259,7,6,0,1580,9,6,0,4613,4,2,0,7927,2036,618,10000,14359,4834,10000,5435,2036,0,6824,4328,250] p=[2,0,2,0,4,0,3414,1,1,2,1,0,2,6824,1,2,0] sig=B05D2:D52F1CCA25F69555 end=1
FS	0	02:30:10.830	Core 01	2026.08.12 23:00:00   [AdaptiveSurvivalEA][BRAIN_UPDATE] schema=B05T1 h=1786572000 d=[2,-3626,1,-1617,-969,-10000,-10755,-1439,-3626] m=[0,6230,2816,2816,3035,1,0,3706,9762,9762,922,919,5152,5152,6230,237769,264082,-26313] v=[1,7546,2,7449,1,1,11,7,15092,8,6,0,2029,9,6,0,5217,4,2,0,10000,1439,404,10000,10755,3073,10000,238,1439,0,7449,204,412] p=[2,0,2,0,0,0,6230,1,1,2,1,0,2,7449,1,2,0] sig=B05D2:90AAECC79D326AC2 end=1
FL	0	02:30:10.830	Core 01	2026.08.13 00:00:00   [AdaptiveSurvivalEA][BRAIN_UPDATE] schema=B05T1 h=1786575600 d=[2,-3148,1,-1102,-813,-10000,-7712,-965,-3148] m=[0,4700,-1530,-1530,3667,1,0,989,5882,9412,1266,1259,6075,6075,4700,228536,237769,-9232] v=[0,6882,2,3821,1,1,10,7,13763,8,6,0,2484,9,6,0,5647,4,2,0,10000,965,928,398,7712,7292,576,4118,965,0,3821,3720,617] p=[2,0,2,0,0,1,4700,1,0,0,0,0,2,3821,1,2,0] sig=B05D2:E070A008190F195A end=1
NL	0	02:30:10.830	Core 01	2026.08.13 01:00:00   [AdaptiveSurvivalEA][BRAIN_UPDATE] schema=B05T1 h=1786579200 d=[2,-2970,1,-812,-711,-10000,-7131,-871,-2970] m=[4,2759,-1941,-1941,3610,1,0,1004,2128,4468,1225,1219,6000,6000,2759,245648,228536,17112] v=[0,6758,2,7853,1,1,10,7,13516,8,6,0,2984,9,5,0,6279,4,2,0,10000,871,59,10000,7131,435,10000,7872,871,0,7853,7187,890] p=[2,0,2,0,4,0,2759,1,0,1,0,0,2,7853,1,2,0] sig=B05D2:8C5D533D8475278B end=1
CS	0	02:30:10.830	Core 01	2026.08.13 02:00:00   [AdaptiveSurvivalEA][BRAIN_UPDATE] schema=B05T1 h=1786582800 d=[2,-3289,1,-1033,-818,-10000,-9527,-1100,-3289] m=[3,3945,1185,1185,185,1,0,3935,5135,8108,41,41,328,328,3945,237287,245648,-8361] v=[0,6541,2,5492,1,1,10,7,13083,8,6,0,3543,9,5,0,6765,4,2,0,10000,1100,836,3168,9527,6812,3985,4865,1100,0,5492,4329,1255] p=[2,0,2,0,3,0,3945,1,0,2,0,0,2,5492,1,2,0] sig=B05D2:5BD48E24B770442F end=1
FR	0	02:30:10.830	Core 01	2026.08.13 03:00:00   [AdaptiveSurvivalEA][BRAIN_UPDATE] schema=B05T1 h=1786586400 d=[2,-4127,1,-1983,-1305,-10000,-19458,-1838,-4127] m=[3,3802,-143,-143,-377,1,0,4043,5424,6610,-227,227,526,-526,3802,210479,237287,-26808] v=[0,5361,2,8240,1,1,8,7,10721,9,6,0,4009,9,5,0,7191,4,2,0,10000,1838,134,10000,19458,1188,10000,4576,1838,0,8240,3735,1607] p=[2,0,2,0,3,0,3802,1,0,2,0,0,2,8240,1,2,0] sig=B05D2:71F94BC5772B2B92 end=1
PH	0	02:30:10.830	Core 01	2026.08.13 04:00:00   [AdaptiveSurvivalEA][BRAIN_UPDATE] schema=B05T1 h=1786590000 d=[2,-4301,1,-2353,-1551,-10000,-21264,-1767,-4301] m=[4,2744,-1058,-1058,-2667,1,0,1142,1951,5854,-1199,1193,4141,-4141,2744,187245,210479,-23234] v=[0,4750,2,8525,1,1,7,7,9500,9,6,0,4496,9,5,0,8128,4,2,0,10000,1767,295,10000,21264,2716,10000,8049,1767,0,8525,6626,2022] p=[2,0,2,0,4,0,2744,1,0,2,0,0,2,8525,1,2,0] sig=B05D2:154A523C12D4E53 end=1
IR	0	02:30:10.830	Core 01	2026.08.13 05:00:00   [AdaptiveSurvivalEA][BRAIN_UPDATE] schema=B05T1 h=1786593600 d=[2,-3984,1,-1734,-1385,-10000,-18261,-1337,-3984] m=[2,4433,1689,1689,-1145,1,0,4994,4638,8406,-624,623,1667,-1667,4433,174873,187245,-12372] v=[0,4350,2,6462,1,1,6,7,8700,9,6,0,5047,9,5,0,9203,4,2,0,10000,1337,1277,469,18261,10380,7593,5362,1337,0,6462,4645,2547] p=[2,0,2,0,2,0,4433,1,0,2,0,0,2,6462,1,2,0] sig=B05D2:2019A4C84774A22A end=1
CQ	0	02:30:10.830	Core 01	2026.08.13 06:00:00   [AdaptiveSurvivalEA][BRAIN_UPDATE] schema=B05T1 h=1786597200 d=[2,-3826,1,-1294,-1256,-10000,-18776,-1307,-3826] m=[4,2822,-1611,-1611,-2277,1,0,1482,2195,6098,-1285,1278,3277,-3277,2822,169581,174873,-5292] v=[0,4130,2,4880,1,1,6,7,8259,9,6,0,5455,9,5,0,7084,4,2,0,10000,1307,2452,0,18776,15833,1859,7805,1307,0,4880,6785,2975] p=[2,0,2,0,4,0,2822,1,0,2,0,0,2,4880,1,3,1] sig=B05D2:266F19FAA079847D end=1
MD	0	02:30:10.830	Core 01	2026.08.13 07:00:00   [AdaptiveSurvivalEA][BRAIN_UPDATE] schema=B05T1 h=1786600800 d=[2,-4388,1,-2387,-1719,-10000,-27967,-1805,-4388] m=[2,5789,2967,2967,-3382,1,0,11053,4648,5563,-2244,2207,4558,-4558,5789,167234,169581,-2346] v=[0,4067,2,6440,1,1,6,7,8134,9,6,0,5844,9,5,0,7712,5,2,0,10000,1805,2427,0,27967,15000,8644,5352,1805,0,6440,4386,3416] p=[2,0,2,0,2,0,5789,1,0,2,0,0,2,6440,1,2,0] sig=B05D2:F8EFB9CB97516331 end=1
LS	0	02:30:10.830	Core 01	2026.08.13 08:00:00   [AdaptiveSurvivalEA][BRAIN_UPDATE] schema=B05T1 h=1786604400 d=[2,-4271,1,-2009,-1575,-10000,-29413,-1961,-4271] m=[0,6331,542,542,1680,1,0,12488,6909,8000,1347,1339,2021,2021,6331,157421,167234,-9813] v=[0,4148,2,8656,1,1,6,7,8295,9,6,0,6161,9,5,0,7120,5,2,0,10000,1961,129,10000,29413,909,10000,3091,1961,0,8656,2485,3796] p=[2,0,2,0,0,0,6331,1,0,2,0,0,2,8656,1,2,0] sig=B05D2:D0020F2FC84F0F7C end=1
CH	0	02:30:10.830	Core 01	2026.08.13 09:00:00   [AdaptiveSurvivalEA][BRAIN_UPDATE] schema=B05T1 h=1786608000 d=[2,-4242,1,-908,-1150,-10000,-58500,-4564,-4242] m=[0,2888,-3443,-3443,729,1,0,2333,2414,7414,633,632,825,825,2888,142172,157421,-15249] v=[0,4088,2,4946,1,1,6,7,8176,9,6,0,5981,8,7,0,1897,4,3,0,4884,4564,3813,1970,58500,26284,10000,7586,4564,0,4946,4124,3577] p=[2,0,2,0,0,1,2888,1,0,2,0,0,2,4946,1,2,0] sig=B05D2:36E9131F69393F71 end=1
GO	0	02:30:10.830	Core 01	2026.08.13 10:00:00   [AdaptiveSurvivalEA][BRAIN_UPDATE] schema=B05T1 h=1786611600 d=[2,-287,1,516,-494,10000,-27047,-2211,-287] m=[0,7428,4540,4540,2922,1,0,15368,8547,9573,2674,2612,3232,3232,7428,144220,142172,2047] v=[0,4424,2,3321,1,1,7,7,8849,9,6,0,5617,8,7,0,631,4,3,0,3861,2211,2434,0,27047,16394,6498,1453,2211,0,3321,1132,3155] p=[2,0,2,0,0,0,7428,1,0,2,0,0,2,3321,1,2,0] sig=B05D2:428F8156F9B2B767 end=1
NE	0	02:30:10.830	Core 01	2026.08.13 11:00:00   [AdaptiveSurvivalEA][BRAIN_UPDATE] schema=B05T1 h=1786615200 d=[2,842,1,2162,224,10000,-11053,-997,842] m=[0,3427,-4001,-4001,3681,1,0,2456,3333,4375,3439,3309,4052,4052,3427,173073,144220,28853] v=[0,4418,2,5275,1,1,7,7,8836,9,6,0,5111,7,8,661,0,4,3,0,1264,997,394,10000,11053,2717,10000,6667,997,220,5275,6002,2613] p=[2,0,2,0,0,1,3427,1,0,2,0,0,2,5275,1,2,0] sig=B05D2:9B278B0ADA74EEC7 end=1
CN	0	02:30:10.830	Core 01	2026.08.13 12:00:00   [AdaptiveSurvivalEA][BRAIN_UPDATE] schema=B05T1 h=1786618800 d=[2,974,1,1894,200,10000,-8297,-780,974] m=[2,4490,1063,1063,5857,1,0,2414,2581,7419,4888,4533,7182,7182,4490,186236,173073,13163] v=[0,4484,2,4449,1,1,7,7,8967,9,6,0,4551,7,8,1166,0,4,3,0,845,780,463,6851,8297,3148,10000,7419,780,389,4449,6841,2071] p=[2,0,2,0,2,0,4490,1,0,2,0,0,2,4449,1,3,1] sig=B05D2:9FCD602C762287FA end=1
FK	0	02:30:10.830	Core 01	2026.08.13 13:00:00   [AdaptiveSurvivalEA][BRAIN_UPDATE] schema=B05T1 h=1786622400 d=[2,4162,1,2478,576,10000,20373,2267,4162] m=[0,7518,3029,3029,5953,1,0,12668,5187,9679,4780,4446,7459,7459,7518,176621,186236,-9615] v=[0,5161,3,3722,1,1,8,7,10322,8,6,0,3896,7,8,1586,0,3,4,922,0,2267,1847,2277,20373,13611,4968,4813,2267,836,2228,3722,1518] p=[2,0,2,0,0,0,7518,1,0,2,0,0,3,3722,1,3,0] sig=B05D2:73B513CE0BF9142F end=1
QS	0	02:30:10.830	Core 01	2026.08.13 14:00:00   [AdaptiveSurvivalEA][BRAIN_UPDATE] schema=B05T1 h=1786626000 d=[2,3862,1,2044,512,10000,15025,1804,3862] m=[1,6372,-1146,-1146,2783,1,0,10832,6327,7279,2423,2376,3189,3189,6372,170764,176621,-5857] v=[0,5759,3,3011,1,1,9,7,11517,8,6,0,3250,7,9,1513,0,4,4,1139,0,1804,2342,0,15025,17675,0,3673,1804,884,650,3011,1056] p=[2,0,2,0,1,0,6372,1,0,2,0,0,3,3011,1,3,0] sig=B05D2:602AC20AF3F89B68 end=1
NE	0	02:30:10.830	Core 01	2026.08.13 15:00:00   [AdaptiveSurvivalEA][BRAIN_UPDATE] schema=B05T1 h=1786629600 d=[2,4016,1,1709,453,10000,24254,2786,4016] m=[1,6619,247,247,2511,1,0,9853,6594,8768,2057,2029,2994,2994,6619,166427,170764,-4336] v=[0,6159,3,2457,1,1,9,7,12317,8,7,0,2625,8,9,1325,0,4,4,0,268,2786,2813,0,24254,20118,2056,3406,2786,442,990,2457,689] p=[2,0,2,0,1,0,6619,1,0,2,0,0,3,2457,1,3,0] sig=B05D2:748BEBFD9355B6D2 end=1
QL	0	02:30:10.830	Core 01	2026.08.13 16:00:00   [AdaptiveSurvivalEA][BRAIN_UPDATE] schema=B05T1 h=1786633200 d=[2,50,1,1089,258,-10000,8373,889,50] m=[1,6913,294,294,-1123,1,0,13377,8618,9605,-1062,1058,1189,-1189,6913,155404,166427,-11023] v=[0,6488,3,1259,1,1,10,8,12976,8,7,0,2061,8,9,836,0,5,4,0,1597,889,2636,0,8373,18988,0,1382,889,279,732,1259,425] p=[2,0,2,0,1,0,6913,1,0,2,0,0,3,1259,1,3,0] sig=B05D2:B70F43B9CE0E872 end=1
GK	0	02:30:10.830	Core 01	2026.08.13 17:00:00   [AdaptiveSurvivalEA][BRAIN_UPDATE] schema=B05T1 h=1786636800 d=[2,-950,1,-398,-319,-10000,4810,525,-950] m=[1,1959,-4953,-4953,-1062,1,0,1503,1765,4118,-1022,1019,1106,-1106,1959,162952,155404,7548] v=[0,6599,3,7803,1,1,10,8,13198,8,7,0,1541,8,9,598,0,5,4,0,1580,525,2066,0,4810,14713,0,8235,525,199,624,7803,238] p=[2,0,2,0,1,1,1959,1,0,2,0,0,3,7803,1,3,0] sig=B05D2:117457F985AB56EF end=1
PD	0	02:30:10.830	Core 01	2026.08.13 18:00:00   [AdaptiveSurvivalEA][BRAIN_UPDATE] schema=B05T1 h=1786640400 d=[2,-982,1,-630,-416,-10000,5255,583,-982] m=[3,3566,1606,1606,-3897,1,0,1586,2857,6429,-3252,3142,4651,-4651,3566,169493,162952,6541] v=[0,6666,3,6726,1,1,10,8,13333,8,7,0,1030,8,9,563,0,5,4,0,1576,583,2036,0,5255,14359,0,7143,583,188,521,6726,106] p=[2,0,2,0,3,0,3566,1,0,2,0,0,3,6726,1,3,0] sig=B05D2:7D85602E712CFBDF end=1
HN	0	02:30:10.830	Core 01	2026.08.13 19:00:00   [AdaptiveSurvivalEA][BRAIN_UPDATE] schema=B05T1 h=1786644000 d=[2,-1450,1,-632,-426,-10000,2099,239,-1450] m=[4,2018,-1548,-1548,-1699,1,0,999,1724,4138,-1219,1213,2184,-2184,2018,163925,169493,-5568] v=[0,6617,3,8078,1,1,10,8,13234,8,8,0,536,9,9,431,0,4,4,0,641,239,1439,0,2099,10755,0,8276,239,144,235,8078,29] p=[2,0,2,0,4,0,2018,1,0,2,0,0,3,8078,1,3,0] sig=B05D2:1069300A9E9DABBB end=1
LH	0	02:30:10.830	Core 01	2026.08.13 20:00:00   [AdaptiveSurvivalEA][BRAIN_UPDATE] schema=B05T1 h=1786647600 d=[2,-1548,1,-468,-367,-10000,1102,127,-1548] m=[3,2469,451,451,-5821,1,0,100,263,3158,-3024,2935,8706,-8706,2469,159100,163925,-4826] v=[0,6609,3,9613,1,1,10,8,13219,8,8,0,172,9,9,204,0,4,4,0,793,127,965,0,1102,7712,0,9737,127,68,193,9613,3] p=[2,0,2,0,3,0,2469,1,0,2,0,0,3,9613,1,3,0] sig=B05D2:D69E3DD0750B39E end=1
CJ	0	02:30:10.830	Core 01	2026.08.13 21:02:30   [AdaptiveSurvivalEA][BRAIN_UPDATE] schema=B05T1 h=1786651200 d=[2,-1666,1,-427,-368,-10000,325,35,-1666] m=[3,2333,-136,-136,-2100,1,0,217,541,7568,-390,390,3810,-3810,2333,178472,159100,19373] v=[0,6129,3,9426,1,1,9,8,12258,8,8,208,0,9,9,321,0,4,4,0,602,35,871,0,325,7131,0,9459,35,176,120,9426,0] p=[2,0,2,0,3,0,2333,1,0,2,0,0,3,9426,1,3,0] sig=B05D2:FDCC2AB14988CC2E end=1
HP	0	02:30:10.830	Core 01	2026.08.13 22:00:00   [AdaptiveSurvivalEA][BRAIN_UPDATE] schema=B05T1 h=1786654800 d=[2,-1294,1,-545,-429,-10000,2952,311,-1294] m=[3,2355,22,22,-2238,1,0,1590,2857,2857,-386,386,4091,-4091,2355,215080,178472,36608] v=[0,5865,3,6921,1,1,9,8,11729,8,8,573,0,8,9,662,0,4,4,0,48,311,1100,0,2952,9527,0,7143,311,411,10,6921,0] p=[2,0,2,0,3,0,2355,1,0,2,0,0,3,6921,1,3,0] sig=B05D2:8CE87A6DF386BFE7 end=1
NK	0	02:30:10.830	Core 01	2026.08.13 23:00:00   [AdaptiveSurvivalEA][BRAIN_UPDATE] schema=B05T1 h=1786658400 d=[2,1234,1,-237,-310,0,11168,1151,1234] m=[0,6092,3737,3737,3117,1,0,3684,9412,9412,714,713,5522,5522,6092,194586,215080,-20494] v=[0,5807,3,521,1,1,9,7,11614,8,9,731,0,8,9,910,0,4,4,0,48,1151,1838,0,11168,19458,0,588,1151,547,10,521,0] p=[2,0,2,0,0,0,6092,1,0,2,0,0,3,521,1,3,0] sig=B05D2:2DED3F2DE08B92A end=1
RO	0	02:30:10.830	Core 01	2026.08.14 00:00:00   [AdaptiveSurvivalEA][BRAIN_UPDATE] schema=B05T1 h=1786662000 d=[2,3166,1,501,-19,10000,13901,1305,3166] m=[0,5521,-570,-570,3669,1,0,2855,7931,8621,1092,1088,6250,6250,5521,201404,194586,6818] v=[0,5416,3,1799,1,1,8,7,10831,8,9,828,0,8,9,995,0,4,4,0,167,1305,1767,0,13901,21264,0,2069,1305,608,33,1799,0] p=[2,0,2,0,0,1,5521,1,0,2,0,0,3,1799,1,3,0] sig=B05D2:BFDE8C0FBA8D108E end=1
RI	0	02:30:10.830	Core 01	2026.08.14 01:00:00   [AdaptiveSurvivalEA][BRAIN_UPDATE] schema=B05T1 h=1786665600 d=[2,3524,1,1236,305,10000,15268,1425,3524] m=[0,6576,1054,1054,4859,1,0,5664,8070,8421,2192,2157,7561,7561,6576,232432,201404,31028] v=[0,5489,3,1655,1,1,8,7,10978,8,9,858,0,8,9,1132,0,4,4,46,0,1425,1337,659,15268,18261,0,1930,1425,679,132,1655,0] p=[2,0,2,0,0,0,6576,1,0,2,0,0,3,1655,1,3,0] sig=B05D2:671E0DF1D0777664 end=1
KD	0	02:30:10.830	Core 01	2026.08.14 02:00:00   [AdaptiveSurvivalEA][BRAIN_UPDATE] schema=B05T1 h=1786669200 d=[2,3293,1,1154,308,10000,11338,1020,3293] m=[0,4784,-1792,-1792,2132,1,0,4806,6393,6721,1183,1178,3086,3086,4784,246573,232432,14141] v=[0,5514,3,3239,1,1,8,7,11028,8,9,809,0,8,9,464,0,4,4,0,334,1020,1307,0,11338,18776,0,3607,1020,424,67,3239,0] p=[2,0,2,0,0,1,4784,1,0,2,0,0,3,3239,1,3,0] sig=B05D2:DCC8CB7C9DCF923B end=1
EG	0	02:30:10.830	Core 01	2026.08.14 03:00:00   [AdaptiveSurvivalEA][BRAIN_UPDATE] schema=B05T1 h=1786672800 d=[2,3495,1,688,129,10000,22814,1919,3495] m=[4,1662,-3122,-3122,3177,1,0,425,769,2051,1842,1822,4533,4533,1662,258828,246573,12255] v=[0,4829,3,7459,1,1,7,7,9657,8,9,798,0,8,9,1413,0,4,5,953,0,1919,1805,629,22814,27967,0,9231,1919,1055,126,7459,0] p=[2,0,2,0,4,0,1662,1,0,2,0,0,3,7459,1,3,0] sig=B05D2:698BE144BF02207C end=1
NO	0	02:30:10.830	Core 01	2026.08.14 04:00:00   [AdaptiveSurvivalEA][BRAIN_UPDATE] schema=B05T1 h=1786676400 d=[2,3557,1,1134,321,10000,17989,1450,3557] m=[2,4341,2679,2679,2957,1,0,4223,5000,5741,1877,1855,4058,4058,4341,280724,258828,21896] v=[0,4407,3,4275,1,1,6,7,8814,8,9,811,0,8,9,1693,0,4,5,1391,0,1450,1961,0,17989,29413,0,5000,1450,1299,0,4275,0] p=[2,0,2,0,2,0,4341,1,0,2,0,0,3,4275,1,3,0] sig=B05D2:2A7AF913CD368AAE end=1
FF	0	02:30:10.830	Core 01	2026.08.14 05:00:00   [AdaptiveSurvivalEA][BRAIN_UPDATE] schema=B05T1 h=1786680000 d=[2,3975,1,1881,646,10000,25599,1824,3975] m=[4,3711,-630,-630,2795,1,0,2825,4444,5278,1871,1850,3740,3740,3711,307725,280724,27000] v=[0,3939,3,4542,1,1,6,7,7877,8,9,755,0,7,8,536,0,4,4,0,220,1824,4564,0,25599,58500,0,5556,1824,430,44,4542,0] p=[2,0,2,0,4,0,3711,1,0,2,0,0,3,4542,1,3,0] sig=B05D2:FB1EB88757F7121B end=1
EQ	0	02:30:10.830	Core 01	2026.08.14 06:00:00   [AdaptiveSurvivalEA][BRAIN_UPDATE] schema=B05T1 h=1786683600 d=[2,4094,1,2821,1070,10000,14790,1010,4094] m=[2,4936,1224,1224,2190,1,0,5876,5800,6800,1459,1448,2931,2931,4936,344578,307725,36854] v=[0,3466,3,3776,1,1,5,7,6932,8,9,741,0,7,8,659,0,4,4,1004,0,1010,2211,0,14790,27047,0,4200,1010,801,0,3776,0] p=[2,0,2,0,2,0,4936,1,0,2,0,0,3,3776,1,3,0] sig=B05D2:2F8FFCB5F541764F end=1
OF	0	02:30:10.830	Core 01	2026.08.14 07:00:00   [AdaptiveSurvivalEA][BRAIN_UPDATE] schema=B05T1 h=1786687200 d=[3,4573,1,3813,1546,10000,18187,1168,4573] m=[0,6568,1633,1633,7015,1,0,5498,4643,9643,4272,4030,10000,10000,6568,381585,344578,37007] v=[0,3338,3,4731,1,1,5,7,6675,8,9,701,0,7,7,0,92,4,4,0,69,1168,997,1717,18187,11053,6455,5357,1168,234,1667,4731,0] p=[3,0,2,0,0,0,6568,1,0,2,0,0,3,4731,1,3,0] sig=B05D2:3DA6CFAB8C29AFBC end=1
OP	0	02:30:10.830	Core 01	2026.08.14 08:00:00   [AdaptiveSurvivalEA][BRAIN_UPDATE] schema=B05T1 h=1786690800 d=[3,5249,1,5075,2152,10000,33730,2123,5249] m=[0,8546,1978,1978,7845,1,0,12395,7349,9277,6462,5691,10000,10000,8546,426455,381585,44869] v=[0,3486,3,2088,1,1,5,7,6971,8,9,643,0,7,7,0,433,4,4,0,935,2123,780,10000,33730,8297,10000,2651,2123,214,4274,2088,0] p=[3,1,2,0,0,0,8546,1,0,2,0,0,3,2088,1,2,1] sig=B05D2:403B7BA3DF785C7E end=1
QD	0	02:30:10.830	Core 01	2026.08.14 09:00:00   [AdaptiveSurvivalEA][BRAIN_UPDATE] schema=B05T1 h=1786694400 d=[3,5660,1,6625,2901,10000,23499,1608,5660] m=[1,8128,-419,-419,8100,1,0,9957,6944,7361,7249,6199,10000,10000,8128,474293,426455,47839] v=[0,3565,3,2564,1,1,5,7,7130,8,8,653,0,7,7,607,0,4,3,0,522,1608,2267,0,23499,20373,1534,3056,1608,420,411,2564,0] p=[3,2,2,0,1,0,8128,1,0,2,0,0,3,2564,1,3,0] sig=B05D2:287C1A3D696F9518 end=1
CN	0	02:30:10.830	Core 01	2026.08.14 10:00:00   [AdaptiveSurvivalEA][BRAIN_UPDATE] schema=B05T1 h=1786698000 d=[3,5927,1,6575,3018,10000,39169,3108,5927] m=[1,3466,-4661,-4661,7252,1,0,1163,1053,3684,6205,5515,8989,8989,3466,515754,474293,41460] v=[0,3667,3,6167,1,1,5,7,7333,8,8,741,0,6,7,1558,0,3,4,1089,0,3108,1804,7225,39169,15025,10000,8947,3108,1129,3445,6167,0] p=[3,2,2,0,1,1,3466,1,0,2,0,0,3,6167,1,3,0] sig=B05D2:928C9EC5BA97A442 end=1
GE	0	02:30:10.830	Core 01	2026.08.14 11:00:00   [AdaptiveSurvivalEA][BRAIN_UPDATE] schema=B05T1 h=1786701600 d=[3,5553,1,5855,2857,10000,22469,2071,5553] m=[2,4334,868,868,6850,1,0,1344,1591,7727,5300,4854,8846,8846,4334,551686,515754,35932] v=[0,3705,3,6668,1,1,5,7,7411,7,8,890,0,6,8,2542,0,3,4,3109,0,2071,2786,0,22469,24254,0,8409,2071,2181,0,6668,0] p=[3,2,2,0,2,0,4334,1,0,2,0,0,3,6668,1,3,0] sig=B05D2:B06203B8FA220B1B end=1
QR	0	02:30:10.830	Core 01	2026.08.14 12:00:00   [AdaptiveSurvivalEA][BRAIN_UPDATE] schema=B05T1 h=1786705200 d=[3,6392,1,6289,3077,10000,57794,6493,6392] m=[0,7535,3201,3201,7631,1,0,16441,6074,6135,7008,6049,9214,9214,7535,590993,551686,39307] v=[0,4287,3,1377,1,1,6,7,8574,7,8,1053,0,6,8,2956,0,3,5,4338,0,6493,889,10000,57794,8373,10000,3926,6493,2783,4000,1377,0] p=[3,2,2,0,0,0,7535,1,0,2,0,0,3,1377,1,0,1] sig=B05D2:211568DFF2E1AD4A end=1
GK	0	02:30:10.830	Core 01	2026.08.14 13:00:00   [AdaptiveSurvivalEA][BRAIN_UPDATE] schema=B05T1 h=1786708800 d=[3,6513,1,6442,3190,10000,53119,6926,6513] m=[0,2512,-5023,-5023,6561,1,0,437,187,1938,4453,4180,8941,8941,2512,627780,590993,36787] v=[0,4888,0,6926,1,1,7,7,9777,7,8,1184,0,6,8,2669,0,3,5,4432,0,6926,525,10000,53119,4810,10000,9813,6926,2762,4000,3016,0] p=[3,2,2,0,0,1,2512,1,0,2,0,0,0,6926,1,0,0] sig=B05D2:8D16F0ADBAF14B22 end=1
DO	0	02:30:10.830	Core 01	2026.08.14 14:00:00   [AdaptiveSurvivalEA][BRAIN_UPDATE] schema=B05T1 h=1786712400 d=[3,6709,1,6540,3245,10000,63417,8015,6709] m=[0,7890,5378,5378,7325,1,0,17274,6327,8053,5943,5330,9321,9321,7890,661151,627780,33370] v=[0,5872,0,8015,1,1,8,7,11744,7,8,1238,0,7,8,1708,0,3,5,3008,0,8015,583,10000,63417,5255,10000,3673,8015,1985,4000,729,0] p=[3,2,2,0,0,0,7890,1,0,2,0,0,0,8015,1,0,0] sig=B05D2:BAB205A60459A9C5 end=1
MF	0	02:30:10.830	Core 01	2026.08.14 15:00:00   [AdaptiveSurvivalEA][BRAIN_UPDATE] schema=B05T1 h=1786716000 d=[3,6982,1,7430,3726,10000,61080,7991,6982] m=[0,3320,-4570,-4570,7703,1,0,473,482,3855,6049,5405,10000,10000,3320,690700,661151,29549] v=[0,5983,0,7991,1,1,8,7,11965,7,8,1277,0,7,9,1639,0,3,4,2830,0,7991,239,10000,61080,2099,10000,9518,7991,1915,4000,1912,0] p=[3,2,2,0,0,1,3320,1,0,2,0,0,0,7991,1,0,0] sig=B05D2:22DEE9CC808EB8B8 end=1
JO	0	02:30:10.830	Core 01	2026.08.14 16:00:00   [AdaptiveSurvivalEA][BRAIN_UPDATE] schema=B05T1 h=1786719600 d=[3,6750,1,6578,3506,10000,59369,7849,6750] m=[3,3852,531,531,7362,1,0,697,741,6420,5646,5114,9609,9609,3852,713787,690700,23087] v=[0,6063,0,7849,1,1,9,7,12125,7,8,1356,0,7,9,1492,0,3,4,2698,0,7849,127,10000,59369,1102,10000,9259,7849,1849,4000,1991,0] p=[3,2,2,0,3,0,3852,1,0,2,0,0,0,7849,1,0,0] sig=B05D2:6FF400C9B4245600 end=1
FE	0	02:30:10.830	Core 01	2026.08.14 17:00:00   [AdaptiveSurvivalEA][BRAIN_UPDATE] schema=B05T1 h=1786723200 d=[3,5830,1,4630,2771,10000,46011,5712,5830] m=[0,6804,2953,2953,1760,1,0,9836,7826,9304,1180,1175,2346,2346,6804,680410,713787,-33376] v=[0,6420,0,5712,1,1,9,7,12840,7,8,1322,0,8,9,989,0,4,4,1611,0,5712,35,10000,46011,325,10000,2174,5712,1307,4000,932,0] p=[3,2,2,0,0,0,6804,1,0,2,0,0,0,5712,1,0,0] sig=B05D2:8A748034B9BB7239 end=1
OR	0	02:30:10.830	Core 01	2026.08.14 18:00:00   [AdaptiveSurvivalEA][BRAIN_UPDATE] schema=B05T1 h=1786726800 d=[3,4942,1,2547,1964,10000,39725,4733,4942] m=[0,5364,-1440,-1440,-331,1,0,6941,7738,7976,-299,299,363,-363,5364,598814,680410,-81597] v=[0,6546,0,4733,1,1,9,7,13092,7,8,1240,0,8,8,649,0,4,4,763,0,4733,311,10000,39725,2952,10000,2262,4733,884,4000,1191,0] p=[3,2,2,0,0,1,5364,1,0,2,0,0,0,4733,1,0,0] sig=B05D2:A8348C51FE393E85 end=1
HF	0	02:30:10.830	Core 01	2026.08.14 19:00:00   [AdaptiveSurvivalEA][BRAIN_UPDATE] schema=B05T1 h=1786730400 d=[3,4585,1,1705,1640,10000,36095,4495,4585] m=[4,3248,-2117,-2117,-6161,1,0,320,833,5556,-3289,3175,9146,-9146,3248,528096,598814,-70717] v=[0,6527,0,4495,1,1,9,7,13053,7,8,1240,0,8,8,497,0,4,4,1108,0,4495,1151,10000,36095,11168,10000,9167,4495,949,4000,5047,0] p=[3,2,2,0,4,0,3248,1,0,2,0,0,0,4495,1,0,0] sig=B05D2:9554911E69D01356 end=1
PN	0	02:30:10.830	Core 01	2026.08.14 20:00:00   [AdaptiveSurvivalEA][BRAIN_UPDATE] schema=B05T1 h=1786734000 d=[3,4687,1,1933,1739,10000,37248,4567,4687] m=[2,5690,2443,2443,-4358,1,0,3532,7021,8723,-2676,2614,6103,-6103,5690,487713,528096,-40383] v=[0,6492,0,4567,1,1,9,7,12985,7,8,1217,0,8,8,320,0,4,4,1148,0,4567,1305,10000,37248,13901,10000,2979,4567,895,4000,1618,0] p=[3,2,2,0,2,0,5690,1,0,2,0,0,0,4567,1,0,0] sig=B05D2:4CBE37325A8544BA end=1
